ISO-10303-21;
HEADER;
FILE_DESCRIPTION(('Open CASCADE Model'),'2;1');
FILE_NAME('Open CASCADE Shape Model','2026-09-26T22:55:00',('Author'),(
    'Open CASCADE'),'Open CASCADE STEP processor 7.9','Open CASCADE 7.9'
  ,'Unknown');
FILE_SCHEMA(('AUTOMOTIVE_DESIGN { 1 0 10303 214 1 1 1 1 }'));
ENDSEC;
DATA;
#1 = APPLICATION_PROTOCOL_DEFINITION('international standard',
  'automotive_design',2000,#2);
#2 = APPLICATION_CONTEXT(
  'core data for automotive mechanical design processes');
#3 = SHAPE_DEFINITION_REPRESENTATION(#4,#10);
#4 = PRODUCT_DEFINITION_SHAPE('','',#5);
#5 = PRODUCT_DEFINITION('design','',#6,#9);
#6 = PRODUCT_DEFINITION_FORMATION('','',#7);
#7 = PRODUCT('Open CASCADE STEP translator 7.9 1',
  'Open CASCADE STEP translator 7.9 1','',(#8));
#8 = PRODUCT_CONTEXT('',#2,'mechanical');
#9 = PRODUCT_DEFINITION_CONTEXT('part definition',#2,'design');
#10 = ADVANCED_BREP_SHAPE_REPRESENTATION('',(#11,#15),#13803);
#11 = AXIS2_PLACEMENT_3D('',#12,#13,#14);
#12 = CARTESIAN_POINT('',(0.,0.,0.));
#13 = DIRECTION('',(0.,0.,1.));
#14 = DIRECTION('',(1.,0.,-0.));
#15 = MANIFOLD_SOLID_BREP('',#16);
#16 = CLOSED_SHELL('',(#17,#525,#662,#819,#1016,#1021,#1151,#1228,#1368,
    #1393,#1467,#1857,#1929,#2206,#2213,#2268,#2323,#2354,#2405,#2456,
    #2508,#2515,#2570,#2651,#2732,#2810,#2860,#4949,#5004,#5054,#5168,
    #7515,#7522,#7589,#7632,#7675,#7718,#7761,#7804,#7847,#7890,#7933,
    #7976,#8000,#8067,#8110,#8153,#8196,#8239,#8282,#8325,#8368,#8411,
    #8454,#8478,#8546,#8594,#8642,#8690,#8738,#8786,#8834,#8881,#8925,
    #8973,#9021,#9069,#9117,#9165,#9213,#9261,#9309,#9357,#9404,#9447,
    #9490,#9514,#9521,#9595,#9643,#9691,#9739,#9787,#9835,#9883,#9931,
    #9979,#10027,#10075,#10122,#10166,#10214,#10262,#10289,#10363,#10411
    ,#10458,#10502,#10550,#10598,#10646,#10694,#10742,#10790,#10838,
    #10885,#10929,#10977,#11025,#11073,#11121,#11148,#11162,#11176,
    #11201,#11462,#11877,#11978,#12059,#12149,#12224,#12299,#12389,
    #12470,#12518,#12619,#12712,#12847,#12982,#13075,#13129,#13290,
    #13383,#13458,#13533,#13626,#13719,#13773,#13784,#13793));
#17 = ADVANCED_FACE('',(#18),#33,.F.);
#18 = FACE_BOUND('',#19,.T.);
#19 = EDGE_LOOP('',(#20,#56,#116,#145,#443,#467));
#20 = ORIENTED_EDGE('',*,*,#21,.F.);
#21 = EDGE_CURVE('',#22,#24,#26,.T.);
#22 = VERTEX_POINT('',#23);
#23 = CARTESIAN_POINT('',(-39.90125617531,30.131208997188,15.0000001));
#24 = VERTEX_POINT('',#25);
#25 = CARTESIAN_POINT('',(39.901256175311,30.131208997188,15.0000001));
#26 = SURFACE_CURVE('',#27,(#32,#44),.PCURVE_S1.);
#27 = CIRCLE('',#28,50.);
#28 = AXIS2_PLACEMENT_3D('',#29,#30,#31);
#29 = CARTESIAN_POINT('',(0.,-1.224646799147E-16,15.0000001));
#30 = DIRECTION('',(0.,-1.224646799147E-16,-1.));
#31 = DIRECTION('',(-0.798025123506,0.602624179944,-7.380017730569E-17)
  );
#32 = PCURVE('',#33,#38);
#33 = CYLINDRICAL_SURFACE('',#34,50.);
#34 = AXIS2_PLACEMENT_3D('',#35,#36,#37);
#35 = CARTESIAN_POINT('',(0.,0.,16.0000001));
#36 = DIRECTION('',(0.,1.224646799147E-16,1.));
#37 = DIRECTION('',(1.110223024625E-16,-1.,1.224646799147E-16));
#38 = DEFINITIONAL_REPRESENTATION('',(#39),#43);
#39 = LINE('',#40,#41);
#40 = CARTESIAN_POINT('',(-2.217581711344,-1.));
#41 = VECTOR('',#42,1.);
#42 = DIRECTION('',(-1.,0.));
#43 = ( GEOMETRIC_REPRESENTATION_CONTEXT(2) 
PARAMETRIC_REPRESENTATION_CONTEXT() REPRESENTATION_CONTEXT('2D SPACE',''
  ) );
#44 = PCURVE('',#45,#50);
#45 = CONICAL_SURFACE('',#46,50.,0.785398163397);
#46 = AXIS2_PLACEMENT_3D('',#47,#48,#49);
#47 = CARTESIAN_POINT('',(0.,-1.224646799147E-16,15.0000001));
#48 = DIRECTION('',(0.,1.224646799147E-16,1.));
#49 = DIRECTION('',(-0.798025123506,0.602624179944,-7.380017730569E-17)
  );
#50 = DEFINITIONAL_REPRESENTATION('',(#51),#55);
#51 = LINE('',#52,#53);
#52 = CARTESIAN_POINT('',(-0.,0.));
#53 = VECTOR('',#54,1.);
#54 = DIRECTION('',(-1.,0.));
#55 = ( GEOMETRIC_REPRESENTATION_CONTEXT(2) 
PARAMETRIC_REPRESENTATION_CONTEXT() REPRESENTATION_CONTEXT('2D SPACE',''
  ) );
#56 = ORIENTED_EDGE('',*,*,#57,.F.);
#57 = EDGE_CURVE('',#58,#22,#60,.T.);
#58 = VERTEX_POINT('',#59);
#59 = CARTESIAN_POINT('',(-39.90125617531,30.131208997188,0.732050907569
    ));
#60 = SURFACE_CURVE('',#61,(#67,#73),.PCURVE_S1.);
#61 = B_SPLINE_CURVE_WITH_KNOTS('',2,(#62,#63,#64,#65,#66),
  .UNSPECIFIED.,.F.,.F.,(3,1,1,3),(-0.9792,-2.477098387521E-14,16.,
    16.9792),.UNSPECIFIED.);
#62 = CARTESIAN_POINT('',(-39.90125617531,30.131208997188,-0.9791999));
#63 = CARTESIAN_POINT('',(-39.90125617531,30.131208997188,-0.4895999));
#64 = CARTESIAN_POINT('',(-39.90125617531,30.131208997188,8.0000001));
#65 = CARTESIAN_POINT('',(-39.90125617531,30.131208997188,16.4896001));
#66 = CARTESIAN_POINT('',(-39.90125617531,30.131208997188,16.9792001));
#67 = PCURVE('',#33,#68);
#68 = DEFINITIONAL_REPRESENTATION('',(#69),#72);
#69 = B_SPLINE_CURVE_WITH_KNOTS('',1,(#70,#71),.UNSPECIFIED.,.F.,.F.,(2,
    2),(-2.477098387521E-14,16.),.PIECEWISE_BEZIER_KNOTS.);
#70 = CARTESIAN_POINT('',(-2.217581711344,-16.));
#71 = CARTESIAN_POINT('',(-2.217581711344,1.387778780781E-15));
#72 = ( GEOMETRIC_REPRESENTATION_CONTEXT(2) 
PARAMETRIC_REPRESENTATION_CONTEXT() REPRESENTATION_CONTEXT('2D SPACE',''
  ) );
#73 = PCURVE('',#74,#110);
#74 = ( BOUNDED_SURFACE() B_SPLINE_SURFACE(6,2,(
    (#75,#76,#77,#78,#79)
    ,(#80,#81,#82,#83,#84)
    ,(#85,#86,#87,#88,#89)
    ,(#90,#91,#92,#93,#94)
    ,(#95,#96,#97,#98,#99)
    ,(#100,#101,#102,#103,#104)
    ,(#105,#106,#107,#108,#109
)),.UNSPECIFIED.,.F.,.F.,.F.) B_SPLINE_SURFACE_WITH_KNOTS((7,7),(3,1,1,3
    ),(0.,16.),(-0.9792,-2.477098387521E-14,16.,16.9792),.UNSPECIFIED.) 
GEOMETRIC_REPRESENTATION_ITEM() RATIONAL_B_SPLINE_SURFACE((
    (1.125035065809,1.125035065809,1.125035065809,1.125035065809
      ,1.125035065809)
    ,(1.034702535711,1.034702535711,1.034702535711,1.034702535711
      ,1.034702535711)
    ,(0.9926417659,0.9926417659,0.9926417659,0.9926417659,0.9926417659)
    ,(0.977712323143,0.977712323143,0.977712323143,0.977712323143
      ,0.977712323143)
    ,(0.9926417659,0.9926417659,0.9926417659,0.9926417659,0.9926417659)
    ,(1.034702535711,1.034702535711,1.034702535711,1.034702535711
      ,1.034702535711)
    ,(1.125035065809,1.125035065809,1.125035065809,1.125035065809
,1.125035065809))) REPRESENTATION_ITEM('') SURFACE() );
#75 = CARTESIAN_POINT('',(-39.90125617531,30.131208997188,-0.9791999));
#76 = CARTESIAN_POINT('',(-39.90125617531,30.131208997188,-0.4895999));
#77 = CARTESIAN_POINT('',(-39.90125617531,30.131208997188,8.0000001));
#78 = CARTESIAN_POINT('',(-39.90125617531,30.131208997188,16.4896001));
#79 = CARTESIAN_POINT('',(-39.90125617531,30.131208997188,16.9792001));
#80 = CARTESIAN_POINT('',(-40.4019148096,29.46821175651,-0.9791999));
#81 = CARTESIAN_POINT('',(-40.4019148096,29.46821175651,-0.4895999));
#82 = CARTESIAN_POINT('',(-40.4019148096,29.46821175651,8.0000001));
#83 = CARTESIAN_POINT('',(-40.4019148096,29.46821175651,16.4896001));
#84 = CARTESIAN_POINT('',(-40.4019148096,29.46821175651,16.9792001));
#85 = CARTESIAN_POINT('',(-40.42251727624,28.562500938136,-0.9791999));
#86 = CARTESIAN_POINT('',(-40.42251727624,28.562500938136,-0.4895999));
#87 = CARTESIAN_POINT('',(-40.42251727624,28.562500938136,8.0000001));
#88 = CARTESIAN_POINT('',(-40.42251727624,28.562500938136,16.4896001));
#89 = CARTESIAN_POINT('',(-40.42251727624,28.562500938136,16.9792001));
#90 = CARTESIAN_POINT('',(-39.9056578185,27.768722534776,-0.9791999));
#91 = CARTESIAN_POINT('',(-39.9056578185,27.768722534776,-0.4895999));
#92 = CARTESIAN_POINT('',(-39.9056578185,27.768722534776,8.0000001));
#93 = CARTESIAN_POINT('',(-39.9056578185,27.768722534776,16.4896001));
#94 = CARTESIAN_POINT('',(-39.9056578185,27.768722534776,16.9792001));
#95 = CARTESIAN_POINT('',(-39.0275815377,27.413462210799,-0.9791999));
#96 = CARTESIAN_POINT('',(-39.0275815377,27.413462210799,-0.4895999));
#97 = CARTESIAN_POINT('',(-39.0275815377,27.413462210799,8.0000001));
#98 = CARTESIAN_POINT('',(-39.0275815377,27.413462210799,16.4896001));
#99 = CARTESIAN_POINT('',(-39.0275815377,27.413462210799,16.9792001));
#100 = CARTESIAN_POINT('',(-38.14258391359,27.607152049122,-0.9791999));
#101 = CARTESIAN_POINT('',(-38.14258391359,27.607152049122,-0.4895999));
#102 = CARTESIAN_POINT('',(-38.14258391359,27.607152049122,8.0000001));
#103 = CARTESIAN_POINT('',(-38.14258391359,27.607152049122,16.4896001));
#104 = CARTESIAN_POINT('',(-38.14258391359,27.607152049122,16.9792001));
#105 = CARTESIAN_POINT('',(-37.58775064899,28.225524475525,-0.9791999));
#106 = CARTESIAN_POINT('',(-37.58775064899,28.225524475525,-0.4895999));
#107 = CARTESIAN_POINT('',(-37.58775064899,28.225524475525,8.0000001));
#108 = CARTESIAN_POINT('',(-37.58775064899,28.225524475525,16.4896001));
#109 = CARTESIAN_POINT('',(-37.58775064899,28.225524475525,16.9792001));
#110 = DEFINITIONAL_REPRESENTATION('',(#111),#115);
#111 = LINE('',#112,#113);
#112 = CARTESIAN_POINT('',(0.,0.));
#113 = VECTOR('',#114,1.);
#114 = DIRECTION('',(0.,1.));
#115 = ( GEOMETRIC_REPRESENTATION_CONTEXT(2) 
PARAMETRIC_REPRESENTATION_CONTEXT() REPRESENTATION_CONTEXT('2D SPACE',''
  ) );
#116 = ORIENTED_EDGE('',*,*,#117,.T.);
#117 = EDGE_CURVE('',#58,#118,#120,.T.);
#118 = VERTEX_POINT('',#119);
#119 = CARTESIAN_POINT('',(-1.454045466706,49.978853045871,
    0.732050907569));
#120 = SURFACE_CURVE('',#121,(#126,#133),.PCURVE_S1.);
#121 = CIRCLE('',#122,50.);
#122 = AXIS2_PLACEMENT_3D('',#123,#124,#125);
#123 = CARTESIAN_POINT('',(0.,-1.869784510806E-15,0.732050907569));
#124 = DIRECTION('',(0.,-1.224646799147E-16,-1.));
#125 = DIRECTION('',(-0.798025123506,0.602624179944,-7.380017730569E-17)
  );
#126 = PCURVE('',#33,#127);
#127 = DEFINITIONAL_REPRESENTATION('',(#128),#132);
#128 = LINE('',#129,#130);
#129 = CARTESIAN_POINT('',(-2.217581711344,-15.26794919243));
#130 = VECTOR('',#131,1.);
#131 = DIRECTION('',(-1.,0.));
#132 = ( GEOMETRIC_REPRESENTATION_CONTEXT(2) 
PARAMETRIC_REPRESENTATION_CONTEXT() REPRESENTATION_CONTEXT('2D SPACE',''
  ) );
#133 = PCURVE('',#134,#139);
#134 = CONICAL_SURFACE('',#135,50.,1.047197551197);
#135 = AXIS2_PLACEMENT_3D('',#136,#137,#138);
#136 = CARTESIAN_POINT('',(0.,-1.869784510806E-15,0.732050907569));
#137 = DIRECTION('',(0.,-1.224646799147E-16,-1.));
#138 = DIRECTION('',(-0.798025123506,0.602624179944,-7.380017730569E-17)
  );
#139 = DEFINITIONAL_REPRESENTATION('',(#140),#144);
#140 = LINE('',#141,#142);
#141 = CARTESIAN_POINT('',(0.,0.));
#142 = VECTOR('',#143,1.);
#143 = DIRECTION('',(1.,0.));
#144 = ( GEOMETRIC_REPRESENTATION_CONTEXT(2) 
PARAMETRIC_REPRESENTATION_CONTEXT() REPRESENTATION_CONTEXT('2D SPACE',''
  ) );
#145 = ORIENTED_EDGE('',*,*,#146,.F.);
#146 = EDGE_CURVE('',#147,#118,#149,.T.);
#147 = VERTEX_POINT('',#148);
#148 = CARTESIAN_POINT('',(1.454045466706,49.978853045871,0.732050907569
    ));
#149 = SURFACE_CURVE('',#150,(#244,#341),.PCURVE_S1.);
#150 = B_SPLINE_CURVE_WITH_KNOTS('',8,(#151,#152,#153,#154,#155,#156,
    #157,#158,#159,#160,#161,#162,#163,#164,#165,#166,#167,#168,#169,
    #170,#171,#172,#173,#174,#175,#176,#177,#178,#179,#180,#181,#182,
    #183,#184,#185,#186,#187,#188,#189,#190,#191,#192,#193,#194,#195,
    #196,#197,#198,#199,#200,#201,#202,#203,#204,#205,#206,#207,#208,
    #209,#210,#211,#212,#213,#214,#215,#216,#217,#218,#219,#220,#221,
    #222,#223,#224,#225,#226,#227,#228,#229,#230,#231,#232,#233,#234,
    #235,#236,#237,#238,#239,#240,#241,#242,#243),.UNSPECIFIED.,.F.,.F.,
  (9,7,7,7,7,7,7,7,7,7,7,7,7,9),(0.,0.14853685103,0.302438420942,
    0.420018021198,0.45680598308,0.481331366309,0.500131589162,
    0.52588166242,0.539596416804,0.568965297418,0.620126027681,
    0.686147319956,0.779250744421,1.),.UNSPECIFIED.);
#151 = CARTESIAN_POINT('',(1.454045517531,49.978853044392,0.732050307569
    ));
#152 = CARTESIAN_POINT('',(1.444545420338,49.979129432762,0.844203023767
    ));
#153 = CARTESIAN_POINT('',(1.43319239705,49.979457659344,0.956240371064)
  );
#154 = CARTESIAN_POINT('',(1.419910508978,49.979838540569,1.068140646282
    ));
#155 = CARTESIAN_POINT('',(1.404600098257,49.980273061679,1.1798722508)
  );
#156 = CARTESIAN_POINT('',(1.387137909399,49.980762328357,1.291393755386
    ));
#157 = CARTESIAN_POINT('',(1.367372307875,49.981307495476,1.40265341161)
  );
#158 = CARTESIAN_POINT('',(1.345113595738,49.98190967299,1.513588109827)
  );
#159 = CARTESIAN_POINT('',(1.294222536044,49.983253787082,1.738647612359
    ));
#160 = CARTESIAN_POINT('',(1.26540249563,49.983999640044,1.852684873422)
  );
#161 = CARTESIAN_POINT('',(1.233379593704,49.98480860515,1.966200324627)
  );
#162 = CARTESIAN_POINT('',(1.197826565133,49.985681607144,2.079095060028
    ));
#163 = CARTESIAN_POINT('',(1.158329017116,49.986618742473,2.191193179002
    ));
#164 = CARTESIAN_POINT('',(1.114389709468,49.987618872333,2.302243270692
    ));
#165 = CARTESIAN_POINT('',(1.065372531473,49.988678894058,2.411905573622
    ));
#166 = CARTESIAN_POINT('',(0.968193297993,49.990642863657,2.602049992036
    ));
#167 = CARTESIAN_POINT('',(0.922705782509,49.991521620638,2.683022191248
    ));
#168 = CARTESIAN_POINT('',(0.873289559177,49.992427942511,2.762673872504
    ));
#169 = CARTESIAN_POINT('',(0.819335536795,49.993357988701,2.840748133217
    ));
#170 = CARTESIAN_POINT('',(0.760229092019,49.994304111277,2.916725031813
    ));
#171 = CARTESIAN_POINT('',(0.695152648819,49.995251541863,2.98968960578)
  );
#172 = CARTESIAN_POINT('',(0.6233211833,49.996178921259,3.058472694824)
  );
#173 = CARTESIAN_POINT('',(0.518002049838,49.997322967456,3.140763077557
    ));
#174 = CARTESIAN_POINT('',(0.492110393615,49.997589810998,3.159753794093
    ));
#175 = CARTESIAN_POINT('',(0.465389222384,49.997849687219,3.178060655405
    ));
#176 = CARTESIAN_POINT('',(0.437807982519,49.998101131764,3.195602996995
    ));
#177 = CARTESIAN_POINT('',(0.409344579695,49.998342418422,3.212285337527
    ));
#178 = CARTESIAN_POINT('',(0.379987501783,49.998571593084,3.227999610701
    ));
#179 = CARTESIAN_POINT('',(0.349737941738,49.998786507681,3.242627397117
    ));
#180 = CARTESIAN_POINT('',(0.29786117594,49.999117085512,3.264985356292)
  );
#181 = CARTESIAN_POINT('',(0.276723490525,49.999241937989,3.273388334947
    ));
#182 = CARTESIAN_POINT('',(0.255207609041,49.999358719602,3.281212787616
    ));
#183 = CARTESIAN_POINT('',(0.233327510842,49.999466700799,3.288418346972
    ));
#184 = CARTESIAN_POINT('',(0.211103210378,49.999565145334,3.294964274601
    ));
#185 = CARTESIAN_POINT('',(0.188561557731,49.999653341165,3.300811152741
    ));
#186 = CARTESIAN_POINT('',(0.165737039149,49.99973063135,3.305922576026)
  );
#187 = CARTESIAN_POINT('',(0.124992241529,49.999846895129,3.313596992672
    ));
#188 = CARTESIAN_POINT('',(0.107169957328,49.999890605315,3.316476582176
    ));
#189 = CARTESIAN_POINT('',(8.922628035514E-02,49.999927315936,
    3.318891175349));
#190 = CARTESIAN_POINT('',(7.118312672767E-02,49.999956808054,
    3.320828610088));
#191 = CARTESIAN_POINT('',(5.30638122644E-02,49.999978909479,
    3.322279330391));
#192 = CARTESIAN_POINT('',(3.489309144213E-02,49.9999935009,
    3.323236718184));
#193 = CARTESIAN_POINT('',(1.669719635287E-02,50.000000522006,
    3.323697425139));
#194 = CARTESIAN_POINT('',(-2.641494281677E-02,49.999999231983,
    3.323612779058));
#195 = CARTESIAN_POINT('',(-5.133426199254E-02,49.999984293161,
    3.322632503954));
#196 = CARTESIAN_POINT('',(-7.618043112631E-02,49.999955162499,
    3.320721049985));
#197 = CARTESIAN_POINT('',(-0.100886890342,49.999912076209,
    3.317891523355));
#198 = CARTESIAN_POINT('',(-0.125393819972,49.999855468754,
    3.314167989378));
#199 = CARTESIAN_POINT('',(-0.1496477899,49.999785936237,3.309583496175)
  );
#200 = CARTESIAN_POINT('',(-0.173601408902,49.99970419978,3.304178098378
    ));
#201 = CARTESIAN_POINT('',(-0.209788736892,49.999561466458,
    3.294704700663));
#202 = CARTESIAN_POINT('',(-0.222268707631,49.999508625043,3.29119202821
    ));
#203 = CARTESIAN_POINT('',(-0.234647521205,49.999452665927,
    3.287465581204));
#204 = CARTESIAN_POINT('',(-0.246920474516,49.999393711582,
    3.283532142092));
#205 = CARTESIAN_POINT('',(-0.259083526384,49.999331885692,
    3.279398558032));
#206 = CARTESIAN_POINT('',(-0.271133297544,49.999267313159,
    3.275071740897));
#207 = CARTESIAN_POINT('',(-0.283067070643,49.999200120098,
    3.270558667274));
#208 = CARTESIAN_POINT('',(-0.320185063153,49.998981207147,
    3.255818275075));
#209 = CARTESIAN_POINT('',(-0.344943241935,49.998820552409,
    3.244948838164));
#210 = CARTESIAN_POINT('',(-0.369140448924,49.998649680019,3.23332468349
    ));
#211 = CARTESIAN_POINT('',(-0.392768313776,49.998469754296,
    3.221010062058));
#212 = CARTESIAN_POINT('',(-0.415825902467,49.99828187245,3.208065598519
    ));
#213 = CARTESIAN_POINT('',(-0.438318646296,49.998087043562,
    3.194547029583));
#214 = CARTESIAN_POINT('',(-0.46025727088,49.997886167555,3.180503942427
    ));
#215 = CARTESIAN_POINT('',(-0.518934676704,49.997320893983,
    3.140675145854));
#216 = CARTESIAN_POINT('',(-0.554558427773,49.996945943077,
    3.113920832834));
#217 = CARTESIAN_POINT('',(-0.588621133041,49.996559191514,
    3.085935039227));
#218 = CARTESIAN_POINT('',(-0.621209525019,49.996163995907,
    3.056902402247));
#219 = CARTESIAN_POINT('',(-0.652408187595,49.995763099922,
    3.026976135683));
#220 = CARTESIAN_POINT('',(-0.682302017206,49.995358690689,2.99628002305
    ));
#221 = CARTESIAN_POINT('',(-0.710976871627,49.994952451119,2.96490899934
    ));
#222 = CARTESIAN_POINT('',(-0.774059879439,49.994020590217,
    2.891658275455));
#223 = CARTESIAN_POINT('',(-0.80769222782,49.993494894888,2.84939873305)
  );
#224 = CARTESIAN_POINT('',(-0.839588193037,49.992971382282,
    2.806309772556));
#225 = CARTESIAN_POINT('',(-0.869887103164,49.99245225998,2.762520384213
    ));
#226 = CARTESIAN_POINT('',(-0.898707491794,49.99193921786,2.718134243541
    ));
#227 = CARTESIAN_POINT('',(-0.926155309286,49.991433532662,
    2.673233431681));
#228 = CARTESIAN_POINT('',(-0.952327726313,49.990936142272,
    2.627880102658));
#229 = CARTESIAN_POINT('',(-1.012546174404,49.989758872482,
    2.517579560233));
#230 = CARTESIAN_POINT('',(-1.045405041024,49.989088096436,
    2.452251244466));
#231 = CARTESIAN_POINT('',(-1.076129283955,49.988437335399,
    2.386267727629));
#232 = CARTESIAN_POINT('',(-1.104907645953,49.987807930745,
    2.319737953074));
#233 = CARTESIAN_POINT('',(-1.131895766675,49.987200750455,2.25274850778
    ));
#234 = CARTESIAN_POINT('',(-1.157228228059,49.98661631279,2.185367049666
    ));
#235 = CARTESIAN_POINT('',(-1.181024336531,49.986054874573,
    2.117643884561));
#236 = CARTESIAN_POINT('',(-1.256411288307,49.984239954322,
    1.888306609079));
#237 = CARTESIAN_POINT('',(-1.301348296565,49.98309381854,1.725368238446
    ));
#238 = CARTESIAN_POINT('',(-1.339591776038,49.982078673909,
    1.561264893226));
#239 = CARTESIAN_POINT('',(-1.372000828695,49.981191947141,1.39633066797
    ));
#240 = CARTESIAN_POINT('',(-1.399217632118,49.980429815642,
    1.230811986094));
#241 = CARTESIAN_POINT('',(-1.42174510664,49.979788233901,1.064877751228
    ));
#242 = CARTESIAN_POINT('',(-1.439936161851,49.979263530911,0.89861729433
    ));
#243 = CARTESIAN_POINT('',(-1.454045517531,49.978853044392,
    0.732050307569));
#244 = PCURVE('',#33,#245);
#245 = DEFINITIONAL_REPRESENTATION('',(#246),#340);
#246 = B_SPLINE_CURVE_WITH_KNOTS('',8,(#247,#248,#249,#250,#251,#252,
    #253,#254,#255,#256,#257,#258,#259,#260,#261,#262,#263,#264,#265,
    #266,#267,#268,#269,#270,#271,#272,#273,#274,#275,#276,#277,#278,
    #279,#280,#281,#282,#283,#284,#285,#286,#287,#288,#289,#290,#291,
    #292,#293,#294,#295,#296,#297,#298,#299,#300,#301,#302,#303,#304,
    #305,#306,#307,#308,#309,#310,#311,#312,#313,#314,#315,#316,#317,
    #318,#319,#320,#321,#322,#323,#324,#325,#326,#327,#328,#329,#330,
    #331,#332,#333,#334,#335,#336,#337,#338,#339),.UNSPECIFIED.,.F.,.F.,
  (9,7,7,7,7,7,7,7,7,7,7,7,7,9),(0.,0.14853685103,0.302438420942,
    0.420018021198,0.45680598308,0.481331366309,0.500131589162,
    0.52588166242,0.539596416804,0.568965297418,0.620126027681,
    0.686147319956,0.779250744421,1.),.UNSPECIFIED.);
#247 = CARTESIAN_POINT('',(-3.170677664452,-15.26794979243));
#248 = CARTESIAN_POINT('',(-3.170487582115,-15.15579707623));
#249 = CARTESIAN_POINT('',(-3.170260426778,-15.04375972893));
#250 = CARTESIAN_POINT('',(-3.16999467983,-14.93185945371));
#251 = CARTESIAN_POINT('',(-3.169688348348,-14.8201278492));
#252 = CARTESIAN_POINT('',(-3.169338967563,-14.70860634461));
#253 = CARTESIAN_POINT('',(-3.168943505279,-14.59734668839));
#254 = CARTESIAN_POINT('',(-3.168498168246,-14.48641199017));
#255 = CARTESIAN_POINT('',(-3.167479992112,-14.26135248764));
#256 = CARTESIAN_POINT('',(-3.166903398397,-14.14731522657));
#257 = CARTESIAN_POINT('',(-3.166262736224,-14.03379977537));
#258 = CARTESIAN_POINT('',(-3.165551461733,-13.92090503997));
#259 = CARTESIAN_POINT('',(-3.164761289065,-13.80880692099));
#260 = CARTESIAN_POINT('',(-3.163882276134,-13.6977568293));
#261 = CARTESIAN_POINT('',(-3.162901704343,-13.58809452637));
#262 = CARTESIAN_POINT('',(-3.160957722801,-13.39795010796));
#263 = CARTESIAN_POINT('',(-3.160047803098,-13.31697790875));
#264 = CARTESIAN_POINT('',(-3.159059313267,-13.23732622749));
#265 = CARTESIAN_POINT('',(-3.15798007385,-13.15925196678));
#266 = CARTESIAN_POINT('',(-3.156797795712,-13.08327506818));
#267 = CARTESIAN_POINT('',(-3.155496131538,-13.01031049422));
#268 = CARTESIAN_POINT('',(-3.154059385512,-12.94152740517));
#269 = CARTESIAN_POINT('',(-3.151952878572,-12.85923702244));
#270 = CARTESIAN_POINT('',(-3.151435018027,-12.8402463059));
#271 = CARTESIAN_POINT('',(-3.150900569482,-12.82193944459));
#272 = CARTESIAN_POINT('',(-3.150348921975,-12.804397103));
#273 = CARTESIAN_POINT('',(-3.149779633709,-12.78771476247));
#274 = CARTESIAN_POINT('',(-3.149192474496,-12.77200048929));
#275 = CARTESIAN_POINT('',(-3.148587468189,-12.75737270288));
#276 = CARTESIAN_POINT('',(-3.147549911808,-12.7350147437));
#277 = CARTESIAN_POINT('',(-3.14712715077,-12.72661176505));
#278 = CARTESIAN_POINT('',(-3.146696826886,-12.71878731238));
#279 = CARTESIAN_POINT('',(-3.146259219702,-12.71158175302));
#280 = CARTESIAN_POINT('',(-3.145814729448,-12.70503582539));
#281 = CARTESIAN_POINT('',(-3.145363893046,-12.69918894725));
#282 = CARTESIAN_POINT('',(-3.144907400123,-12.69407752397));
#283 = CARTESIAN_POINT('',(-3.144092500853,-12.68640310732));
#284 = CARTESIAN_POINT('',(-3.143736054126,-12.68352351782));
#285 = CARTESIAN_POINT('',(-3.143377179885,-12.68110892465));
#286 = CARTESIAN_POINT('',(-3.143016316392,-12.67917148991));
#287 = CARTESIAN_POINT('',(-3.142653929895,-12.6777207696));
#288 = CARTESIAN_POINT('',(-3.142290515414,-12.67676338181));
#289 = CARTESIAN_POINT('',(-3.141926597517,-12.67630267486));
#290 = CARTESIAN_POINT('',(-3.141064354733,-12.67638732094));
#291 = CARTESIAN_POINT('',(-3.140565968342,-12.67736759604));
#292 = CARTESIAN_POINT('',(-3.140069044752,-12.67927905001));
#293 = CARTESIAN_POINT('',(-3.139574914976,-12.68210857664));
#294 = CARTESIAN_POINT('',(-3.13908477523,-12.68583211062));
#295 = CARTESIAN_POINT('',(-3.13859969396,-12.69041660382));
#296 = CARTESIAN_POINT('',(-3.138120618858,-12.69582200162));
#297 = CARTESIAN_POINT('',(-3.137396866669,-12.70529539933));
#298 = CARTESIAN_POINT('',(-3.137147265027,-12.70880807179));
#299 = CARTESIAN_POINT('',(-3.136899686243,-12.71253451879));
#300 = CARTESIAN_POINT('',(-3.136654224364,-12.7164679579));
#301 = CARTESIAN_POINT('',(-3.136410960202,-12.72060154196));
#302 = CARTESIAN_POINT('',(-3.136169961334,-12.7249283591));
#303 = CARTESIAN_POINT('',(-3.135931282097,-12.72944143272));
#304 = CARTESIAN_POINT('',(-3.135188909336,-12.74418182492));
#305 = CARTESIAN_POINT('',(-3.134693735423,-12.75505126183));
#306 = CARTESIAN_POINT('',(-3.134209779346,-12.76667541651));
#307 = CARTESIAN_POINT('',(-3.133737208488,-12.77899003794));
#308 = CARTESIAN_POINT('',(-3.133276041531,-12.79193450148));
#309 = CARTESIAN_POINT('',(-3.132826169872,-12.80545307041));
#310 = CARTESIAN_POINT('',(-3.132387379037,-12.81949615757));
#311 = CARTESIAN_POINT('',(-3.131213776466,-12.85932495414));
#312 = CARTESIAN_POINT('',(-3.130501262264,-12.88607926716));
#313 = CARTESIAN_POINT('',(-3.129819964625,-12.91406506077));
#314 = CARTESIAN_POINT('',(-3.129168149228,-12.94309769775));
#315 = CARTESIAN_POINT('',(-3.128544124764,-12.97302396431));
#316 = CARTESIAN_POINT('',(-3.127946193673,-13.00372007695));
#317 = CARTESIAN_POINT('',(-3.12737263914,-13.03509110066));
#318 = CARTESIAN_POINT('',(-3.126110841337,-13.10834182454));
#319 = CARTESIAN_POINT('',(-3.125438112452,-13.15060136695));
#320 = CARTESIAN_POINT('',(-3.124800107542,-13.19369032744));
#321 = CARTESIAN_POINT('',(-3.124194040694,-13.23747971578));
#322 = CARTESIAN_POINT('',(-3.123617541834,-13.28186585645));
#323 = CARTESIAN_POINT('',(-3.123068492487,-13.32676666831));
#324 = CARTESIAN_POINT('',(-3.122544949706,-13.37211999734));
#325 = CARTESIAN_POINT('',(-3.12134035061,-13.48242053976));
#326 = CARTESIAN_POINT('',(-3.120683036604,-13.54774885553));
#327 = CARTESIAN_POINT('',(-3.120068414212,-13.61373237237));
#328 = CARTESIAN_POINT('',(-3.11949270958,-13.68026214692));
#329 = CARTESIAN_POINT('',(-3.118952810765,-13.74725159222));
#330 = CARTESIAN_POINT('',(-3.118446026844,-13.81463305033));
#331 = CARTESIAN_POINT('',(-3.117969972283,-13.88235621543));
#332 = CARTESIAN_POINT('',(-3.116461796373,-14.11169349092));
#333 = CARTESIAN_POINT('',(-3.115562764841,-14.27463186155));
#334 = CARTESIAN_POINT('',(-3.114797626381,-14.43873520677));
#335 = CARTESIAN_POINT('',(-3.114149203054,-14.60366943203));
#336 = CARTESIAN_POINT('',(-3.113604653791,-14.7691881139));
#337 = CARTESIAN_POINT('',(-3.11315392164,-14.93512234877));
#338 = CARTESIAN_POINT('',(-3.112789949239,-15.10138280567));
#339 = CARTESIAN_POINT('',(-3.112507642727,-15.26794979243));
#340 = ( GEOMETRIC_REPRESENTATION_CONTEXT(2) 
PARAMETRIC_REPRESENTATION_CONTEXT() REPRESENTATION_CONTEXT('2D SPACE',''
  ) );
#341 = PCURVE('',#342,#347);
#342 = TOROIDAL_SURFACE('',#343,7.3025,2.0875);
#343 = AXIS2_PLACEMENT_3D('',#344,#345,#346);
#344 = CARTESIAN_POINT('',(-9.760325880848E-15,41.2066,
    3.000010000002E-02));
#345 = DIRECTION('',(-1.,-2.22044604925E-16,2.719262146894E-32));
#346 = DIRECTION('',(2.160522848945E-31,-8.505483098286E-16,1.));
#347 = DEFINITIONAL_REPRESENTATION('',(#348),#442);
#348 = B_SPLINE_CURVE_WITH_KNOTS('',8,(#349,#350,#351,#352,#353,#354,
    #355,#356,#357,#358,#359,#360,#361,#362,#363,#364,#365,#366,#367,
    #368,#369,#370,#371,#372,#373,#374,#375,#376,#377,#378,#379,#380,
    #381,#382,#383,#384,#385,#386,#387,#388,#389,#390,#391,#392,#393,
    #394,#395,#396,#397,#398,#399,#400,#401,#402,#403,#404,#405,#406,
    #407,#408,#409,#410,#411,#412,#413,#414,#415,#416,#417,#418,#419,
    #420,#421,#422,#423,#424,#425,#426,#427,#428,#429,#430,#431,#432,
    #433,#434,#435,#436,#437,#438,#439,#440,#441),.UNSPECIFIED.,.F.,.F.,
  (9,7,7,7,7,7,7,7,7,7,7,7,7,9),(0.,0.14853685103,0.302438420942,
    0.420018021198,0.45680598308,0.481331366309,0.500131589162,
    0.52588166242,0.539596416804,0.568965297418,0.620126027681,
    0.686147319956,0.779250744421,1.),.UNSPECIFIED.);
#349 = CARTESIAN_POINT('',(1.490935762099,5.512609152139));
#350 = CARTESIAN_POINT('',(1.478234694463,5.518951848594));
#351 = CARTESIAN_POINT('',(1.465577588643,5.526486984935));
#352 = CARTESIAN_POINT('',(1.452973215471,5.535236387815));
#353 = CARTESIAN_POINT('',(1.440431259031,5.545229471429));
#354 = CARTESIAN_POINT('',(1.427962225576,5.556503029264));
#355 = CARTESIAN_POINT('',(1.415577393586,5.569103405372));
#356 = CARTESIAN_POINT('',(1.403288804998,5.583091045157));
#357 = CARTESIAN_POINT('',(1.37848990178,5.614562045713));
#358 = CARTESIAN_POINT('',(1.365994007041,5.632145132478));
#359 = CARTESIAN_POINT('',(1.353630100061,5.651393457973));
#360 = CARTESIAN_POINT('',(1.341413359537,5.672420739026));
#361 = CARTESIAN_POINT('',(1.329366424427,5.695375134394));
#362 = CARTESIAN_POINT('',(1.317518722506,5.720436774972));
#363 = CARTESIAN_POINT('',(1.305907112559,5.747844688954));
#364 = CARTESIAN_POINT('',(1.285927221152,5.801042804073));
#365 = CARTESIAN_POINT('',(1.277470564722,5.825608126477));
#366 = CARTESIAN_POINT('',(1.269202988606,5.851929780216));
#367 = CARTESIAN_POINT('',(1.261149979512,5.880265461153));
#368 = CARTESIAN_POINT('',(1.25336322915,5.910864066374));
#369 = CARTESIAN_POINT('',(1.245932127582,5.944064295096));
#370 = CARTESIAN_POINT('',(1.238968012899,5.980189578496));
#371 = CARTESIAN_POINT('',(1.230677606343,6.03244123168));
#372 = CARTESIAN_POINT('',(1.228767747007,6.045239023799));
#373 = CARTESIAN_POINT('',(1.226929811607,6.058398930845));
#374 = CARTESIAN_POINT('',(1.225171511817,6.071934560723));
#375 = CARTESIAN_POINT('',(1.223501987159,6.08585573715));
#376 = CARTESIAN_POINT('',(1.221931583929,6.100167734474));
#377 = CARTESIAN_POINT('',(1.220471634128,6.114870512484));
#378 = CARTESIAN_POINT('',(1.218242631821,6.140016274595));
#379 = CARTESIAN_POINT('',(1.21740560656,6.150244305003));
#380 = CARTESIAN_POINT('',(1.216626828176,6.160638283987));
#381 = CARTESIAN_POINT('',(1.215910163953,6.171192177832));
#382 = CARTESIAN_POINT('',(1.215259517092,6.181897306973));
#383 = CARTESIAN_POINT('',(1.214678664914,6.192741975404));
#384 = CARTESIAN_POINT('',(1.214171097066,6.203711100088));
#385 = CARTESIAN_POINT('',(1.213409279044,6.223275313634));
#386 = CARTESIAN_POINT('',(1.213123531049,6.231827303915));
#387 = CARTESIAN_POINT('',(1.21288399472,6.240432724336));
#388 = CARTESIAN_POINT('',(1.212691836566,6.249081932282));
#389 = CARTESIAN_POINT('',(1.212547972966,6.257764687929));
#390 = CARTESIAN_POINT('',(1.212453038504,6.266470112756));
#391 = CARTESIAN_POINT('',(1.21240735431,6.275186648067));
#392 = CARTESIAN_POINT('',(1.212415747873,6.295839175129));
#393 = CARTESIAN_POINT('',(1.212512953495,6.307776683928));
#394 = CARTESIAN_POINT('',(1.21270249488,6.319681880227));
#395 = CARTESIAN_POINT('',(1.21298311521,6.331525446527));
#396 = CARTESIAN_POINT('',(1.213352507662,6.343281151256));
#397 = CARTESIAN_POINT('',(1.213807503843,6.354925592507));
#398 = CARTESIAN_POINT('',(1.214344262214,6.366437941785));
#399 = CARTESIAN_POINT('',(1.215285582751,6.38385107073));
#400 = CARTESIAN_POINT('',(1.215634715993,6.389860331672));
#401 = CARTESIAN_POINT('',(1.21600521238,6.395825128017));
#402 = CARTESIAN_POINT('',(1.216396421915,6.401743409311));
#403 = CARTESIAN_POINT('',(1.216807688486,6.407613417203));
#404 = CARTESIAN_POINT('',(1.217238349861,6.413433685444));
#405 = CARTESIAN_POINT('',(1.217687737691,6.419203039884));
#406 = CARTESIAN_POINT('',(1.219156156724,6.437164222458));
#407 = CARTESIAN_POINT('',(1.220239865059,6.449169007415));
#408 = CARTESIAN_POINT('',(1.221399928403,6.460927918989));
#409 = CARTESIAN_POINT('',(1.222630196117,6.472437528445));
#410 = CARTESIAN_POINT('',(1.223924863936,6.483697592392));
#411 = CARTESIAN_POINT('',(1.225278596876,6.494710632496));
#412 = CARTESIAN_POINT('',(1.226686652133,6.505481515197));
#413 = CARTESIAN_POINT('',(1.230685454418,6.534369951017));
#414 = CARTESIAN_POINT('',(1.233377252037,6.551999747604));
#415 = CARTESIAN_POINT('',(1.236199465606,6.56894911519));
#416 = CARTESIAN_POINT('',(1.239134455877,6.585256289127));
#417 = CARTESIAN_POINT('',(1.242167543365,6.600957767475));
#418 = CARTESIAN_POINT('',(1.245286839424,6.616090030915));
#419 = CARTESIAN_POINT('',(1.248483238644,6.630690261229));
#420 = CARTESIAN_POINT('',(1.255966962882,6.662999140044));
#421 = CARTESIAN_POINT('',(1.260298848608,6.680367667001));
#422 = CARTESIAN_POINT('',(1.264730911961,6.696976340257));
#423 = CARTESIAN_POINT('',(1.269250700106,6.712883818647));
#424 = CARTESIAN_POINT('',(1.273848103752,6.728139078129));
#425 = CARTESIAN_POINT('',(1.278515042066,6.742785574972));
#426 = CARTESIAN_POINT('',(1.283245353896,6.756863212757));
#427 = CARTESIAN_POINT('',(1.294789120956,6.789509172518));
#428 = CARTESIAN_POINT('',(1.301658527358,6.807543710948));
#429 = CARTESIAN_POINT('',(1.308629437443,6.824609440229));
#430 = CARTESIAN_POINT('',(1.315690598771,6.840780559497));
#431 = CARTESIAN_POINT('',(1.322832747077,6.856116626081));
#432 = CARTESIAN_POINT('',(1.330048346918,6.870668369121));
#433 = CARTESIAN_POINT('',(1.337331509399,6.884480446022));
#434 = CARTESIAN_POINT('',(1.362096904257,6.928676747287));
#435 = CARTESIAN_POINT('',(1.379860999037,6.955800475212));
#436 = CARTESIAN_POINT('',(1.397911188906,6.979478113368));
#437 = CARTESIAN_POINT('',(1.416197745072,6.999992997826));
#438 = CARTESIAN_POINT('',(1.434677066507,7.017546488293));
#439 = CARTESIAN_POINT('',(1.453311881055,7.032294544173));
#440 = CARTESIAN_POINT('',(1.472072388688,7.044341415411));
#441 = CARTESIAN_POINT('',(1.490935762099,7.05376146222));
#442 = ( GEOMETRIC_REPRESENTATION_CONTEXT(2) 
PARAMETRIC_REPRESENTATION_CONTEXT() REPRESENTATION_CONTEXT('2D SPACE',''
  ) );
#443 = ORIENTED_EDGE('',*,*,#444,.T.);
#444 = EDGE_CURVE('',#147,#445,#447,.T.);
#445 = VERTEX_POINT('',#446);
#446 = CARTESIAN_POINT('',(39.901256175311,30.131208997188,
    0.732050907569));
#447 = SURFACE_CURVE('',#448,(#453,#460),.PCURVE_S1.);
#448 = CIRCLE('',#449,50.);
#449 = AXIS2_PLACEMENT_3D('',#450,#451,#452);
#450 = CARTESIAN_POINT('',(0.,-1.869784510806E-15,0.732050907569));
#451 = DIRECTION('',(0.,-1.224646799147E-16,-1.));
#452 = DIRECTION('',(-0.798025123506,0.602624179944,-7.380017730569E-17)
  );
#453 = PCURVE('',#33,#454);
#454 = DEFINITIONAL_REPRESENTATION('',(#455),#459);
#455 = LINE('',#456,#457);
#456 = CARTESIAN_POINT('',(-2.217581711344,-15.26794919243));
#457 = VECTOR('',#458,1.);
#458 = DIRECTION('',(-1.,0.));
#459 = ( GEOMETRIC_REPRESENTATION_CONTEXT(2) 
PARAMETRIC_REPRESENTATION_CONTEXT() REPRESENTATION_CONTEXT('2D SPACE',''
  ) );
#460 = PCURVE('',#134,#461);
#461 = DEFINITIONAL_REPRESENTATION('',(#462),#466);
#462 = LINE('',#463,#464);
#463 = CARTESIAN_POINT('',(0.,0.));
#464 = VECTOR('',#465,1.);
#465 = DIRECTION('',(1.,0.));
#466 = ( GEOMETRIC_REPRESENTATION_CONTEXT(2) 
PARAMETRIC_REPRESENTATION_CONTEXT() REPRESENTATION_CONTEXT('2D SPACE',''
  ) );
#467 = ORIENTED_EDGE('',*,*,#468,.T.);
#468 = EDGE_CURVE('',#445,#24,#469,.T.);
#469 = SURFACE_CURVE('',#470,(#476,#482),.PCURVE_S1.);
#470 = B_SPLINE_CURVE_WITH_KNOTS('',2,(#471,#472,#473,#474,#475),
  .UNSPECIFIED.,.F.,.F.,(3,1,1,3),(-0.9792,-2.477098387521E-14,16.,
    16.9792),.UNSPECIFIED.);
#471 = CARTESIAN_POINT('',(39.90125617531,30.131208997188,-0.9791999));
#472 = CARTESIAN_POINT('',(39.90125617531,30.131208997188,-0.4895999));
#473 = CARTESIAN_POINT('',(39.90125617531,30.131208997188,8.0000001));
#474 = CARTESIAN_POINT('',(39.90125617531,30.131208997188,16.4896001));
#475 = CARTESIAN_POINT('',(39.90125617531,30.131208997188,16.9792001));
#476 = PCURVE('',#33,#477);
#477 = DEFINITIONAL_REPRESENTATION('',(#478),#481);
#478 = B_SPLINE_CURVE_WITH_KNOTS('',1,(#479,#480),.UNSPECIFIED.,.F.,.F.,
  (2,2),(-2.477098387521E-14,16.),.PIECEWISE_BEZIER_KNOTS.);
#479 = CARTESIAN_POINT('',(-4.065603595836,-16.));
#480 = CARTESIAN_POINT('',(-4.065603595836,-5.551115123125E-15));
#481 = ( GEOMETRIC_REPRESENTATION_CONTEXT(2) 
PARAMETRIC_REPRESENTATION_CONTEXT() REPRESENTATION_CONTEXT('2D SPACE',''
  ) );
#482 = PCURVE('',#483,#519);
#483 = ( BOUNDED_SURFACE() B_SPLINE_SURFACE(6,2,(
    (#484,#485,#486,#487,#488)
    ,(#489,#490,#491,#492,#493)
    ,(#494,#495,#496,#497,#498)
    ,(#499,#500,#501,#502,#503)
    ,(#504,#505,#506,#507,#508)
    ,(#509,#510,#511,#512,#513)
    ,(#514,#515,#516,#517,#518
)),.UNSPECIFIED.,.F.,.F.,.F.) B_SPLINE_SURFACE_WITH_KNOTS((7,7),(3,1,1,3
    ),(0.,16.),(-0.9792,-2.477098387521E-14,16.,16.9792),.UNSPECIFIED.) 
GEOMETRIC_REPRESENTATION_ITEM() RATIONAL_B_SPLINE_SURFACE((
    (1.125035065809,1.125035065809,1.125035065809,1.125035065809
      ,1.125035065809)
    ,(1.034702535711,1.034702535711,1.034702535711,1.034702535711
      ,1.034702535711)
    ,(0.9926417659,0.9926417659,0.9926417659,0.9926417659,0.9926417659)
    ,(0.977712323143,0.977712323143,0.977712323143,0.977712323143
      ,0.977712323143)
    ,(0.9926417659,0.9926417659,0.9926417659,0.9926417659,0.9926417659)
    ,(1.034702535711,1.034702535711,1.034702535711,1.034702535711
      ,1.034702535711)
    ,(1.125035065809,1.125035065809,1.125035065809,1.125035065809
,1.125035065809))) REPRESENTATION_ITEM('') SURFACE() );
#484 = CARTESIAN_POINT('',(39.90125617531,30.131208997188,-0.9791999));
#485 = CARTESIAN_POINT('',(39.90125617531,30.131208997188,-0.4895999));
#486 = CARTESIAN_POINT('',(39.90125617531,30.131208997188,8.0000001));
#487 = CARTESIAN_POINT('',(39.90125617531,30.131208997188,16.4896001));
#488 = CARTESIAN_POINT('',(39.90125617531,30.131208997188,16.9792001));
#489 = CARTESIAN_POINT('',(40.401914809607,29.46821175651,-0.9791999));
#490 = CARTESIAN_POINT('',(40.401914809607,29.46821175651,-0.4895999));
#491 = CARTESIAN_POINT('',(40.401914809607,29.46821175651,8.0000001));
#492 = CARTESIAN_POINT('',(40.401914809607,29.46821175651,16.4896001));
#493 = CARTESIAN_POINT('',(40.401914809607,29.46821175651,16.9792001));
#494 = CARTESIAN_POINT('',(40.422517276243,28.562500938136,-0.9791999));
#495 = CARTESIAN_POINT('',(40.422517276243,28.562500938136,-0.4895999));
#496 = CARTESIAN_POINT('',(40.422517276243,28.562500938136,8.0000001));
#497 = CARTESIAN_POINT('',(40.422517276243,28.562500938136,16.4896001));
#498 = CARTESIAN_POINT('',(40.422517276243,28.562500938136,16.9792001));
#499 = CARTESIAN_POINT('',(39.905657818504,27.768722534776,-0.9791999));
#500 = CARTESIAN_POINT('',(39.905657818504,27.768722534776,-0.4895999));
#501 = CARTESIAN_POINT('',(39.905657818504,27.768722534776,8.0000001));
#502 = CARTESIAN_POINT('',(39.905657818504,27.768722534776,16.4896001));
#503 = CARTESIAN_POINT('',(39.905657818504,27.768722534776,16.9792001));
#504 = CARTESIAN_POINT('',(39.027581537704,27.413462210798,-0.9791999));
#505 = CARTESIAN_POINT('',(39.027581537704,27.413462210798,-0.4895999));
#506 = CARTESIAN_POINT('',(39.027581537704,27.413462210798,8.0000001));
#507 = CARTESIAN_POINT('',(39.027581537704,27.413462210798,16.4896001));
#508 = CARTESIAN_POINT('',(39.027581537704,27.413462210798,16.9792001));
#509 = CARTESIAN_POINT('',(38.142583913594,27.607152049122,-0.9791999));
#510 = CARTESIAN_POINT('',(38.142583913594,27.607152049122,-0.4895999));
#511 = CARTESIAN_POINT('',(38.142583913594,27.607152049122,8.0000001));
#512 = CARTESIAN_POINT('',(38.142583913594,27.607152049122,16.4896001));
#513 = CARTESIAN_POINT('',(38.142583913594,27.607152049122,16.9792001));
#514 = CARTESIAN_POINT('',(37.587750648992,28.225524475524,-0.9791999));
#515 = CARTESIAN_POINT('',(37.587750648992,28.225524475524,-0.4895999));
#516 = CARTESIAN_POINT('',(37.587750648992,28.225524475524,8.0000001));
#517 = CARTESIAN_POINT('',(37.587750648992,28.225524475524,16.4896001));
#518 = CARTESIAN_POINT('',(37.587750648992,28.225524475524,16.9792001));
#519 = DEFINITIONAL_REPRESENTATION('',(#520),#524);
#520 = LINE('',#521,#522);
#521 = CARTESIAN_POINT('',(0.,0.));
#522 = VECTOR('',#523,1.);
#523 = DIRECTION('',(0.,1.));
#524 = ( GEOMETRIC_REPRESENTATION_CONTEXT(2) 
PARAMETRIC_REPRESENTATION_CONTEXT() REPRESENTATION_CONTEXT('2D SPACE',''
  ) );
#525 = ADVANCED_FACE('',(#526),#45,.F.);
#526 = FACE_BOUND('',#527,.T.);
#527 = EDGE_LOOP('',(#528,#581,#582,#635));
#528 = ORIENTED_EDGE('',*,*,#529,.F.);
#529 = EDGE_CURVE('',#22,#530,#532,.T.);
#530 = VERTEX_POINT('',#531);
#531 = CARTESIAN_POINT('',(-40.69928129881,30.733833177132,16.0000001));
#532 = SURFACE_CURVE('',#533,(#537,#544),.PCURVE_S1.);
#533 = LINE('',#534,#535);
#534 = CARTESIAN_POINT('',(-39.90125617531,30.131208997188,15.0000001));
#535 = VECTOR('',#536,1.);
#536 = DIRECTION('',(-0.564288976388,0.426119644145,0.707106781187));
#537 = PCURVE('',#45,#538);
#538 = DEFINITIONAL_REPRESENTATION('',(#539),#543);
#539 = LINE('',#540,#541);
#540 = CARTESIAN_POINT('',(-0.,0.));
#541 = VECTOR('',#542,1.);
#542 = DIRECTION('',(-0.,1.));
#543 = ( GEOMETRIC_REPRESENTATION_CONTEXT(2) 
PARAMETRIC_REPRESENTATION_CONTEXT() REPRESENTATION_CONTEXT('2D SPACE',''
  ) );
#544 = PCURVE('',#545,#576);
#545 = B_SPLINE_SURFACE_WITH_KNOTS('',1,14,(
    (#546,#547,#548,#549,#550,#551,#552,#553,#554,#555,#556,#557,#558
      ,#559,#560)
    ,(#561,#562,#563,#564,#565,#566,#567,#568,#569,#570,#571,#572,#573
      ,#574,#575
    )),.UNSPECIFIED.,.F.,.F.,.F.,(2,2),(15,15),(0.,4.585628401591),(
    181.77661561831,186.3622440199),.PIECEWISE_BEZIER_KNOTS.);
#546 = CARTESIAN_POINT('',(-37.58775064899,28.225524475525,15.0000001));
#547 = CARTESIAN_POINT('',(-37.80644407059,27.981786418731,15.0000001));
#548 = CARTESIAN_POINT('',(-38.0825433708,27.789392462647,
    15.000000099974));
#549 = CARTESIAN_POINT('',(-38.40284303891,27.662738870998,
    15.000000100222));
#550 = CARTESIAN_POINT('',(-38.75051915108,27.615103684124,
    15.000000099047));
#551 = CARTESIAN_POINT('',(-39.10333211357,27.644064589744,
    15.000000102643));
#552 = CARTESIAN_POINT('',(-39.44747509391,27.770855156021,
    15.000000094803));
#553 = CARTESIAN_POINT('',(-39.74354247544,27.952391827701,
    15.000000107509));
#554 = CARTESIAN_POINT('',(-40.00269094685,28.226711466,15.000000092099)
  );
#555 = CARTESIAN_POINT('',(-40.17486194376,28.528672484004,
    15.00000010583));
#556 = CARTESIAN_POINT('',(-40.28043368622,28.874033038608,
    15.000000097186));
#557 = CARTESIAN_POINT('',(-40.29680453313,29.223319448351,
    15.000000100822));
#558 = CARTESIAN_POINT('',(-40.2346330266,29.562049585577,
    15.000000099894));
#559 = CARTESIAN_POINT('',(-40.09859609123,29.869881596087,15.0000001));
#560 = CARTESIAN_POINT('',(-39.90125617531,30.131208997188,15.0000001));
#561 = CARTESIAN_POINT('',(-36.84343875495,27.557692307692,16.0000001));
#562 = CARTESIAN_POINT('',(-37.20792808723,27.151461882838,16.0000001));
#563 = CARTESIAN_POINT('',(-37.66794624648,26.830631673183,16.0000001));
#564 = CARTESIAN_POINT('',(-38.20318743661,26.620985960708,16.0000001));
#565 = CARTESIAN_POINT('',(-38.77613358713,26.535698654865,16.0000001));
#566 = CARTESIAN_POINT('',(-39.38281598192,26.599241873599,16.0000001));
#567 = CARTESIAN_POINT('',(-39.92013440946,26.783257695378,16.0000001));
#568 = CARTESIAN_POINT('',(-40.46360472058,27.120462832432,16.0000001));
#569 = CARTESIAN_POINT('',(-40.84523664382,27.546587283709,16.0000001));
#570 = CARTESIAN_POINT('',(-41.16932409433,28.068722743146,16.0000001));
#571 = CARTESIAN_POINT('',(-41.32529109341,28.637491535283,16.0000001));
#572 = CARTESIAN_POINT('',(-41.36019396765,29.22042365109,16.0000001));
#573 = CARTESIAN_POINT('',(-41.25466516622,29.785383644794,16.0000001));
#574 = CARTESIAN_POINT('',(-41.02818142604,30.298287154607,16.0000001));
#575 = CARTESIAN_POINT('',(-40.69928129881,30.733833177132,16.0000001));
#576 = DEFINITIONAL_REPRESENTATION('',(#577),#580);
#577 = B_SPLINE_CURVE_WITH_KNOTS('',1,(#578,#579),.UNSPECIFIED.,.F.,.F.,
  (2,2),(0.,1.414213562373),.PIECEWISE_BEZIER_KNOTS.);
#578 = CARTESIAN_POINT('',(0.,186.3622440199));
#579 = CARTESIAN_POINT('',(4.585628401591,186.3622440199));
#580 = ( GEOMETRIC_REPRESENTATION_CONTEXT(2) 
PARAMETRIC_REPRESENTATION_CONTEXT() REPRESENTATION_CONTEXT('2D SPACE',''
  ) );
#581 = ORIENTED_EDGE('',*,*,#21,.T.);
#582 = ORIENTED_EDGE('',*,*,#583,.T.);
#583 = EDGE_CURVE('',#24,#584,#586,.T.);
#584 = VERTEX_POINT('',#585);
#585 = CARTESIAN_POINT('',(40.699281298817,30.733833177132,16.0000001));
#586 = SURFACE_CURVE('',#587,(#591,#598),.PCURVE_S1.);
#587 = LINE('',#588,#589);
#588 = CARTESIAN_POINT('',(39.901256175311,30.131208997188,15.0000001));
#589 = VECTOR('',#590,1.);
#590 = DIRECTION('',(0.564288976388,0.426119644145,0.707106781187));
#591 = PCURVE('',#45,#592);
#592 = DEFINITIONAL_REPRESENTATION('',(#593),#597);
#593 = LINE('',#594,#595);
#594 = CARTESIAN_POINT('',(-1.848021884492,0.));
#595 = VECTOR('',#596,1.);
#596 = DIRECTION('',(-0.,1.));
#597 = ( GEOMETRIC_REPRESENTATION_CONTEXT(2) 
PARAMETRIC_REPRESENTATION_CONTEXT() REPRESENTATION_CONTEXT('2D SPACE',''
  ) );
#598 = PCURVE('',#599,#630);
#599 = B_SPLINE_SURFACE_WITH_KNOTS('',1,14,(
    (#600,#601,#602,#603,#604,#605,#606,#607,#608,#609,#610,#611,#612
      ,#613,#614)
    ,(#615,#616,#617,#618,#619,#620,#621,#622,#623,#624,#625,#626,#627
      ,#628,#629
    )),.UNSPECIFIED.,.F.,.F.,.F.,(2,2),(15,15),(0.,4.58562840159),(
    92.401094224604,96.986722626194),.PIECEWISE_BEZIER_KNOTS.);
#600 = CARTESIAN_POINT('',(39.901256175311,30.131208997188,15.0000001));
#601 = CARTESIAN_POINT('',(40.098596086775,29.869881602016,15.0000001));
#602 = CARTESIAN_POINT('',(40.23454818472,29.562046167797,
    15.000000099976));
#603 = CARTESIAN_POINT('',(40.297504436587,29.223410045244,
    15.00000010021));
#604 = CARTESIAN_POINT('',(40.277693928539,28.873084666309,
    15.00000009909));
#605 = CARTESIAN_POINT('',(40.181636772827,28.532241784798,
    15.000000102553));
#606 = CARTESIAN_POINT('',(39.991360407818,28.218963010436,
    15.000000094932));
#607 = CARTESIAN_POINT('',(39.756430652393,27.962869247403,
    15.000000107381));
#608 = CARTESIAN_POINT('',(39.437529165426,27.761313438494,
    15.000000092182));
#609 = CARTESIAN_POINT('',(39.108263745063,27.649996454835,
    15.000000105801));
#610 = CARTESIAN_POINT('',(38.74900121913,27.612602487293,
    15.000000097187));
#611 = CARTESIAN_POINT('',(38.403083594654,27.66340860438,
    15.000000100825));
#612 = CARTESIAN_POINT('',(38.082521449095,27.789309581349,
    15.000000099893));
#613 = CARTESIAN_POINT('',(37.806444074986,27.981786413854,15.0000001));
#614 = CARTESIAN_POINT('',(37.587750648992,28.225524475524,15.0000001));
#615 = CARTESIAN_POINT('',(40.699281298817,30.733833177132,16.0000001));
#616 = CARTESIAN_POINT('',(41.028181411058,30.298287174465,16.0000001));
#617 = CARTESIAN_POINT('',(41.254966446342,29.785334798896,16.0000001));
#618 = CARTESIAN_POINT('',(41.358206901597,29.219873126142,16.0000001));
#619 = CARTESIAN_POINT('',(41.332240840206,28.641118907099,16.0000001));
#620 = CARTESIAN_POINT('',(41.153477373025,28.057986534589,16.0000001));
#621 = CARTESIAN_POINT('',(40.870397370759,27.565706811747,16.0000001));
#622 = CARTESIAN_POINT('',(40.434670689542,27.096945266676,16.0000001));
#623 = CARTESIAN_POINT('',(39.944080366349,26.804039930945,16.0000001));
#624 = CARTESIAN_POINT('',(39.368955368034,26.585859163308,16.0000001));
#625 = CARTESIAN_POINT('',(38.781175136487,26.541792401935,16.0000001));
#626 = CARTESIAN_POINT('',(38.2022203442,26.619145304294,16.0000001));
#627 = CARTESIAN_POINT('',(37.667962391676,26.830936909259,16.0000001));
#628 = CARTESIAN_POINT('',(37.207928103089,27.151461865187,16.0000001));
#629 = CARTESIAN_POINT('',(36.843438754953,27.557692307692,16.0000001));
#630 = DEFINITIONAL_REPRESENTATION('',(#631),#634);
#631 = B_SPLINE_CURVE_WITH_KNOTS('',1,(#632,#633),.UNSPECIFIED.,.F.,.F.,
  (2,2),(0.,1.414213562373),.PIECEWISE_BEZIER_KNOTS.);
#632 = CARTESIAN_POINT('',(0.,92.401094224604));
#633 = CARTESIAN_POINT('',(4.58562840159,92.401094224604));
#634 = ( GEOMETRIC_REPRESENTATION_CONTEXT(2) 
PARAMETRIC_REPRESENTATION_CONTEXT() REPRESENTATION_CONTEXT('2D SPACE',''
  ) );
#635 = ORIENTED_EDGE('',*,*,#636,.F.);
#636 = EDGE_CURVE('',#530,#584,#637,.T.);
#637 = SURFACE_CURVE('',#638,(#643,#650),.PCURVE_S1.);
#638 = CIRCLE('',#639,51.);
#639 = AXIS2_PLACEMENT_3D('',#640,#641,#642);
#640 = CARTESIAN_POINT('',(0.,0.,16.0000001));
#641 = DIRECTION('',(0.,-1.224646799147E-16,-1.));
#642 = DIRECTION('',(-0.798025123506,0.602624179944,-7.380017730569E-17)
  );
#643 = PCURVE('',#45,#644);
#644 = DEFINITIONAL_REPRESENTATION('',(#645),#649);
#645 = LINE('',#646,#647);
#646 = CARTESIAN_POINT('',(-0.,1.));
#647 = VECTOR('',#648,1.);
#648 = DIRECTION('',(-1.,0.));
#649 = ( GEOMETRIC_REPRESENTATION_CONTEXT(2) 
PARAMETRIC_REPRESENTATION_CONTEXT() REPRESENTATION_CONTEXT('2D SPACE',''
  ) );
#650 = PCURVE('',#651,#656);
#651 = PLANE('',#652);
#652 = AXIS2_PLACEMENT_3D('',#653,#654,#655);
#653 = CARTESIAN_POINT('',(-3.9651475332E-15,1.562788722902E-15,
    16.0000001));
#654 = DIRECTION('',(0.,-1.224646799147E-16,-1.));
#655 = DIRECTION('',(1.110223024625E-16,-1.,1.224646799147E-16));
#656 = DEFINITIONAL_REPRESENTATION('',(#657),#661);
#657 = CIRCLE('',#658,51.);
#658 = AXIS2_PLACEMENT_2D('',#659,#660);
#659 = CARTESIAN_POINT('',(1.562788722902E-15,-3.9651475332E-15));
#660 = DIRECTION('',(-0.602624179944,0.798025123506));
#661 = ( GEOMETRIC_REPRESENTATION_CONTEXT(2) 
PARAMETRIC_REPRESENTATION_CONTEXT() REPRESENTATION_CONTEXT('2D SPACE',''
  ) );
#662 = ADVANCED_FACE('',(#663),#483,.T.);
#663 = FACE_BOUND('',#664,.T.);
#664 = EDGE_LOOP('',(#665,#666,#740,#769));
#665 = ORIENTED_EDGE('',*,*,#468,.F.);
#666 = ORIENTED_EDGE('',*,*,#667,.T.);
#667 = EDGE_CURVE('',#445,#668,#670,.T.);
#668 = VERTEX_POINT('',#669);
#669 = CARTESIAN_POINT('',(37.587750648992,28.225524475524,
    0.732050907569));
#670 = SURFACE_CURVE('',#671,(#686,#704),.PCURVE_S1.);
#671 = B_SPLINE_CURVE_WITH_KNOTS('',7,(#672,#673,#674,#675,#676,#677,
    #678,#679,#680,#681,#682,#683,#684,#685),.UNSPECIFIED.,.F.,.F.,(8,6,
    8),(92.401094224604,94.693908425399,96.986722626194),.UNSPECIFIED.);
#672 = CARTESIAN_POINT('',(39.901256175311,30.131208997188,
    0.732050907569));
#673 = CARTESIAN_POINT('',(40.098596086766,29.869881602016,
    0.732050907569));
#674 = CARTESIAN_POINT('',(40.229466451148,29.558152184371,
    0.732050907562));
#675 = CARTESIAN_POINT('',(40.27826379487,29.216584077346,0.73205090759)
  );
#676 = CARTESIAN_POINT('',(40.237545279579,28.871206644239,
    0.732050907543));
#677 = CARTESIAN_POINT('',(40.110469833465,28.550382489837,0.73205090758
    ));
#678 = CARTESIAN_POINT('',(39.910728383045,28.27773539581,0.732050907564
    ));
#679 = CARTESIAN_POINT('',(39.405087166143,27.861230866785,
    0.732050907571));
#680 = CARTESIAN_POINT('',(39.099173867786,27.717379094974,
    0.732050907605));
#681 = CARTESIAN_POINT('',(38.760034015859,27.654174365765,
    0.732050907414));
#682 = CARTESIAN_POINT('',(38.413243322629,27.680297254755,0.7320509077)
  );
#683 = CARTESIAN_POINT('',(38.087318820652,27.793647072166,
    0.732050907515));
#684 = CARTESIAN_POINT('',(37.806444074977,27.981786413853,
    0.732050907569));
#685 = CARTESIAN_POINT('',(37.587750648992,28.225524475524,
    0.732050907569));
#686 = PCURVE('',#483,#687);
#687 = DEFINITIONAL_REPRESENTATION('',(#688),#703);
#688 = B_SPLINE_CURVE_WITH_KNOTS('',7,(#689,#690,#691,#692,#693,#694,
    #695,#696,#697,#698,#699,#700,#701,#702),.UNSPECIFIED.,.F.,.F.,(8,6,
    8),(92.401094224604,94.693908425399,96.986722626194),.UNSPECIFIED.);
#689 = CARTESIAN_POINT('',(0.,0.732050807569));
#690 = CARTESIAN_POINT('',(1.142858589066,0.732050807569));
#691 = CARTESIAN_POINT('',(2.285815002264,0.732050807562));
#692 = CARTESIAN_POINT('',(3.428388195985,0.73205080759));
#693 = CARTESIAN_POINT('',(4.571546243326,0.732050807543));
#694 = CARTESIAN_POINT('',(5.714354639765,0.73205080758));
#695 = CARTESIAN_POINT('',(6.857155393878,0.732050807564));
#696 = CARTESIAN_POINT('',(9.142882514141,0.732050807571));
#697 = CARTESIAN_POINT('',(10.285899363143,0.732050807605));
#698 = CARTESIAN_POINT('',(11.428370907676,0.732050807415));
#699 = CARTESIAN_POINT('',(12.571599225344,0.732050807699));
#700 = CARTESIAN_POINT('',(13.71425153548,0.732050807515));
#701 = CARTESIAN_POINT('',(14.857141362149,0.732050807569));
#702 = CARTESIAN_POINT('',(16.,0.732050807569));
#703 = ( GEOMETRIC_REPRESENTATION_CONTEXT(2) 
PARAMETRIC_REPRESENTATION_CONTEXT() REPRESENTATION_CONTEXT('2D SPACE',''
  ) );
#704 = PCURVE('',#705,#734);
#705 = B_SPLINE_SURFACE_WITH_KNOTS('',1,7,(
    (#706,#707,#708,#709,#710,#711,#712,#713,#714,#715,#716,#717,#718
      ,#719)
    ,(#720,#721,#722,#723,#724,#725,#726,#727,#728,#729,#730,#731,#732
      ,#733
  )),.UNSPECIFIED.,.F.,.F.,.F.,(2,2),(8,6,8),(0.,4.58562840159),(
    92.401094224604,94.693908425399,96.986722626194),.UNSPECIFIED.);
#706 = CARTESIAN_POINT('',(39.901256175311,30.131208997188,
    0.732050907569));
#707 = CARTESIAN_POINT('',(40.098596086766,29.869881602016,
    0.732050907569));
#708 = CARTESIAN_POINT('',(40.229466451148,29.558152184371,
    0.732050907562));
#709 = CARTESIAN_POINT('',(40.27826379487,29.216584077346,0.73205090759)
  );
#710 = CARTESIAN_POINT('',(40.237545279579,28.871206644239,
    0.732050907543));
#711 = CARTESIAN_POINT('',(40.110469833465,28.550382489837,0.73205090758
    ));
#712 = CARTESIAN_POINT('',(39.910728383045,28.27773539581,0.732050907564
    ));
#713 = CARTESIAN_POINT('',(39.405087166143,27.861230866785,
    0.732050907571));
#714 = CARTESIAN_POINT('',(39.099173867786,27.717379094974,
    0.732050907605));
#715 = CARTESIAN_POINT('',(38.760034015859,27.654174365765,
    0.732050907414));
#716 = CARTESIAN_POINT('',(38.413243322629,27.680297254755,0.7320509077)
  );
#717 = CARTESIAN_POINT('',(38.087318820652,27.793647072166,
    0.732050907515));
#718 = CARTESIAN_POINT('',(37.806444074977,27.981786413853,
    0.732050907569));
#719 = CARTESIAN_POINT('',(37.587750648992,28.225524475524,
    0.732050907569));
#720 = CARTESIAN_POINT('',(40.9131114862,30.895305839488,
    1.000000224849E-07));
#721 = CARTESIAN_POINT('',(41.277263047988,30.413078101632,
    1.000001539353E-07));
#722 = CARTESIAN_POINT('',(41.518734056185,29.837820759455,
    9.999969918795E-08));
#723 = CARTESIAN_POINT('',(41.608882429662,29.207654922141,
    1.00000411507E-07));
#724 = CARTESIAN_POINT('',(41.533554578193,28.570047906062,
    9.999974537322E-08));
#725 = CARTESIAN_POINT('',(41.299234033243,27.978317038189,
    1.00000132619E-07));
#726 = CARTESIAN_POINT('',(40.930593427164,27.47508797232,
    1.000000118268E-07));
#727 = CARTESIAN_POINT('',(39.997517841,26.706508671497,
    1.000000011686E-07));
#728 = CARTESIAN_POINT('',(39.433186206038,26.441111203039,
    1.000002090024E-07));
#729 = CARTESIAN_POINT('',(38.806978882013,26.324382440193,
    9.999964234453E-08));
#730 = CARTESIAN_POINT('',(38.167438123239,26.372645761191,
    1.000004044016E-07));
#731 = CARTESIAN_POINT('',(37.56579839781,26.581810819946,
    9.999978445308E-08));
#732 = CARTESIAN_POINT('',(37.047556231751,26.92897707291,
    1.000001024209E-07));
#733 = CARTESIAN_POINT('',(36.644000984028,27.378747217642,
    1.000000224849E-07));
#734 = DEFINITIONAL_REPRESENTATION('',(#735),#739);
#735 = LINE('',#736,#737);
#736 = CARTESIAN_POINT('',(0.,0.));
#737 = VECTOR('',#738,1.);
#738 = DIRECTION('',(0.,1.));
#739 = ( GEOMETRIC_REPRESENTATION_CONTEXT(2) 
PARAMETRIC_REPRESENTATION_CONTEXT() REPRESENTATION_CONTEXT('2D SPACE',''
  ) );
#740 = ORIENTED_EDGE('',*,*,#741,.T.);
#741 = EDGE_CURVE('',#668,#742,#744,.T.);
#742 = VERTEX_POINT('',#743);
#743 = CARTESIAN_POINT('',(37.587750648992,28.225524475524,15.0000001));
#744 = SURFACE_CURVE('',#745,(#751,#758),.PCURVE_S1.);
#745 = B_SPLINE_CURVE_WITH_KNOTS('',2,(#746,#747,#748,#749,#750),
  .UNSPECIFIED.,.F.,.F.,(3,1,1,3),(-0.9792,-2.477098387521E-14,16.,
    16.9792),.UNSPECIFIED.);
#746 = CARTESIAN_POINT('',(37.587750648992,28.225524475524,-0.9791999));
#747 = CARTESIAN_POINT('',(37.587750648992,28.225524475524,-0.4895999));
#748 = CARTESIAN_POINT('',(37.587750648992,28.225524475524,8.0000001));
#749 = CARTESIAN_POINT('',(37.587750648992,28.225524475524,16.4896001));
#750 = CARTESIAN_POINT('',(37.587750648992,28.225524475524,16.9792001));
#751 = PCURVE('',#483,#752);
#752 = DEFINITIONAL_REPRESENTATION('',(#753),#757);
#753 = LINE('',#754,#755);
#754 = CARTESIAN_POINT('',(16.,0.));
#755 = VECTOR('',#756,1.);
#756 = DIRECTION('',(0.,1.));
#757 = ( GEOMETRIC_REPRESENTATION_CONTEXT(2) 
PARAMETRIC_REPRESENTATION_CONTEXT() REPRESENTATION_CONTEXT('2D SPACE',''
  ) );
#758 = PCURVE('',#759,#764);
#759 = CYLINDRICAL_SURFACE('',#760,50.5);
#760 = AXIS2_PLACEMENT_3D('',#761,#762,#763);
#761 = CARTESIAN_POINT('',(6.106226635438E-16,-5.5,16.0000001));
#762 = DIRECTION('',(0.,1.224646799147E-16,1.));
#763 = DIRECTION('',(1.110223024625E-16,-1.,1.224646799147E-16));
#764 = DEFINITIONAL_REPRESENTATION('',(#765),#768);
#765 = B_SPLINE_CURVE_WITH_KNOTS('',1,(#766,#767),.UNSPECIFIED.,.F.,.F.,
  (2,2),(-2.477098387521E-14,16.),.PIECEWISE_BEZIER_KNOTS.);
#766 = CARTESIAN_POINT('',(-3.981096544601,-16.));
#767 = CARTESIAN_POINT('',(-3.981096544601,-5.606626274356E-15));
#768 = ( GEOMETRIC_REPRESENTATION_CONTEXT(2) 
PARAMETRIC_REPRESENTATION_CONTEXT() REPRESENTATION_CONTEXT('2D SPACE',''
  ) );
#769 = ORIENTED_EDGE('',*,*,#770,.F.);
#770 = EDGE_CURVE('',#24,#742,#771,.T.);
#771 = SURFACE_CURVE('',#772,(#788,#812),.PCURVE_S1.);
#772 = B_SPLINE_CURVE_WITH_KNOTS('',14,(#773,#774,#775,#776,#777,#778,
    #779,#780,#781,#782,#783,#784,#785,#786,#787),.UNSPECIFIED.,.F.,.F.,
  (15,15),(92.401094224604,96.986722626194),.PIECEWISE_BEZIER_KNOTS.);
#773 = CARTESIAN_POINT('',(39.901256175311,30.131208997188,15.0000001));
#774 = CARTESIAN_POINT('',(40.098596086775,29.869881602016,15.0000001));
#775 = CARTESIAN_POINT('',(40.23454818472,29.562046167797,
    15.000000099976));
#776 = CARTESIAN_POINT('',(40.297504436587,29.223410045244,
    15.00000010021));
#777 = CARTESIAN_POINT('',(40.277693928539,28.873084666309,
    15.00000009909));
#778 = CARTESIAN_POINT('',(40.181636772827,28.532241784798,
    15.000000102553));
#779 = CARTESIAN_POINT('',(39.991360407818,28.218963010436,
    15.000000094932));
#780 = CARTESIAN_POINT('',(39.756430652393,27.962869247403,
    15.000000107381));
#781 = CARTESIAN_POINT('',(39.437529165426,27.761313438494,
    15.000000092182));
#782 = CARTESIAN_POINT('',(39.108263745063,27.649996454835,
    15.000000105801));
#783 = CARTESIAN_POINT('',(38.74900121913,27.612602487293,
    15.000000097187));
#784 = CARTESIAN_POINT('',(38.403083594654,27.66340860438,
    15.000000100825));
#785 = CARTESIAN_POINT('',(38.082521449095,27.789309581349,
    15.000000099893));
#786 = CARTESIAN_POINT('',(37.806444074986,27.981786413854,15.0000001));
#787 = CARTESIAN_POINT('',(37.587750648992,28.225524475524,15.0000001));
#788 = PCURVE('',#483,#789);
#789 = DEFINITIONAL_REPRESENTATION('',(#790),#811);
#790 = B_SPLINE_CURVE_WITH_KNOTS('',10,(#791,#792,#793,#794,#795,#796,
    #797,#798,#799,#800,#801,#802,#803,#804,#805,#806,#807,#808,#809,
    #810),.UNSPECIFIED.,.F.,.F.,(11,9,11),(92.401094224604,
    94.693908425399,96.986722626194),.UNSPECIFIED.);
#791 = CARTESIAN_POINT('',(-8.881784197001E-16,15.));
#792 = CARTESIAN_POINT('',(0.800001012357,15.000000000003));
#793 = CARTESIAN_POINT('',(1.600015770458,14.999999999985));
#794 = CARTESIAN_POINT('',(2.400106908103,15.000000000048));
#795 = CARTESIAN_POINT('',(3.199808833395,14.999999999909));
#796 = CARTESIAN_POINT('',(4.000090663995,15.000000000103));
#797 = CARTESIAN_POINT('',(4.800004206755,14.999999999931));
#798 = CARTESIAN_POINT('',(5.600103528825,15.000000000028));
#799 = CARTESIAN_POINT('',(6.400019651487,14.999999999998));
#800 = CARTESIAN_POINT('',(7.200014781587,15.000000000002));
#801 = CARTESIAN_POINT('',(8.800026426096,14.999999999998));
#802 = CARTESIAN_POINT('',(9.600052206757,14.999999999992));
#803 = CARTESIAN_POINT('',(10.400067782529,15.000000000046));
#804 = CARTESIAN_POINT('',(11.200140685132,14.999999999893));
#805 = CARTESIAN_POINT('',(11.999724496769,15.000000000292));
#806 = CARTESIAN_POINT('',(12.800180385347,14.999999999657));
#807 = CARTESIAN_POINT('',(13.60006815526,15.000000000205));
#808 = CARTESIAN_POINT('',(14.399938243216,14.999999999953));
#809 = CARTESIAN_POINT('',(15.199998953492,15.000000000002));
#810 = CARTESIAN_POINT('',(16.,15.));
#811 = ( GEOMETRIC_REPRESENTATION_CONTEXT(2) 
PARAMETRIC_REPRESENTATION_CONTEXT() REPRESENTATION_CONTEXT('2D SPACE',''
  ) );
#812 = PCURVE('',#599,#813);
#813 = DEFINITIONAL_REPRESENTATION('',(#814),#818);
#814 = LINE('',#815,#816);
#815 = CARTESIAN_POINT('',(0.,0.));
#816 = VECTOR('',#817,1.);
#817 = DIRECTION('',(0.,1.));
#818 = ( GEOMETRIC_REPRESENTATION_CONTEXT(2) 
PARAMETRIC_REPRESENTATION_CONTEXT() REPRESENTATION_CONTEXT('2D SPACE',''
  ) );
#819 = ADVANCED_FACE('',(#820),#134,.F.);
#820 = FACE_BOUND('',#821,.F.);
#821 = EDGE_LOOP('',(#822,#875,#876,#966,#967,#989));
#822 = ORIENTED_EDGE('',*,*,#823,.F.);
#823 = EDGE_CURVE('',#58,#824,#826,.T.);
#824 = VERTEX_POINT('',#825);
#825 = CARTESIAN_POINT('',(-40.9131114862,30.895305839488,
    1.000000224849E-07));
#826 = SURFACE_CURVE('',#827,(#831,#838),.PCURVE_S1.);
#827 = LINE('',#828,#829);
#828 = CARTESIAN_POINT('',(-39.90125617531,30.131208997188,
    0.732050907569));
#829 = VECTOR('',#830,1.);
#830 = DIRECTION('',(-0.691110029815,0.521887848766,-0.5));
#831 = PCURVE('',#134,#832);
#832 = DEFINITIONAL_REPRESENTATION('',(#833),#837);
#833 = LINE('',#834,#835);
#834 = CARTESIAN_POINT('',(0.,0.));
#835 = VECTOR('',#836,1.);
#836 = DIRECTION('',(0.,1.));
#837 = ( GEOMETRIC_REPRESENTATION_CONTEXT(2) 
PARAMETRIC_REPRESENTATION_CONTEXT() REPRESENTATION_CONTEXT('2D SPACE',''
  ) );
#838 = PCURVE('',#839,#870);
#839 = B_SPLINE_SURFACE_WITH_KNOTS('',1,14,(
    (#840,#841,#842,#843,#844,#845,#846,#847,#848,#849,#850,#851,#852
      ,#853,#854)
    ,(#855,#856,#857,#858,#859,#860,#861,#862,#863,#864,#865,#866,#867
      ,#868,#869
    )),.UNSPECIFIED.,.F.,.F.,.F.,(2,2),(15,15),(0.,4.585628401591),(
    181.77661561831,186.3622440199),.PIECEWISE_BEZIER_KNOTS.);
#840 = CARTESIAN_POINT('',(-37.58775064899,28.225524475525,
    0.732050907569));
#841 = CARTESIAN_POINT('',(-37.80644407059,27.981786418731,
    0.732050907572));
#842 = CARTESIAN_POINT('',(-38.0825433708,27.789392462647,0.732050907589
    ));
#843 = CARTESIAN_POINT('',(-38.40284303891,27.662738870998,
    0.732050907311));
#844 = CARTESIAN_POINT('',(-38.75051915108,27.615103684124,0.73205090877
    ));
#845 = CARTESIAN_POINT('',(-39.10333211357,27.644064589744,
    0.732050904129));
#846 = CARTESIAN_POINT('',(-39.44747509391,27.770855156021,
    0.732050914434));
#847 = CARTESIAN_POINT('',(-39.74354247544,27.952391827701,0.73205089757
    ));
#848 = CARTESIAN_POINT('',(-40.00269094685,28.226711466,0.732050918132)
  );
#849 = CARTESIAN_POINT('',(-40.17486194376,28.528672484004,
    0.732050899772));
#850 = CARTESIAN_POINT('',(-40.28043368622,28.874033038608,
    0.732050911315));
#851 = CARTESIAN_POINT('',(-40.29680453313,29.223319448351,
    0.732050906491));
#852 = CARTESIAN_POINT('',(-40.2346330266,29.562049585577,0.732050907699
    ));
#853 = CARTESIAN_POINT('',(-40.09859609123,29.869881596087,
    0.732050907572));
#854 = CARTESIAN_POINT('',(-39.90125617531,30.131208997188,
    0.732050907569));
#855 = CARTESIAN_POINT('',(-36.64400098402,27.378747217642,
    1.000000224849E-07));
#856 = CARTESIAN_POINT('',(-37.04755621283,26.928977093992,
    1.000007934238E-07));
#857 = CARTESIAN_POINT('',(-37.55685647983,26.573738373056,
    9.999600791843E-08));
#858 = CARTESIAN_POINT('',(-38.14967600166,26.341809548317,
    1.00012398363E-07));
#859 = CARTESIAN_POINT('',(-38.78306895658,26.246594029623,
    9.997171090959E-08));
#860 = CARTESIAN_POINT('',(-39.45747401086,26.319077955304,
    1.000509062266E-07));
#861 = CARTESIAN_POINT('',(-40.04727857347,26.518815404178,
    9.992773897238E-08));
#862 = CARTESIAN_POINT('',(-40.65579549639,26.897501304084,
    1.000808822482E-07));
#863 = CARTESIAN_POINT('',(-41.07179490785,27.364263154624,
    9.992838911899E-08));
#864 = CARTESIAN_POINT('',(-41.43520085195,27.945596740119,
    1.00050609575E-07));
#865 = CARTESIAN_POINT('',(-41.60554145464,28.574039699414,
    9.99715581429E-08));
#866 = CARTESIAN_POINT('',(-41.64504709964,29.219672186322,
    1.000125866568E-07));
#867 = CARTESIAN_POINT('',(-41.52799099386,29.845220913625,
    9.999588712617E-08));
#868 = CARTESIAN_POINT('',(-41.27726306578,30.413078078046,
    1.000008733598E-07));
#869 = CARTESIAN_POINT('',(-40.9131114862,30.895305839488,
    1.000000224849E-07));
#870 = DEFINITIONAL_REPRESENTATION('',(#871),#874);
#871 = B_SPLINE_CURVE_WITH_KNOTS('',1,(#872,#873),.UNSPECIFIED.,.F.,.F.,
  (2,2),(0.,1.464101615138),.PIECEWISE_BEZIER_KNOTS.);
#872 = CARTESIAN_POINT('',(0.,186.3622440199));
#873 = CARTESIAN_POINT('',(4.585628401591,186.3622440199));
#874 = ( GEOMETRIC_REPRESENTATION_CONTEXT(2) 
PARAMETRIC_REPRESENTATION_CONTEXT() REPRESENTATION_CONTEXT('2D SPACE',''
  ) );
#875 = ORIENTED_EDGE('',*,*,#117,.T.);
#876 = ORIENTED_EDGE('',*,*,#877,.F.);
#877 = EDGE_CURVE('',#147,#118,#878,.T.);
#878 = SURFACE_CURVE('',#879,(#906,#936),.PCURVE_S1.);
#879 = B_SPLINE_CURVE_WITH_KNOTS('',7,(#880,#881,#882,#883,#884,#885,
    #886,#887,#888,#889,#890,#891,#892,#893,#894,#895,#896,#897,#898,
    #899,#900,#901,#902,#903,#904,#905),.UNSPECIFIED.,.F.,.F.,(8,6,6,6,8
    ),(0.,0.237689957949,0.498198278588,0.761673581398,1.),
  .UNSPECIFIED.);
#880 = CARTESIAN_POINT('',(1.454045466706,49.978853045871,0.732050907569
    ));
#881 = CARTESIAN_POINT('',(1.387592780228,50.046610891311,0.694063174668
    ));
#882 = CARTESIAN_POINT('',(1.31611831518,50.112206256997,0.657344709201)
  );
#883 = CARTESIAN_POINT('',(1.239369902572,50.175295455004,0.622082008188
    ));
#884 = CARTESIAN_POINT('',(1.157140126185,50.235402957569,0.588533918522
    ));
#885 = CARTESIAN_POINT('',(1.069295535126,50.291933579447,0.557023905631
    ));
#886 = CARTESIAN_POINT('',(0.975814293937,50.344192903976,0.527928617006
    ));
#887 = CARTESIAN_POINT('',(0.768347919461,50.443172439593,0.47287532599)
  );
#888 = CARTESIAN_POINT('',(0.653111200984,50.488948347667,0.447448242116
    ));
#889 = CARTESIAN_POINT('',(0.531595921831,50.527553669345,0.426029347676
    ));
#890 = CARTESIAN_POINT('',(0.404638587895,50.557786427995,0.409270977185
    ));
#891 = CARTESIAN_POINT('',(0.273509177872,50.578590365569,0.397744321566
    ));
#892 = CARTESIAN_POINT('',(0.139975186194,50.589202201943,0.391864794846
    ));
#893 = CARTESIAN_POINT('',(-0.128604493325,50.590050245831,
    0.391394933623));
#894 = CARTESIAN_POINT('',(-0.263815103901,50.580053531441,
    0.396933671198));
#895 = CARTESIAN_POINT('',(-0.396676398478,50.559591615897,
    0.408270382447));
#896 = CARTESIAN_POINT('',(-0.52534080016,50.52943530103,0.424985577223)
  );
#897 = CARTESIAN_POINT('',(-0.648476027009,50.490669400679,
    0.446492561401));
#898 = CARTESIAN_POINT('',(-0.765200422131,50.444538982833,
    0.472115741948));
#899 = CARTESIAN_POINT('',(-0.974339117029,50.345016767448,0.52746993983
    ));
#900 = CARTESIAN_POINT('',(-1.068140434692,50.292676442965,
    0.556609848241));
#901 = CARTESIAN_POINT('',(-1.156275312051,50.236034847079,
    0.588181237225));
#902 = CARTESIAN_POINT('',(-1.238764652703,50.175792844158,
    0.621804002461));
#903 = CARTESIAN_POINT('',(-1.31574255745,50.112551049571,0.657151720793
    ));
#904 = CARTESIAN_POINT('',(-1.387418064463,50.046789038568,
    0.693963298257));
#905 = CARTESIAN_POINT('',(-1.454045466706,49.978853045871,
    0.732050907569));
#906 = PCURVE('',#134,#907);
#907 = DEFINITIONAL_REPRESENTATION('',(#908),#935);
#908 = B_SPLINE_CURVE_WITH_KNOTS('',7,(#909,#910,#911,#912,#913,#914,
    #915,#916,#917,#918,#919,#920,#921,#922,#923,#924,#925,#926,#927,
    #928,#929,#930,#931,#932,#933,#934),.UNSPECIFIED.,.F.,.F.,(8,6,6,6,8
    ),(0.,0.237689957949,0.498198278588,0.761673581398,1.),
  .UNSPECIFIED.);
#909 = CARTESIAN_POINT('',(0.953095952092,0.));
#910 = CARTESIAN_POINT('',(0.951728051276,3.798773290076E-02));
#911 = CARTESIAN_POINT('',(0.950265215514,7.470618619616E-02));
#912 = CARTESIAN_POINT('',(0.94870287001,0.109968898521));
#913 = CARTESIAN_POINT('',(0.947037340676,0.143516991756));
#914 = CARTESIAN_POINT('',(0.945266337142,0.17502699494));
#915 = CARTESIAN_POINT('',(0.943389586201,0.204122287857));
#916 = CARTESIAN_POINT('',(0.939239567016,0.259175578873));
#917 = CARTESIAN_POINT('',(0.936942634288,0.284602663211));
#918 = CARTESIAN_POINT('',(0.934528086997,0.306021557107));
#919 = CARTESIAN_POINT('',(0.932011793499,0.322779928224));
#920 = CARTESIAN_POINT('',(0.929417447507,0.334306583583));
#921 = CARTESIAN_POINT('',(0.926777818675,0.340186110391));
#922 = CARTESIAN_POINT('',(0.921468829145,0.340655971614));
#923 = CARTESIAN_POINT('',(0.918796210297,0.335117249369));
#924 = CARTESIAN_POINT('',(0.916167858691,0.32378050578));
#925 = CARTESIAN_POINT('',(0.913618021191,0.307065344296));
#926 = CARTESIAN_POINT('',(0.911171546256,0.285558341809));
#927 = CARTESIAN_POINT('',(0.908845157838,0.259935165621));
#928 = CARTESIAN_POINT('',(0.904661913482,0.204580967739));
#929 = CARTESIAN_POINT('',(0.90277883439,0.175441059328));
#930 = CARTESIAN_POINT('',(0.901002059965,0.143869670344));
#931 = CARTESIAN_POINT('',(0.899331335229,0.110246905108));
#932 = CARTESIAN_POINT('',(0.89776435937,7.489918677612E-02));
#933 = CARTESIAN_POINT('',(0.896297429668,3.808760931171E-02));
#934 = CARTESIAN_POINT('',(0.8949259324,0.));
#935 = ( GEOMETRIC_REPRESENTATION_CONTEXT(2) 
PARAMETRIC_REPRESENTATION_CONTEXT() REPRESENTATION_CONTEXT('2D SPACE',''
  ) );
#936 = PCURVE('',#342,#937);
#937 = DEFINITIONAL_REPRESENTATION('',(#938),#965);
#938 = B_SPLINE_CURVE_WITH_KNOTS('',7,(#939,#940,#941,#942,#943,#944,
    #945,#946,#947,#948,#949,#950,#951,#952,#953,#954,#955,#956,#957,
    #958,#959,#960,#961,#962,#963,#964),.UNSPECIFIED.,.F.,.F.,(8,6,6,6,8
    ),(0.,0.237689957949,0.498198278588,0.761673581398,1.),
  .UNSPECIFIED.);
#939 = CARTESIAN_POINT('',(1.490935694151,5.512609186071));
#940 = CARTESIAN_POINT('',(1.495852809346,5.556976016904));
#941 = CARTESIAN_POINT('',(1.500522443775,5.602466226449));
#942 = CARTESIAN_POINT('',(1.504932417698,5.64918754537));
#943 = CARTESIAN_POINT('',(1.509062467986,5.697221120564));
#944 = CARTESIAN_POINT('',(1.512886394294,5.746627489265));
#945 = CARTESIAN_POINT('',(1.516373447886,5.79744726849));
#946 = CARTESIAN_POINT('',(1.522903569448,5.906961811046));
#947 = CARTESIAN_POINT('',(1.525876427504,5.966020660711));
#948 = CARTESIAN_POINT('',(1.52834962716,6.026729697183));
#949 = CARTESIAN_POINT('',(1.530266418875,6.088873557587));
#950 = CARTESIAN_POINT('',(1.53157859132,6.152147648821));
#951 = CARTESIAN_POINT('',(1.532247807301,6.216131015921));
#952 = CARTESIAN_POINT('',(1.532301286895,6.344792553598));
#953 = CARTESIAN_POINT('',(1.531670859134,6.409549273327));
#954 = CARTESIAN_POINT('',(1.530380787688,6.473608107687));
#955 = CARTESIAN_POINT('',(1.528469946767,6.536529488188));
#956 = CARTESIAN_POINT('',(1.525987776433,6.597993907237));
#957 = CARTESIAN_POINT('',(1.522993035666,6.657773315237));
#958 = CARTESIAN_POINT('',(1.516428415063,6.768121565238));
#959 = CARTESIAN_POINT('',(1.512936638583,6.819093583992));
#960 = CARTESIAN_POINT('',(1.509105883351,6.868644394161));
#961 = CARTESIAN_POINT('',(1.504967183817,6.916814656669));
#962 = CARTESIAN_POINT('',(1.50054698635,6.963665253479));
#963 = CARTESIAN_POINT('',(1.495865737304,7.009277949277));
#964 = CARTESIAN_POINT('',(1.490935694151,7.053761428288));
#965 = ( GEOMETRIC_REPRESENTATION_CONTEXT(2) 
PARAMETRIC_REPRESENTATION_CONTEXT() REPRESENTATION_CONTEXT('2D SPACE',''
  ) );
#966 = ORIENTED_EDGE('',*,*,#444,.T.);
#967 = ORIENTED_EDGE('',*,*,#968,.T.);
#968 = EDGE_CURVE('',#445,#969,#971,.T.);
#969 = VERTEX_POINT('',#970);
#970 = CARTESIAN_POINT('',(40.9131114862,30.895305839488,
    1.000000224849E-07));
#971 = SURFACE_CURVE('',#972,(#976,#983),.PCURVE_S1.);
#972 = LINE('',#973,#974);
#973 = CARTESIAN_POINT('',(39.901256175311,30.131208997188,
    0.732050907569));
#974 = VECTOR('',#975,1.);
#975 = DIRECTION('',(0.691110029815,0.521887848766,-0.5));
#976 = PCURVE('',#134,#977);
#977 = DEFINITIONAL_REPRESENTATION('',(#978),#982);
#978 = LINE('',#979,#980);
#979 = CARTESIAN_POINT('',(1.848021884492,0.));
#980 = VECTOR('',#981,1.);
#981 = DIRECTION('',(0.,1.));
#982 = ( GEOMETRIC_REPRESENTATION_CONTEXT(2) 
PARAMETRIC_REPRESENTATION_CONTEXT() REPRESENTATION_CONTEXT('2D SPACE',''
  ) );
#983 = PCURVE('',#705,#984);
#984 = DEFINITIONAL_REPRESENTATION('',(#985),#988);
#985 = B_SPLINE_CURVE_WITH_KNOTS('',1,(#986,#987),.UNSPECIFIED.,.F.,.F.,
  (2,2),(0.,1.464101615138),.PIECEWISE_BEZIER_KNOTS.);
#986 = CARTESIAN_POINT('',(0.,92.401094224604));
#987 = CARTESIAN_POINT('',(4.58562840159,92.401094224604));
#988 = ( GEOMETRIC_REPRESENTATION_CONTEXT(2) 
PARAMETRIC_REPRESENTATION_CONTEXT() REPRESENTATION_CONTEXT('2D SPACE',''
  ) );
#989 = ORIENTED_EDGE('',*,*,#990,.F.);
#990 = EDGE_CURVE('',#824,#969,#991,.T.);
#991 = SURFACE_CURVE('',#992,(#997,#1004),.PCURVE_S1.);
#992 = CIRCLE('',#993,51.267949192431);
#993 = AXIS2_PLACEMENT_3D('',#994,#995,#996);
#994 = CARTESIAN_POINT('',(0.,-1.959434878636E-15,1.000000260376E-07));
#995 = DIRECTION('',(0.,-1.224646799147E-16,-1.));
#996 = DIRECTION('',(-0.798025123506,0.602624179944,-7.380017730569E-17)
  );
#997 = PCURVE('',#134,#998);
#998 = DEFINITIONAL_REPRESENTATION('',(#999),#1003);
#999 = LINE('',#1000,#1001);
#1000 = CARTESIAN_POINT('',(0.,0.732050807569));
#1001 = VECTOR('',#1002,1.);
#1002 = DIRECTION('',(1.,0.));
#1003 = ( GEOMETRIC_REPRESENTATION_CONTEXT(2) 
PARAMETRIC_REPRESENTATION_CONTEXT() REPRESENTATION_CONTEXT('2D SPACE',''
  ) );
#1004 = PCURVE('',#1005,#1010);
#1005 = PLANE('',#1006);
#1006 = AXIS2_PLACEMENT_3D('',#1007,#1008,#1009);
#1007 = CARTESIAN_POINT('',(-3.9651475332E-15,-3.966461557336E-16,
    1.000000260376E-07));
#1008 = DIRECTION('',(0.,-1.224646799147E-16,-1.));
#1009 = DIRECTION('',(1.110223024625E-16,-1.,1.224646799147E-16));
#1010 = DEFINITIONAL_REPRESENTATION('',(#1011),#1015);
#1011 = CIRCLE('',#1012,51.267949192431);
#1012 = AXIS2_PLACEMENT_2D('',#1013,#1014);
#1013 = CARTESIAN_POINT('',(1.562788722902E-15,-3.9651475332E-15));
#1014 = DIRECTION('',(-0.602624179944,0.798025123506));
#1015 = ( GEOMETRIC_REPRESENTATION_CONTEXT(2) 
PARAMETRIC_REPRESENTATION_CONTEXT() REPRESENTATION_CONTEXT('2D SPACE',''
  ) );
#1016 = ADVANCED_FACE('',(#1017),#342,.F.);
#1017 = FACE_BOUND('',#1018,.F.);
#1018 = EDGE_LOOP('',(#1019,#1020));
#1019 = ORIENTED_EDGE('',*,*,#146,.F.);
#1020 = ORIENTED_EDGE('',*,*,#877,.T.);
#1021 = ADVANCED_FACE('',(#1022),#74,.F.);
#1022 = FACE_BOUND('',#1023,.F.);
#1023 = EDGE_LOOP('',(#1024,#1025,#1077,#1101));
#1024 = ORIENTED_EDGE('',*,*,#57,.F.);
#1025 = ORIENTED_EDGE('',*,*,#1026,.F.);
#1026 = EDGE_CURVE('',#1027,#58,#1029,.T.);
#1027 = VERTEX_POINT('',#1028);
#1028 = CARTESIAN_POINT('',(-37.58775064899,28.225524475525,
    0.732050907569));
#1029 = SURFACE_CURVE('',#1030,(#1046,#1070),.PCURVE_S1.);
#1030 = B_SPLINE_CURVE_WITH_KNOTS('',14,(#1031,#1032,#1033,#1034,#1035,
    #1036,#1037,#1038,#1039,#1040,#1041,#1042,#1043,#1044,#1045),
  .UNSPECIFIED.,.F.,.F.,(15,15),(181.77661561831,186.3622440199),
  .PIECEWISE_BEZIER_KNOTS.);
#1031 = CARTESIAN_POINT('',(-37.58775064899,28.225524475525,
    0.732050907569));
#1032 = CARTESIAN_POINT('',(-37.80644407059,27.981786418731,
    0.732050907572));
#1033 = CARTESIAN_POINT('',(-38.0825433708,27.789392462647,
    0.732050907589));
#1034 = CARTESIAN_POINT('',(-38.40284303891,27.662738870998,
    0.732050907311));
#1035 = CARTESIAN_POINT('',(-38.75051915108,27.615103684124,
    0.73205090877));
#1036 = CARTESIAN_POINT('',(-39.10333211357,27.644064589744,
    0.732050904129));
#1037 = CARTESIAN_POINT('',(-39.44747509391,27.770855156021,
    0.732050914434));
#1038 = CARTESIAN_POINT('',(-39.74354247544,27.952391827701,
    0.73205089757));
#1039 = CARTESIAN_POINT('',(-40.00269094685,28.226711466,0.732050918132)
  );
#1040 = CARTESIAN_POINT('',(-40.17486194376,28.528672484004,
    0.732050899772));
#1041 = CARTESIAN_POINT('',(-40.28043368622,28.874033038608,
    0.732050911315));
#1042 = CARTESIAN_POINT('',(-40.29680453313,29.223319448351,
    0.732050906491));
#1043 = CARTESIAN_POINT('',(-40.2346330266,29.562049585577,
    0.732050907699));
#1044 = CARTESIAN_POINT('',(-40.09859609123,29.869881596087,
    0.732050907572));
#1045 = CARTESIAN_POINT('',(-39.90125617531,30.131208997188,
    0.732050907569));
#1046 = PCURVE('',#74,#1047);
#1047 = DEFINITIONAL_REPRESENTATION('',(#1048),#1069);
#1048 = B_SPLINE_CURVE_WITH_KNOTS('',10,(#1049,#1050,#1051,#1052,#1053,
    #1054,#1055,#1056,#1057,#1058,#1059,#1060,#1061,#1062,#1063,#1064,
    #1065,#1066,#1067,#1068),.UNSPECIFIED.,.F.,.F.,(11,9,11),(
    181.77661561831,184.0694298191,186.3622440199),.UNSPECIFIED.);
#1049 = CARTESIAN_POINT('',(16.,0.732050807569));
#1050 = CARTESIAN_POINT('',(15.199998969517,0.732050807569));
#1051 = CARTESIAN_POINT('',(14.399982879847,0.732050807579));
#1052 = CARTESIAN_POINT('',(13.59989513081,0.73205080752));
#1053 = CARTESIAN_POINT('',(12.800183655592,0.732050807673));
#1054 = CARTESIAN_POINT('',(11.999916158795,0.732050807448));
#1055 = CARTESIAN_POINT('',(11.199991993573,0.732050807648));
#1056 = CARTESIAN_POINT('',(10.399894148097,0.73205080754));
#1057 = CARTESIAN_POINT('',(9.599977812537,0.732050807568));
#1058 = CARTESIAN_POINT('',(8.79998351965,0.732050807567));
#1059 = CARTESIAN_POINT('',(7.199972756523,0.732050807571));
#1060 = CARTESIAN_POINT('',(6.399947331743,0.732050807582));
#1061 = CARTESIAN_POINT('',(5.599929426105,0.732050807505));
#1062 = CARTESIAN_POINT('',(4.799860049506,0.732050807715));
#1063 = CARTESIAN_POINT('',(4.000265253546,0.732050807173));
#1064 = CARTESIAN_POINT('',(3.199832225334,0.732050808028));
#1065 = CARTESIAN_POINT('',(2.399923186638,0.732050807299));
#1066 = CARTESIAN_POINT('',(1.600062582072,0.732050807627));
#1067 = CARTESIAN_POINT('',(0.800001030484,0.732050807569));
#1068 = CARTESIAN_POINT('',(4.443454808089E-16,0.732050807569));
#1069 = ( GEOMETRIC_REPRESENTATION_CONTEXT(2) 
PARAMETRIC_REPRESENTATION_CONTEXT() REPRESENTATION_CONTEXT('2D SPACE',''
  ) );
#1070 = PCURVE('',#839,#1071);
#1071 = DEFINITIONAL_REPRESENTATION('',(#1072),#1076);
#1072 = LINE('',#1073,#1074);
#1073 = CARTESIAN_POINT('',(0.,0.));
#1074 = VECTOR('',#1075,1.);
#1075 = DIRECTION('',(0.,1.));
#1076 = ( GEOMETRIC_REPRESENTATION_CONTEXT(2) 
PARAMETRIC_REPRESENTATION_CONTEXT() REPRESENTATION_CONTEXT('2D SPACE',''
  ) );
#1077 = ORIENTED_EDGE('',*,*,#1078,.T.);
#1078 = EDGE_CURVE('',#1027,#1079,#1081,.T.);
#1079 = VERTEX_POINT('',#1080);
#1080 = CARTESIAN_POINT('',(-37.58775064899,28.225524475525,15.0000001)
  );
#1081 = SURFACE_CURVE('',#1082,(#1088,#1095),.PCURVE_S1.);
#1082 = B_SPLINE_CURVE_WITH_KNOTS('',2,(#1083,#1084,#1085,#1086,#1087),
  .UNSPECIFIED.,.F.,.F.,(3,1,1,3),(-0.9792,-2.477098387521E-14,16.,
    16.9792),.UNSPECIFIED.);
#1083 = CARTESIAN_POINT('',(-37.58775064899,28.225524475525,-0.9791999)
  );
#1084 = CARTESIAN_POINT('',(-37.58775064899,28.225524475525,-0.4895999)
  );
#1085 = CARTESIAN_POINT('',(-37.58775064899,28.225524475525,8.0000001));
#1086 = CARTESIAN_POINT('',(-37.58775064899,28.225524475525,16.4896001)
  );
#1087 = CARTESIAN_POINT('',(-37.58775064899,28.225524475525,16.9792001)
  );
#1088 = PCURVE('',#74,#1089);
#1089 = DEFINITIONAL_REPRESENTATION('',(#1090),#1094);
#1090 = LINE('',#1091,#1092);
#1091 = CARTESIAN_POINT('',(16.,0.));
#1092 = VECTOR('',#1093,1.);
#1093 = DIRECTION('',(0.,1.));
#1094 = ( GEOMETRIC_REPRESENTATION_CONTEXT(2) 
PARAMETRIC_REPRESENTATION_CONTEXT() REPRESENTATION_CONTEXT('2D SPACE',''
  ) );
#1095 = PCURVE('',#759,#1096);
#1096 = DEFINITIONAL_REPRESENTATION('',(#1097),#1100);
#1097 = B_SPLINE_CURVE_WITH_KNOTS('',1,(#1098,#1099),.UNSPECIFIED.,.F.,
  .F.,(2,2),(-2.477098387521E-14,16.),.PIECEWISE_BEZIER_KNOTS.);
#1098 = CARTESIAN_POINT('',(-2.302088762579,-16.));
#1099 = CARTESIAN_POINT('',(-2.302088762579,1.401656568589E-15));
#1100 = ( GEOMETRIC_REPRESENTATION_CONTEXT(2) 
PARAMETRIC_REPRESENTATION_CONTEXT() REPRESENTATION_CONTEXT('2D SPACE',''
  ) );
#1101 = ORIENTED_EDGE('',*,*,#1102,.T.);
#1102 = EDGE_CURVE('',#1079,#22,#1103,.T.);
#1103 = SURFACE_CURVE('',#1104,(#1120,#1144),.PCURVE_S1.);
#1104 = B_SPLINE_CURVE_WITH_KNOTS('',14,(#1105,#1106,#1107,#1108,#1109,
    #1110,#1111,#1112,#1113,#1114,#1115,#1116,#1117,#1118,#1119),
  .UNSPECIFIED.,.F.,.F.,(15,15),(181.77661561831,186.3622440199),
  .PIECEWISE_BEZIER_KNOTS.);
#1105 = CARTESIAN_POINT('',(-37.58775064899,28.225524475525,15.0000001)
  );
#1106 = CARTESIAN_POINT('',(-37.80644407059,27.981786418731,15.0000001)
  );
#1107 = CARTESIAN_POINT('',(-38.0825433708,27.789392462647,
    15.000000099974));
#1108 = CARTESIAN_POINT('',(-38.40284303891,27.662738870998,
    15.000000100222));
#1109 = CARTESIAN_POINT('',(-38.75051915108,27.615103684124,
    15.000000099047));
#1110 = CARTESIAN_POINT('',(-39.10333211357,27.644064589744,
    15.000000102643));
#1111 = CARTESIAN_POINT('',(-39.44747509391,27.770855156021,
    15.000000094803));
#1112 = CARTESIAN_POINT('',(-39.74354247544,27.952391827701,
    15.000000107509));
#1113 = CARTESIAN_POINT('',(-40.00269094685,28.226711466,15.000000092099
    ));
#1114 = CARTESIAN_POINT('',(-40.17486194376,28.528672484004,
    15.00000010583));
#1115 = CARTESIAN_POINT('',(-40.28043368622,28.874033038608,
    15.000000097186));
#1116 = CARTESIAN_POINT('',(-40.29680453313,29.223319448351,
    15.000000100822));
#1117 = CARTESIAN_POINT('',(-40.2346330266,29.562049585577,
    15.000000099894));
#1118 = CARTESIAN_POINT('',(-40.09859609123,29.869881596087,15.0000001)
  );
#1119 = CARTESIAN_POINT('',(-39.90125617531,30.131208997188,15.0000001)
  );
#1120 = PCURVE('',#74,#1121);
#1121 = DEFINITIONAL_REPRESENTATION('',(#1122),#1143);
#1122 = B_SPLINE_CURVE_WITH_KNOTS('',10,(#1123,#1124,#1125,#1126,#1127,
    #1128,#1129,#1130,#1131,#1132,#1133,#1134,#1135,#1136,#1137,#1138,
    #1139,#1140,#1141,#1142),.UNSPECIFIED.,.F.,.F.,(11,9,11),(
    181.77661561831,184.0694298191,186.3622440199),.UNSPECIFIED.);
#1123 = CARTESIAN_POINT('',(16.,15.));
#1124 = CARTESIAN_POINT('',(15.199998969517,14.999999999999));
#1125 = CARTESIAN_POINT('',(14.399982879847,14.999999999994));
#1126 = CARTESIAN_POINT('',(13.59989513081,15.000000000033));
#1127 = CARTESIAN_POINT('',(12.800183655592,14.999999999925));
#1128 = CARTESIAN_POINT('',(11.999916158795,15.000000000089));
#1129 = CARTESIAN_POINT('',(11.199991993573,14.999999999941));
#1130 = CARTESIAN_POINT('',(10.399894148097,15.000000000023));
#1131 = CARTESIAN_POINT('',(9.599977812537,14.999999999999));
#1132 = CARTESIAN_POINT('',(8.79998351965,15.000000000002));
#1133 = CARTESIAN_POINT('',(7.199972756523,14.999999999998));
#1134 = CARTESIAN_POINT('',(6.399947331743,14.999999999993));
#1135 = CARTESIAN_POINT('',(5.599929426105,15.000000000041));
#1136 = CARTESIAN_POINT('',(4.799860049506,14.999999999903));
#1137 = CARTESIAN_POINT('',(4.000265253546,15.000000000277));
#1138 = CARTESIAN_POINT('',(3.199832225334,14.999999999676));
#1139 = CARTESIAN_POINT('',(2.399923186638,15.000000000188));
#1140 = CARTESIAN_POINT('',(1.600062582072,14.999999999962));
#1141 = CARTESIAN_POINT('',(0.800001030484,14.999999999998));
#1142 = CARTESIAN_POINT('',(4.443454808089E-16,15.));
#1143 = ( GEOMETRIC_REPRESENTATION_CONTEXT(2) 
PARAMETRIC_REPRESENTATION_CONTEXT() REPRESENTATION_CONTEXT('2D SPACE',''
  ) );
#1144 = PCURVE('',#545,#1145);
#1145 = DEFINITIONAL_REPRESENTATION('',(#1146),#1150);
#1146 = LINE('',#1147,#1148);
#1147 = CARTESIAN_POINT('',(0.,0.));
#1148 = VECTOR('',#1149,1.);
#1149 = DIRECTION('',(0.,1.));
#1150 = ( GEOMETRIC_REPRESENTATION_CONTEXT(2) 
PARAMETRIC_REPRESENTATION_CONTEXT() REPRESENTATION_CONTEXT('2D SPACE',''
  ) );
#1151 = ADVANCED_FACE('',(#1152),#545,.F.);
#1152 = FACE_BOUND('',#1153,.F.);
#1153 = EDGE_LOOP('',(#1154,#1181,#1226,#1227));
#1154 = ORIENTED_EDGE('',*,*,#1155,.T.);
#1155 = EDGE_CURVE('',#1079,#1156,#1158,.T.);
#1156 = VERTEX_POINT('',#1157);
#1157 = CARTESIAN_POINT('',(-36.84343875495,27.557692307692,16.0000001)
  );
#1158 = SURFACE_CURVE('',#1159,(#1163,#1169),.PCURVE_S1.);
#1159 = LINE('',#1160,#1161);
#1160 = CARTESIAN_POINT('',(-37.58775064899,28.225524475525,15.0000001)
  );
#1161 = VECTOR('',#1162,1.);
#1162 = DIRECTION('',(0.526307987593,-0.472228654569,0.707106781187));
#1163 = PCURVE('',#545,#1164);
#1164 = DEFINITIONAL_REPRESENTATION('',(#1165),#1168);
#1165 = B_SPLINE_CURVE_WITH_KNOTS('',1,(#1166,#1167),.UNSPECIFIED.,.F.,
  .F.,(2,2),(0.,1.414213562373),.PIECEWISE_BEZIER_KNOTS.);
#1166 = CARTESIAN_POINT('',(0.,181.77661561831));
#1167 = CARTESIAN_POINT('',(4.585628401591,181.77661561831));
#1168 = ( GEOMETRIC_REPRESENTATION_CONTEXT(2) 
PARAMETRIC_REPRESENTATION_CONTEXT() REPRESENTATION_CONTEXT('2D SPACE',''
  ) );
#1169 = PCURVE('',#1170,#1175);
#1170 = CONICAL_SURFACE('',#1171,50.5,0.785398163397);
#1171 = AXIS2_PLACEMENT_3D('',#1172,#1173,#1174);
#1172 = CARTESIAN_POINT('',(6.106226635438E-16,-5.5,15.0000001));
#1173 = DIRECTION('',(-0.,-1.224646799147E-16,-1.));
#1174 = DIRECTION('',(0.744311894039,0.667832167832,-8.178585267033E-17)
  );
#1175 = DEFINITIONAL_REPRESENTATION('',(#1176),#1180);
#1176 = LINE('',#1177,#1178);
#1177 = CARTESIAN_POINT('',(-1.679007782022,-0.));
#1178 = VECTOR('',#1179,1.);
#1179 = DIRECTION('',(-0.,-1.));
#1180 = ( GEOMETRIC_REPRESENTATION_CONTEXT(2) 
PARAMETRIC_REPRESENTATION_CONTEXT() REPRESENTATION_CONTEXT('2D SPACE',''
  ) );
#1181 = ORIENTED_EDGE('',*,*,#1182,.T.);
#1182 = EDGE_CURVE('',#1156,#530,#1183,.T.);
#1183 = SURFACE_CURVE('',#1184,(#1200,#1207),.PCURVE_S1.);
#1184 = B_SPLINE_CURVE_WITH_KNOTS('',14,(#1185,#1186,#1187,#1188,#1189,
    #1190,#1191,#1192,#1193,#1194,#1195,#1196,#1197,#1198,#1199),
  .UNSPECIFIED.,.F.,.F.,(15,15),(181.77661561831,186.3622440199),
  .PIECEWISE_BEZIER_KNOTS.);
#1185 = CARTESIAN_POINT('',(-36.84343875495,27.557692307692,16.0000001)
  );
#1186 = CARTESIAN_POINT('',(-37.20792808723,27.151461882838,16.0000001)
  );
#1187 = CARTESIAN_POINT('',(-37.66794624648,26.830631673183,16.0000001)
  );
#1188 = CARTESIAN_POINT('',(-38.20318743661,26.620985960708,16.0000001)
  );
#1189 = CARTESIAN_POINT('',(-38.77613358713,26.535698654865,16.0000001)
  );
#1190 = CARTESIAN_POINT('',(-39.38281598192,26.599241873599,16.0000001)
  );
#1191 = CARTESIAN_POINT('',(-39.92013440946,26.783257695378,16.0000001)
  );
#1192 = CARTESIAN_POINT('',(-40.46360472058,27.120462832432,16.0000001)
  );
#1193 = CARTESIAN_POINT('',(-40.84523664382,27.546587283709,16.0000001)
  );
#1194 = CARTESIAN_POINT('',(-41.16932409433,28.068722743146,16.0000001)
  );
#1195 = CARTESIAN_POINT('',(-41.32529109341,28.637491535283,16.0000001)
  );
#1196 = CARTESIAN_POINT('',(-41.36019396765,29.22042365109,16.0000001));
#1197 = CARTESIAN_POINT('',(-41.25466516622,29.785383644794,16.0000001)
  );
#1198 = CARTESIAN_POINT('',(-41.02818142604,30.298287154607,16.0000001)
  );
#1199 = CARTESIAN_POINT('',(-40.69928129881,30.733833177132,16.0000001)
  );
#1200 = PCURVE('',#545,#1201);
#1201 = DEFINITIONAL_REPRESENTATION('',(#1202),#1206);
#1202 = LINE('',#1203,#1204);
#1203 = CARTESIAN_POINT('',(4.585628401591,0.));
#1204 = VECTOR('',#1205,1.);
#1205 = DIRECTION('',(0.,1.));
#1206 = ( GEOMETRIC_REPRESENTATION_CONTEXT(2) 
PARAMETRIC_REPRESENTATION_CONTEXT() REPRESENTATION_CONTEXT('2D SPACE',''
  ) );
#1207 = PCURVE('',#651,#1208);
#1208 = DEFINITIONAL_REPRESENTATION('',(#1209),#1225);
#1209 = B_SPLINE_CURVE_WITH_KNOTS('',14,(#1210,#1211,#1212,#1213,#1214,
    #1215,#1216,#1217,#1218,#1219,#1220,#1221,#1222,#1223,#1224),
  .UNSPECIFIED.,.F.,.F.,(15,15),(181.77661561831,186.3622440199),
  .PIECEWISE_BEZIER_KNOTS.);
#1210 = CARTESIAN_POINT('',(-27.55769230769,36.843438754953));
#1211 = CARTESIAN_POINT('',(-27.15146188283,37.207928087239));
#1212 = CARTESIAN_POINT('',(-26.83063167318,37.667946246487));
#1213 = CARTESIAN_POINT('',(-26.6209859607,38.20318743661));
#1214 = CARTESIAN_POINT('',(-26.53569865486,38.776133587133));
#1215 = CARTESIAN_POINT('',(-26.59924187359,39.382815981926));
#1216 = CARTESIAN_POINT('',(-26.78325769537,39.920134409461));
#1217 = CARTESIAN_POINT('',(-27.12046283243,40.463604720589));
#1218 = CARTESIAN_POINT('',(-27.5465872837,40.845236643829));
#1219 = CARTESIAN_POINT('',(-28.06872274314,41.169324094333));
#1220 = CARTESIAN_POINT('',(-28.63749153528,41.325291093414));
#1221 = CARTESIAN_POINT('',(-29.22042365109,41.360193967653));
#1222 = CARTESIAN_POINT('',(-29.78538364479,41.254665166227));
#1223 = CARTESIAN_POINT('',(-30.2982871546,41.028181426045));
#1224 = CARTESIAN_POINT('',(-30.73383317713,40.699281298817));
#1225 = ( GEOMETRIC_REPRESENTATION_CONTEXT(2) 
PARAMETRIC_REPRESENTATION_CONTEXT() REPRESENTATION_CONTEXT('2D SPACE',''
  ) );
#1226 = ORIENTED_EDGE('',*,*,#529,.F.);
#1227 = ORIENTED_EDGE('',*,*,#1102,.F.);
#1228 = ADVANCED_FACE('',(#1229,#1306,#1337),#651,.F.);
#1229 = FACE_BOUND('',#1230,.F.);
#1230 = EDGE_LOOP('',(#1231,#1232,#1233,#1261));
#1231 = ORIENTED_EDGE('',*,*,#636,.F.);
#1232 = ORIENTED_EDGE('',*,*,#1182,.F.);
#1233 = ORIENTED_EDGE('',*,*,#1234,.F.);
#1234 = EDGE_CURVE('',#1235,#1156,#1237,.T.);
#1235 = VERTEX_POINT('',#1236);
#1236 = CARTESIAN_POINT('',(36.843438754953,27.557692307692,16.0000001)
  );
#1237 = SURFACE_CURVE('',#1238,(#1243,#1254),.PCURVE_S1.);
#1238 = CIRCLE('',#1239,49.5);
#1239 = AXIS2_PLACEMENT_3D('',#1240,#1241,#1242);
#1240 = CARTESIAN_POINT('',(6.106226635438E-16,-5.5,16.0000001));
#1241 = DIRECTION('',(0.,1.224646799147E-16,1.));
#1242 = DIRECTION('',(0.744311894039,0.667832167832,-8.178585267033E-17)
  );
#1243 = PCURVE('',#651,#1244);
#1244 = DEFINITIONAL_REPRESENTATION('',(#1245),#1253);
#1245 = ( BOUNDED_CURVE() B_SPLINE_CURVE(2,(#1246,#1247,#1248,#1249,
#1250,#1251,#1252),.UNSPECIFIED.,.T.,.F.) B_SPLINE_CURVE_WITH_KNOTS((1,2
    ,2,2,2,1),(-2.094395102393,0.,2.094395102393,4.188790204786,
6.28318530718,8.377580409573),.UNSPECIFIED.) CURVE() 
GEOMETRIC_REPRESENTATION_ITEM() RATIONAL_B_SPLINE_CURVE((1.,0.5,1.,0.5,
1.,0.5,1.)) REPRESENTATION_ITEM('') );
#1246 = CARTESIAN_POINT('',(-27.55769230769,-36.84343875495));
#1247 = CARTESIAN_POINT('',(-91.37240015682,20.414163902949));
#1248 = CARTESIAN_POINT('',(-9.878507770719,47.050520706427));
#1249 = CARTESIAN_POINT('',(71.615384615385,73.686877509905));
#1250 = CARTESIAN_POINT('',(53.936200078411,-10.20708195147));
#1251 = CARTESIAN_POINT('',(36.257015541438,-94.10104141285));
#1252 = CARTESIAN_POINT('',(-27.55769230769,-36.84343875495));
#1253 = ( GEOMETRIC_REPRESENTATION_CONTEXT(2) 
PARAMETRIC_REPRESENTATION_CONTEXT() REPRESENTATION_CONTEXT('2D SPACE',''
  ) );
#1254 = PCURVE('',#1170,#1255);
#1255 = DEFINITIONAL_REPRESENTATION('',(#1256),#1260);
#1256 = LINE('',#1257,#1258);
#1257 = CARTESIAN_POINT('',(-0.,-1.));
#1258 = VECTOR('',#1259,1.);
#1259 = DIRECTION('',(-1.,-0.));
#1260 = ( GEOMETRIC_REPRESENTATION_CONTEXT(2) 
PARAMETRIC_REPRESENTATION_CONTEXT() REPRESENTATION_CONTEXT('2D SPACE',''
  ) );
#1261 = ORIENTED_EDGE('',*,*,#1262,.F.);
#1262 = EDGE_CURVE('',#584,#1235,#1263,.T.);
#1263 = SURFACE_CURVE('',#1264,(#1280,#1299),.PCURVE_S1.);
#1264 = B_SPLINE_CURVE_WITH_KNOTS('',14,(#1265,#1266,#1267,#1268,#1269,
    #1270,#1271,#1272,#1273,#1274,#1275,#1276,#1277,#1278,#1279),
  .UNSPECIFIED.,.F.,.F.,(15,15),(92.401094224604,96.986722626194),
  .PIECEWISE_BEZIER_KNOTS.);
#1265 = CARTESIAN_POINT('',(40.699281298817,30.733833177132,16.0000001)
  );
#1266 = CARTESIAN_POINT('',(41.028181411058,30.298287174465,16.0000001)
  );
#1267 = CARTESIAN_POINT('',(41.254966446342,29.785334798896,16.0000001)
  );
#1268 = CARTESIAN_POINT('',(41.358206901597,29.219873126142,16.0000001)
  );
#1269 = CARTESIAN_POINT('',(41.332240840206,28.641118907099,16.0000001)
  );
#1270 = CARTESIAN_POINT('',(41.153477373025,28.057986534589,16.0000001)
  );
#1271 = CARTESIAN_POINT('',(40.870397370759,27.565706811747,16.0000001)
  );
#1272 = CARTESIAN_POINT('',(40.434670689542,27.096945266676,16.0000001)
  );
#1273 = CARTESIAN_POINT('',(39.944080366349,26.804039930945,16.0000001)
  );
#1274 = CARTESIAN_POINT('',(39.368955368034,26.585859163308,16.0000001)
  );
#1275 = CARTESIAN_POINT('',(38.781175136487,26.541792401935,16.0000001)
  );
#1276 = CARTESIAN_POINT('',(38.2022203442,26.619145304294,16.0000001));
#1277 = CARTESIAN_POINT('',(37.667962391676,26.830936909259,16.0000001)
  );
#1278 = CARTESIAN_POINT('',(37.207928103089,27.151461865187,16.0000001)
  );
#1279 = CARTESIAN_POINT('',(36.843438754953,27.557692307692,16.0000001)
  );
#1280 = PCURVE('',#651,#1281);
#1281 = DEFINITIONAL_REPRESENTATION('',(#1282),#1298);
#1282 = B_SPLINE_CURVE_WITH_KNOTS('',14,(#1283,#1284,#1285,#1286,#1287,
    #1288,#1289,#1290,#1291,#1292,#1293,#1294,#1295,#1296,#1297),
  .UNSPECIFIED.,.F.,.F.,(15,15),(92.401094224604,96.986722626194),
  .PIECEWISE_BEZIER_KNOTS.);
#1283 = CARTESIAN_POINT('',(-30.73383317713,-40.69928129881));
#1284 = CARTESIAN_POINT('',(-30.29828717446,-41.02818141105));
#1285 = CARTESIAN_POINT('',(-29.78533479889,-41.25496644634));
#1286 = CARTESIAN_POINT('',(-29.21987312614,-41.35820690159));
#1287 = CARTESIAN_POINT('',(-28.64111890709,-41.3322408402));
#1288 = CARTESIAN_POINT('',(-28.05798653458,-41.15347737302));
#1289 = CARTESIAN_POINT('',(-27.56570681174,-40.87039737075));
#1290 = CARTESIAN_POINT('',(-27.09694526667,-40.43467068954));
#1291 = CARTESIAN_POINT('',(-26.80403993094,-39.94408036634));
#1292 = CARTESIAN_POINT('',(-26.5858591633,-39.36895536803));
#1293 = CARTESIAN_POINT('',(-26.54179240193,-38.78117513648));
#1294 = CARTESIAN_POINT('',(-26.61914530429,-38.2022203442));
#1295 = CARTESIAN_POINT('',(-26.83093690925,-37.66796239167));
#1296 = CARTESIAN_POINT('',(-27.15146186518,-37.20792810308));
#1297 = CARTESIAN_POINT('',(-27.55769230769,-36.84343875495));
#1298 = ( GEOMETRIC_REPRESENTATION_CONTEXT(2) 
PARAMETRIC_REPRESENTATION_CONTEXT() REPRESENTATION_CONTEXT('2D SPACE',''
  ) );
#1299 = PCURVE('',#599,#1300);
#1300 = DEFINITIONAL_REPRESENTATION('',(#1301),#1305);
#1301 = LINE('',#1302,#1303);
#1302 = CARTESIAN_POINT('',(4.58562840159,0.));
#1303 = VECTOR('',#1304,1.);
#1304 = DIRECTION('',(0.,1.));
#1305 = ( GEOMETRIC_REPRESENTATION_CONTEXT(2) 
PARAMETRIC_REPRESENTATION_CONTEXT() REPRESENTATION_CONTEXT('2D SPACE',''
  ) );
#1306 = FACE_BOUND('',#1307,.F.);
#1307 = EDGE_LOOP('',(#1308));
#1308 = ORIENTED_EDGE('',*,*,#1309,.T.);
#1309 = EDGE_CURVE('',#1310,#1310,#1312,.T.);
#1310 = VERTEX_POINT('',#1311);
#1311 = CARTESIAN_POINT('',(6.106226635438E-15,-55.,16.0000001));
#1312 = SURFACE_CURVE('',#1313,(#1318,#1325),.PCURVE_S1.);
#1313 = CIRCLE('',#1314,55.);
#1314 = AXIS2_PLACEMENT_3D('',#1315,#1316,#1317);
#1315 = CARTESIAN_POINT('',(0.,0.,16.0000001));
#1316 = DIRECTION('',(0.,-1.224646799147E-16,-1.));
#1317 = DIRECTION('',(1.110223024625E-16,-1.,1.224646799147E-16));
#1318 = PCURVE('',#651,#1319);
#1319 = DEFINITIONAL_REPRESENTATION('',(#1320),#1324);
#1320 = CIRCLE('',#1321,55.);
#1321 = AXIS2_PLACEMENT_2D('',#1322,#1323);
#1322 = CARTESIAN_POINT('',(1.562788722902E-15,-3.9651475332E-15));
#1323 = DIRECTION('',(1.,1.665067842118E-48));
#1324 = ( GEOMETRIC_REPRESENTATION_CONTEXT(2) 
PARAMETRIC_REPRESENTATION_CONTEXT() REPRESENTATION_CONTEXT('2D SPACE',''
  ) );
#1325 = PCURVE('',#1326,#1331);
#1326 = CONICAL_SURFACE('',#1327,56.,0.785398163397);
#1327 = AXIS2_PLACEMENT_3D('',#1328,#1329,#1330);
#1328 = CARTESIAN_POINT('',(0.,-1.224646799147E-16,15.0000001));
#1329 = DIRECTION('',(0.,-1.224646799147E-16,-1.));
#1330 = DIRECTION('',(1.110223024625E-16,-1.,1.224646799147E-16));
#1331 = DEFINITIONAL_REPRESENTATION('',(#1332),#1336);
#1332 = LINE('',#1333,#1334);
#1333 = CARTESIAN_POINT('',(0.,-1.));
#1334 = VECTOR('',#1335,1.);
#1335 = DIRECTION('',(1.,0.));
#1336 = ( GEOMETRIC_REPRESENTATION_CONTEXT(2) 
PARAMETRIC_REPRESENTATION_CONTEXT() REPRESENTATION_CONTEXT('2D SPACE',''
  ) );
#1337 = FACE_BOUND('',#1338,.F.);
#1338 = EDGE_LOOP('',(#1339));
#1339 = ORIENTED_EDGE('',*,*,#1340,.F.);
#1340 = EDGE_CURVE('',#1341,#1341,#1343,.T.);
#1341 = VERTEX_POINT('',#1342);
#1342 = CARTESIAN_POINT('',(5.440092820663E-15,-49.,16.0000001));
#1343 = SURFACE_CURVE('',#1344,(#1349,#1356),.PCURVE_S1.);
#1344 = CIRCLE('',#1345,43.5);
#1345 = AXIS2_PLACEMENT_3D('',#1346,#1347,#1348);
#1346 = CARTESIAN_POINT('',(6.106226635438E-16,-5.5,16.0000001));
#1347 = DIRECTION('',(0.,-1.224646799147E-16,-1.));
#1348 = DIRECTION('',(1.110223024625E-16,-1.,1.224646799147E-16));
#1349 = PCURVE('',#651,#1350);
#1350 = DEFINITIONAL_REPRESENTATION('',(#1351),#1355);
#1351 = CIRCLE('',#1352,43.5);
#1352 = AXIS2_PLACEMENT_2D('',#1353,#1354);
#1353 = CARTESIAN_POINT('',(5.5,-3.9651475332E-15));
#1354 = DIRECTION('',(1.,1.665067842118E-48));
#1355 = ( GEOMETRIC_REPRESENTATION_CONTEXT(2) 
PARAMETRIC_REPRESENTATION_CONTEXT() REPRESENTATION_CONTEXT('2D SPACE',''
  ) );
#1356 = PCURVE('',#1357,#1362);
#1357 = CONICAL_SURFACE('',#1358,42.5,0.785398163397);
#1358 = AXIS2_PLACEMENT_3D('',#1359,#1360,#1361);
#1359 = CARTESIAN_POINT('',(6.106226635438E-16,-5.5,15.0000001));
#1360 = DIRECTION('',(-0.,1.224646799147E-16,1.));
#1361 = DIRECTION('',(1.110223024625E-16,-1.,1.224646799147E-16));
#1362 = DEFINITIONAL_REPRESENTATION('',(#1363),#1367);
#1363 = LINE('',#1364,#1365);
#1364 = CARTESIAN_POINT('',(0.,1.));
#1365 = VECTOR('',#1366,1.);
#1366 = DIRECTION('',(-1.,-0.));
#1367 = ( GEOMETRIC_REPRESENTATION_CONTEXT(2) 
PARAMETRIC_REPRESENTATION_CONTEXT() REPRESENTATION_CONTEXT('2D SPACE',''
  ) );
#1368 = ADVANCED_FACE('',(#1369),#599,.F.);
#1369 = FACE_BOUND('',#1370,.F.);
#1370 = EDGE_LOOP('',(#1371,#1372,#1373,#1392));
#1371 = ORIENTED_EDGE('',*,*,#583,.T.);
#1372 = ORIENTED_EDGE('',*,*,#1262,.T.);
#1373 = ORIENTED_EDGE('',*,*,#1374,.F.);
#1374 = EDGE_CURVE('',#742,#1235,#1375,.T.);
#1375 = SURFACE_CURVE('',#1376,(#1379,#1386),.PCURVE_S1.);
#1376 = B_SPLINE_CURVE_WITH_KNOTS('',1,(#1377,#1378),.UNSPECIFIED.,.F.,
  .F.,(2,2),(0.,4.58562840159),.PIECEWISE_BEZIER_KNOTS.);
#1377 = CARTESIAN_POINT('',(37.587750648992,28.225524475524,15.0000001)
  );
#1378 = CARTESIAN_POINT('',(36.843438754953,27.557692307692,16.0000001)
  );
#1379 = PCURVE('',#599,#1380);
#1380 = DEFINITIONAL_REPRESENTATION('',(#1381),#1385);
#1381 = LINE('',#1382,#1383);
#1382 = CARTESIAN_POINT('',(0.,96.986722626194));
#1383 = VECTOR('',#1384,1.);
#1384 = DIRECTION('',(1.,0.));
#1385 = ( GEOMETRIC_REPRESENTATION_CONTEXT(2) 
PARAMETRIC_REPRESENTATION_CONTEXT() REPRESENTATION_CONTEXT('2D SPACE',''
  ) );
#1386 = PCURVE('',#1170,#1387);
#1387 = DEFINITIONAL_REPRESENTATION('',(#1388),#1391);
#1388 = B_SPLINE_CURVE_WITH_KNOTS('',1,(#1389,#1390),.UNSPECIFIED.,.F.,
  .F.,(2,2),(0.,4.58562840159),.PIECEWISE_BEZIER_KNOTS.);
#1389 = CARTESIAN_POINT('',(8.881784197001E-16,0.));
#1390 = CARTESIAN_POINT('',(8.881784197001E-16,-1.));
#1391 = ( GEOMETRIC_REPRESENTATION_CONTEXT(2) 
PARAMETRIC_REPRESENTATION_CONTEXT() REPRESENTATION_CONTEXT('2D SPACE',''
  ) );
#1392 = ORIENTED_EDGE('',*,*,#770,.F.);
#1393 = ADVANCED_FACE('',(#1394),#705,.T.);
#1394 = FACE_BOUND('',#1395,.T.);
#1395 = EDGE_LOOP('',(#1396,#1397,#1442,#1466));
#1396 = ORIENTED_EDGE('',*,*,#968,.T.);
#1397 = ORIENTED_EDGE('',*,*,#1398,.T.);
#1398 = EDGE_CURVE('',#969,#1399,#1401,.T.);
#1399 = VERTEX_POINT('',#1400);
#1400 = CARTESIAN_POINT('',(36.644000984028,27.378747217642,
    1.000000224849E-07));
#1401 = SURFACE_CURVE('',#1402,(#1417,#1424),.PCURVE_S1.);
#1402 = B_SPLINE_CURVE_WITH_KNOTS('',7,(#1403,#1404,#1405,#1406,#1407,
    #1408,#1409,#1410,#1411,#1412,#1413,#1414,#1415,#1416),
  .UNSPECIFIED.,.F.,.F.,(8,6,8),(92.401094224604,94.693908425399,
    96.986722626194),.UNSPECIFIED.);
#1403 = CARTESIAN_POINT('',(40.9131114862,30.895305839488,
    1.000000224849E-07));
#1404 = CARTESIAN_POINT('',(41.277263047988,30.413078101632,
    1.000001539353E-07));
#1405 = CARTESIAN_POINT('',(41.518734056185,29.837820759455,
    9.999969918795E-08));
#1406 = CARTESIAN_POINT('',(41.608882429662,29.207654922141,
    1.00000411507E-07));
#1407 = CARTESIAN_POINT('',(41.533554578193,28.570047906062,
    9.999974537322E-08));
#1408 = CARTESIAN_POINT('',(41.299234033243,27.978317038189,
    1.00000132619E-07));
#1409 = CARTESIAN_POINT('',(40.930593427164,27.47508797232,
    1.000000118268E-07));
#1410 = CARTESIAN_POINT('',(39.997517841,26.706508671497,
    1.000000011686E-07));
#1411 = CARTESIAN_POINT('',(39.433186206038,26.441111203039,
    1.000002090024E-07));
#1412 = CARTESIAN_POINT('',(38.806978882013,26.324382440193,
    9.999964234453E-08));
#1413 = CARTESIAN_POINT('',(38.167438123239,26.372645761191,
    1.000004044016E-07));
#1414 = CARTESIAN_POINT('',(37.56579839781,26.581810819946,
    9.999978445308E-08));
#1415 = CARTESIAN_POINT('',(37.047556231751,26.92897707291,
    1.000001024209E-07));
#1416 = CARTESIAN_POINT('',(36.644000984028,27.378747217642,
    1.000000224849E-07));
#1417 = PCURVE('',#705,#1418);
#1418 = DEFINITIONAL_REPRESENTATION('',(#1419),#1423);
#1419 = LINE('',#1420,#1421);
#1420 = CARTESIAN_POINT('',(4.58562840159,0.));
#1421 = VECTOR('',#1422,1.);
#1422 = DIRECTION('',(0.,1.));
#1423 = ( GEOMETRIC_REPRESENTATION_CONTEXT(2) 
PARAMETRIC_REPRESENTATION_CONTEXT() REPRESENTATION_CONTEXT('2D SPACE',''
  ) );
#1424 = PCURVE('',#1005,#1425);
#1425 = DEFINITIONAL_REPRESENTATION('',(#1426),#1441);
#1426 = B_SPLINE_CURVE_WITH_KNOTS('',7,(#1427,#1428,#1429,#1430,#1431,
    #1432,#1433,#1434,#1435,#1436,#1437,#1438,#1439,#1440),
  .UNSPECIFIED.,.F.,.F.,(8,6,8),(92.401094224604,94.693908425399,
    96.986722626194),.UNSPECIFIED.);
#1427 = CARTESIAN_POINT('',(-30.89530583948,-40.9131114862));
#1428 = CARTESIAN_POINT('',(-30.41307810163,-41.27726304798));
#1429 = CARTESIAN_POINT('',(-29.83782075945,-41.51873405618));
#1430 = CARTESIAN_POINT('',(-29.20765492214,-41.60888242966));
#1431 = CARTESIAN_POINT('',(-28.57004790606,-41.53355457819));
#1432 = CARTESIAN_POINT('',(-27.97831703818,-41.29923403324));
#1433 = CARTESIAN_POINT('',(-27.47508797232,-40.93059342716));
#1434 = CARTESIAN_POINT('',(-26.70650867149,-39.997517841));
#1435 = CARTESIAN_POINT('',(-26.44111120303,-39.43318620603));
#1436 = CARTESIAN_POINT('',(-26.32438244019,-38.80697888201));
#1437 = CARTESIAN_POINT('',(-26.37264576119,-38.16743812323));
#1438 = CARTESIAN_POINT('',(-26.58181081994,-37.56579839781));
#1439 = CARTESIAN_POINT('',(-26.92897707291,-37.04755623175));
#1440 = CARTESIAN_POINT('',(-27.37874721764,-36.64400098402));
#1441 = ( GEOMETRIC_REPRESENTATION_CONTEXT(2) 
PARAMETRIC_REPRESENTATION_CONTEXT() REPRESENTATION_CONTEXT('2D SPACE',''
  ) );
#1442 = ORIENTED_EDGE('',*,*,#1443,.F.);
#1443 = EDGE_CURVE('',#668,#1399,#1444,.T.);
#1444 = SURFACE_CURVE('',#1445,(#1448,#1455),.PCURVE_S1.);
#1445 = B_SPLINE_CURVE_WITH_KNOTS('',1,(#1446,#1447),.UNSPECIFIED.,.F.,
  .F.,(2,2),(0.,4.58562840159),.PIECEWISE_BEZIER_KNOTS.);
#1446 = CARTESIAN_POINT('',(37.587750648992,28.225524475524,
    0.732050907569));
#1447 = CARTESIAN_POINT('',(36.644000984028,27.378747217642,
    1.000000224849E-07));
#1448 = PCURVE('',#705,#1449);
#1449 = DEFINITIONAL_REPRESENTATION('',(#1450),#1454);
#1450 = LINE('',#1451,#1452);
#1451 = CARTESIAN_POINT('',(0.,96.986722626194));
#1452 = VECTOR('',#1453,1.);
#1453 = DIRECTION('',(1.,0.));
#1454 = ( GEOMETRIC_REPRESENTATION_CONTEXT(2) 
PARAMETRIC_REPRESENTATION_CONTEXT() REPRESENTATION_CONTEXT('2D SPACE',''
  ) );
#1455 = PCURVE('',#1456,#1461);
#1456 = CONICAL_SURFACE('',#1457,50.5,1.047197551197);
#1457 = AXIS2_PLACEMENT_3D('',#1458,#1459,#1460);
#1458 = CARTESIAN_POINT('',(6.106226635438E-16,-5.5,0.732050907569));
#1459 = DIRECTION('',(-0.,1.224646799147E-16,1.));
#1460 = DIRECTION('',(0.744311894039,0.667832167832,-8.178585267033E-17)
  );
#1461 = DEFINITIONAL_REPRESENTATION('',(#1462),#1465);
#1462 = B_SPLINE_CURVE_WITH_KNOTS('',1,(#1463,#1464),.UNSPECIFIED.,.F.,
  .F.,(2,2),(0.,4.58562840159),.PIECEWISE_BEZIER_KNOTS.);
#1463 = CARTESIAN_POINT('',(-8.881784197001E-16,0.));
#1464 = CARTESIAN_POINT('',(-8.881784197001E-16,-0.732050807569));
#1465 = ( GEOMETRIC_REPRESENTATION_CONTEXT(2) 
PARAMETRIC_REPRESENTATION_CONTEXT() REPRESENTATION_CONTEXT('2D SPACE',''
  ) );
#1466 = ORIENTED_EDGE('',*,*,#667,.F.);
#1467 = ADVANCED_FACE('',(#1468),#759,.T.);
#1468 = FACE_BOUND('',#1469,.F.);
#1469 = EDGE_LOOP('',(#1470,#1492,#1493,#1522,#1550,#1806,#1834,#1856));
#1470 = ORIENTED_EDGE('',*,*,#1471,.T.);
#1471 = EDGE_CURVE('',#742,#1079,#1472,.T.);
#1472 = SURFACE_CURVE('',#1473,(#1478,#1485),.PCURVE_S1.);
#1473 = CIRCLE('',#1474,50.5);
#1474 = AXIS2_PLACEMENT_3D('',#1475,#1476,#1477);
#1475 = CARTESIAN_POINT('',(6.106226635438E-16,-5.5,15.0000001));
#1476 = DIRECTION('',(0.,1.224646799147E-16,1.));
#1477 = DIRECTION('',(0.744311894039,0.667832167832,-8.178585267033E-17)
  );
#1478 = PCURVE('',#759,#1479);
#1479 = DEFINITIONAL_REPRESENTATION('',(#1480),#1484);
#1480 = LINE('',#1481,#1482);
#1481 = CARTESIAN_POINT('',(-3.981096544601,-1.));
#1482 = VECTOR('',#1483,1.);
#1483 = DIRECTION('',(1.,-0.));
#1484 = ( GEOMETRIC_REPRESENTATION_CONTEXT(2) 
PARAMETRIC_REPRESENTATION_CONTEXT() REPRESENTATION_CONTEXT('2D SPACE',''
  ) );
#1485 = PCURVE('',#1170,#1486);
#1486 = DEFINITIONAL_REPRESENTATION('',(#1487),#1491);
#1487 = LINE('',#1488,#1489);
#1488 = CARTESIAN_POINT('',(-0.,-0.));
#1489 = VECTOR('',#1490,1.);
#1490 = DIRECTION('',(-1.,-0.));
#1491 = ( GEOMETRIC_REPRESENTATION_CONTEXT(2) 
PARAMETRIC_REPRESENTATION_CONTEXT() REPRESENTATION_CONTEXT('2D SPACE',''
  ) );
#1492 = ORIENTED_EDGE('',*,*,#1078,.F.);
#1493 = ORIENTED_EDGE('',*,*,#1494,.F.);
#1494 = EDGE_CURVE('',#1495,#1027,#1497,.T.);
#1495 = VERTEX_POINT('',#1496);
#1496 = CARTESIAN_POINT('',(-2.0875,44.956836442151,0.732050907569));
#1497 = SURFACE_CURVE('',#1498,(#1503,#1510),.PCURVE_S1.);
#1498 = CIRCLE('',#1499,50.5);
#1499 = AXIS2_PLACEMENT_3D('',#1500,#1501,#1502);
#1500 = CARTESIAN_POINT('',(6.106226635438E-16,-5.5,0.732050907569));
#1501 = DIRECTION('',(0.,1.224646799147E-16,1.));
#1502 = DIRECTION('',(0.744311894039,0.667832167832,-8.178585267033E-17)
  );
#1503 = PCURVE('',#759,#1504);
#1504 = DEFINITIONAL_REPRESENTATION('',(#1505),#1509);
#1505 = LINE('',#1506,#1507);
#1506 = CARTESIAN_POINT('',(-3.981096544601,-15.26794919243));
#1507 = VECTOR('',#1508,1.);
#1508 = DIRECTION('',(1.,-0.));
#1509 = ( GEOMETRIC_REPRESENTATION_CONTEXT(2) 
PARAMETRIC_REPRESENTATION_CONTEXT() REPRESENTATION_CONTEXT('2D SPACE',''
  ) );
#1510 = PCURVE('',#1511,#1516);
#1511 = CONICAL_SURFACE('',#1512,50.5,1.047197551197);
#1512 = AXIS2_PLACEMENT_3D('',#1513,#1514,#1515);
#1513 = CARTESIAN_POINT('',(6.106226635438E-16,-5.5,0.732050907569));
#1514 = DIRECTION('',(-0.,1.224646799147E-16,1.));
#1515 = DIRECTION('',(0.744311894039,0.667832167832,-8.178585267033E-17)
  );
#1516 = DEFINITIONAL_REPRESENTATION('',(#1517),#1521);
#1517 = LINE('',#1518,#1519);
#1518 = CARTESIAN_POINT('',(0.,-0.));
#1519 = VECTOR('',#1520,1.);
#1520 = DIRECTION('',(1.,-0.));
#1521 = ( GEOMETRIC_REPRESENTATION_CONTEXT(2) 
PARAMETRIC_REPRESENTATION_CONTEXT() REPRESENTATION_CONTEXT('2D SPACE',''
  ) );
#1522 = ORIENTED_EDGE('',*,*,#1523,.T.);
#1523 = EDGE_CURVE('',#1495,#1524,#1526,.T.);
#1524 = VERTEX_POINT('',#1525);
#1525 = CARTESIAN_POINT('',(-2.0875,44.956836442151,6.29595835696));
#1526 = SURFACE_CURVE('',#1527,(#1531,#1538),.PCURVE_S1.);
#1527 = LINE('',#1528,#1529);
#1528 = CARTESIAN_POINT('',(-2.0875,44.956836442151,16.0000001));
#1529 = VECTOR('',#1530,1.);
#1530 = DIRECTION('',(0.,1.224646799147E-16,1.));
#1531 = PCURVE('',#759,#1532);
#1532 = DEFINITIONAL_REPRESENTATION('',(#1533),#1537);
#1533 = LINE('',#1534,#1535);
#1534 = CARTESIAN_POINT('',(-3.100244238762,0.));
#1535 = VECTOR('',#1536,1.);
#1536 = DIRECTION('',(-0.,1.));
#1537 = ( GEOMETRIC_REPRESENTATION_CONTEXT(2) 
PARAMETRIC_REPRESENTATION_CONTEXT() REPRESENTATION_CONTEXT('2D SPACE',''
  ) );
#1538 = PCURVE('',#1539,#1544);
#1539 = PLANE('',#1540);
#1540 = AXIS2_PLACEMENT_3D('',#1541,#1542,#1543);
#1541 = CARTESIAN_POINT('',(-2.0875,20.787461459052,0.974850425574));
#1542 = DIRECTION('',(-1.,-2.22044604925E-16,2.719262146894E-32));
#1543 = DIRECTION('',(0.,-1.224646799147E-16,-1.));
#1544 = DEFINITIONAL_REPRESENTATION('',(#1545),#1549);
#1545 = LINE('',#1546,#1547);
#1546 = CARTESIAN_POINT('',(-15.02514967442,-24.16937498309));
#1547 = VECTOR('',#1548,1.);
#1548 = DIRECTION('',(-1.,0.));
#1549 = ( GEOMETRIC_REPRESENTATION_CONTEXT(2) 
PARAMETRIC_REPRESENTATION_CONTEXT() REPRESENTATION_CONTEXT('2D SPACE',''
  ) );
#1550 = ORIENTED_EDGE('',*,*,#1551,.F.);
#1551 = EDGE_CURVE('',#1552,#1524,#1554,.T.);
#1552 = VERTEX_POINT('',#1553);
#1553 = CARTESIAN_POINT('',(2.0875,44.956836442151,6.29595835696));
#1554 = SURFACE_CURVE('',#1555,(#1635,#1718),.PCURVE_S1.);
#1555 = B_SPLINE_CURVE_WITH_KNOTS('',8,(#1556,#1557,#1558,#1559,#1560,
    #1561,#1562,#1563,#1564,#1565,#1566,#1567,#1568,#1569,#1570,#1571,
    #1572,#1573,#1574,#1575,#1576,#1577,#1578,#1579,#1580,#1581,#1582,
    #1583,#1584,#1585,#1586,#1587,#1588,#1589,#1590,#1591,#1592,#1593,
    #1594,#1595,#1596,#1597,#1598,#1599,#1600,#1601,#1602,#1603,#1604,
    #1605,#1606,#1607,#1608,#1609,#1610,#1611,#1612,#1613,#1614,#1615,
    #1616,#1617,#1618,#1619,#1620,#1621,#1622,#1623,#1624,#1625,#1626,
    #1627,#1628,#1629,#1630,#1631,#1632,#1633,#1634),.UNSPECIFIED.,.F.,
  .F.,(9,7,7,7,7,7,7,7,7,7,7,9),(0.,0.246086320086,0.337487865723,
    0.402282054391,0.435701993535,0.50001137442,0.544494642086,
    0.564853314473,0.597440336793,0.662205720946,0.753563641051,1.),
  .UNSPECIFIED.);
#1556 = CARTESIAN_POINT('',(2.0875,44.956836442151,6.29595835696));
#1557 = CARTESIAN_POINT('',(2.0875,44.956836442151,6.486787161025));
#1558 = CARTESIAN_POINT('',(2.072821045644,44.957443720407,
    6.677228402108));
#1559 = CARTESIAN_POINT('',(2.043000525514,44.958677562924,
    6.866864233179));
#1560 = CARTESIAN_POINT('',(1.997242784896,44.960546402135,
    7.054929828032));
#1561 = CARTESIAN_POINT('',(1.934611654993,44.963038500953,
    7.240334422885));
#1562 = CARTESIAN_POINT('',(1.853964182634,44.966108997538,
    7.421610130222));
#1563 = CARTESIAN_POINT('',(1.754121593263,44.969670993138,
    7.596950479886));
#1564 = CARTESIAN_POINT('',(1.588313405365,44.975036197694,
    7.826023917576));
#1565 = CARTESIAN_POINT('',(1.540532168701,44.976536568781,
    7.886876655915));
#1566 = CARTESIAN_POINT('',(1.48979578936,44.978076662745,7.946410025334
    ));
#1567 = CARTESIAN_POINT('',(1.436029715632,44.979647235668,
    8.004463366866));
#1568 = CARTESIAN_POINT('',(1.379167658249,44.981237332219,
    8.060848933077));
#1569 = CARTESIAN_POINT('',(1.319154810952,44.982834223634,
    8.115353111547));
#1570 = CARTESIAN_POINT('',(1.25595107107,44.984423345709,8.167737648339
    ));
#1571 = CARTESIAN_POINT('',(1.142451649503,44.987097581772,8.25318795556
    ));
#1572 = CARTESIAN_POINT('',(1.093759753067,44.988194619333,
    8.287434078666));
#1573 = CARTESIAN_POINT('',(1.043454392915,44.989273495417,
    8.320384630289));
#1574 = CARTESIAN_POINT('',(0.991541516338,44.990327719551,
    8.351934795247));
#1575 = CARTESIAN_POINT('',(0.938039511227,44.991350297897,
    8.381971832749));
#1576 = CARTESIAN_POINT('',(0.882981521518,44.992333866322,
    8.410377355464));
#1577 = CARTESIAN_POINT('',(0.826417762628,44.993270823468,
    8.437029608581));
#1578 = CARTESIAN_POINT('',(0.738502283848,44.99460871741,8.474584936619
    ));
#1579 = CARTESIAN_POINT('',(0.708205336983,44.995049514378,
    8.486864762342));
#1580 = CARTESIAN_POINT('',(0.677537154687,44.995474798015,
    8.498628258574));
#1581 = CARTESIAN_POINT('',(0.64650941117,44.995883508842,8.509858431655
    ));
#1582 = CARTESIAN_POINT('',(0.615135400557,44.996274596629,
    8.520538445027));
#1583 = CARTESIAN_POINT('',(0.583430140992,44.996647032411,
    8.530651802511));
#1584 = CARTESIAN_POINT('',(0.551410478727,44.996999820505,
    8.540182531587));
#1585 = CARTESIAN_POINT('',(0.456911474314,44.997971237744,
    8.566304658715));
#1586 = CARTESIAN_POINT('',(0.393621910863,44.998534313675,
    8.581282942909));
#1587 = CARTESIAN_POINT('',(0.329372758609,44.999014279492,
    8.593937207347));
#1588 = CARTESIAN_POINT('',(0.264325860194,44.999405051638,
    8.604169423604));
#1589 = CARTESIAN_POINT('',(0.198658816011,44.999701686703,
    8.611900403288));
#1590 = CARTESIAN_POINT('',(0.132565156045,44.999900646305,
    8.617073654586));
#1591 = CARTESIAN_POINT('',(6.625451171602E-02,45.000000061963,
    8.619659238809));
#1592 = CARTESIAN_POINT('',(-4.590859819654E-02,44.999999957102,
    8.619656512001));
#1593 = CARTESIAN_POINT('',(-9.177167889383E-02,44.99995231661,
    8.618417615562));
#1594 = CARTESIAN_POINT('',(-0.13756395414,44.99985706893,8.615940851247
    ));
#1595 = CARTESIAN_POINT('',(-0.183215645725,44.999714632014,
    8.612232930857));
#1596 = CARTESIAN_POINT('',(-0.228659733152,44.999525818745,
    8.607306884646));
#1597 = CARTESIAN_POINT('',(-0.273831989334,44.999291804346,
    8.601181581603));
#1598 = CARTESIAN_POINT('',(-0.318671016292,44.99901409379,
    8.593881249735));
#1599 = CARTESIAN_POINT('',(-0.38346047568,44.998548215665,
    8.581569396656));
#1600 = CARTESIAN_POINT('',(-0.403721028399,44.998393162525,
    8.577463676716));
#1601 = CARTESIAN_POINT('',(-0.423894558179,44.998229502295,
    8.573120608105));
#1602 = CARTESIAN_POINT('',(-0.443975918186,44.998057416556,
    8.568543107708));
#1603 = CARTESIAN_POINT('',(-0.463960195585,44.997877095968,
    8.563734237712));
#1604 = CARTESIAN_POINT('',(-0.483842711534,44.997688740263,
    8.558697205608));
#1605 = CARTESIAN_POINT('',(-0.503619021189,44.997492558248,
    8.553435364191));
#1606 = CARTESIAN_POINT('',(-0.554763040858,44.996962571499,
    8.539175626629));
#1607 = CARTESIAN_POINT('',(-0.585958353532,44.996616877699,
    8.529831952731));
#1608 = CARTESIAN_POINT('',(-0.616853580557,44.996252571062,
    8.519935398681));
#1609 = CARTESIAN_POINT('',(-0.647433193801,44.995870576441,
    8.509500800757));
#1610 = CARTESIAN_POINT('',(-0.677683316137,44.995471848306,
    8.498543461183));
#1611 = CARTESIAN_POINT('',(-0.707591629418,44.995057360148,
    8.48707898662));
#1612 = CARTESIAN_POINT('',(-0.737147282446,44.994628093904,
    8.475123126646));
#1613 = CARTESIAN_POINT('',(-0.824361728032,44.993304456581,
    8.437984481965));
#1614 = CARTESIAN_POINT('',(-0.880949648326,44.992369404943,
    8.411399463064));
#1615 = CARTESIAN_POINT('',(-0.936034532844,44.991387571471,
    8.383059268247));
#1616 = CARTESIAN_POINT('',(-0.989565786683,44.990366553356,
    8.353085583613));
#1617 = CARTESIAN_POINT('',(-1.041509929062,44.989313714108,
    8.321596779629));
#1618 = CARTESIAN_POINT('',(-1.091848275372,44.988236049693,
    8.28870562211));
#1619 = CARTESIAN_POINT('',(-1.140574619213,44.987140054676,
    8.254516983195));
#1620 = CARTESIAN_POINT('',(-1.254157886551,44.984467988016,
    8.169202471409));
#1621 = CARTESIAN_POINT('',(-1.317412461109,44.982879831636,
    8.116894568094));
#1622 = CARTESIAN_POINT('',(-1.377478247304,44.981283593824,
    8.062463692457));
#1623 = CARTESIAN_POINT('',(-1.434394909382,44.979693854759,
    8.006148307678));
#1624 = CARTESIAN_POINT('',(-1.488216926983,44.978123360953,
    7.948162251095));
#1625 = CARTESIAN_POINT('',(-1.539010355461,44.976583085992,
    7.888693495263));
#1626 = CARTESIAN_POINT('',(-1.586849586213,44.975082291286,
    7.827902909011));
#1627 = CARTESIAN_POINT('',(-1.753105099323,44.969707244965,
    7.598733370052));
#1628 = CARTESIAN_POINT('',(-1.853260789048,44.966135777549,
    7.423190076555));
#1629 = CARTESIAN_POINT('',(-1.934156841565,44.96305659863,
    7.241680311004));
#1630 = CARTESIAN_POINT('',(-1.996977041532,44.960557253529,
    7.056021356131));
#1631 = CARTESIAN_POINT('',(-2.042870561661,44.958682941135,
    6.867689687491));
#1632 = CARTESIAN_POINT('',(-2.072778257892,44.957445490325,
    6.677781588786));
#1633 = CARTESIAN_POINT('',(-2.0875,44.956836442151,6.487065056669));
#1634 = CARTESIAN_POINT('',(-2.0875,44.956836442151,6.29595835696));
#1635 = PCURVE('',#759,#1636);
#1636 = DEFINITIONAL_REPRESENTATION('',(#1637),#1717);
#1637 = B_SPLINE_CURVE_WITH_KNOTS('',8,(#1638,#1639,#1640,#1641,#1642,
    #1643,#1644,#1645,#1646,#1647,#1648,#1649,#1650,#1651,#1652,#1653,
    #1654,#1655,#1656,#1657,#1658,#1659,#1660,#1661,#1662,#1663,#1664,
    #1665,#1666,#1667,#1668,#1669,#1670,#1671,#1672,#1673,#1674,#1675,
    #1676,#1677,#1678,#1679,#1680,#1681,#1682,#1683,#1684,#1685,#1686,
    #1687,#1688,#1689,#1690,#1691,#1692,#1693,#1694,#1695,#1696,#1697,
    #1698,#1699,#1700,#1701,#1702,#1703,#1704,#1705,#1706,#1707,#1708,
    #1709,#1710,#1711,#1712,#1713,#1714,#1715,#1716),.UNSPECIFIED.,.F.,
  .F.,(9,7,7,7,7,7,7,7,7,7,7,9),(0.,0.246086320086,0.337487865723,
    0.402282054391,0.435701993535,0.50001137442,0.544494642086,
    0.564853314473,0.597440336793,0.662205720946,0.753563641051,1.),
  .UNSPECIFIED.);
#1638 = CARTESIAN_POINT('',(-3.182941068418,-9.70404174304));
#1639 = CARTESIAN_POINT('',(-3.182941068418,-9.513212938975));
#1640 = CARTESIAN_POINT('',(-3.182650147404,-9.322771697892));
#1641 = CARTESIAN_POINT('',(-3.182059136863,-9.13313586682));
#1642 = CARTESIAN_POINT('',(-3.18115228759,-8.945070271969));
#1643 = CARTESIAN_POINT('',(-3.179911087565,-8.759665677114));
#1644 = CARTESIAN_POINT('',(-3.178312956026,-8.578389969778));
#1645 = CARTESIAN_POINT('',(-3.176334628106,-8.403049620114));
#1646 = CARTESIAN_POINT('',(-3.173049579224,-8.173976182424));
#1647 = CARTESIAN_POINT('',(-3.172102950213,-8.113123444085));
#1648 = CARTESIAN_POINT('',(-3.171097807604,-8.053590074666));
#1649 = CARTESIAN_POINT('',(-3.170032680194,-7.995536733134));
#1650 = CARTESIAN_POINT('',(-3.168906260606,-7.939151166923));
#1651 = CARTESIAN_POINT('',(-3.16771746881,-7.884646988453));
#1652 = CARTESIAN_POINT('',(-3.166465515625,-7.832262451662));
#1653 = CARTESIAN_POINT('',(-3.164217378557,-7.74681214444));
#1654 = CARTESIAN_POINT('',(-3.163252938407,-7.712566021334));
#1655 = CARTESIAN_POINT('',(-3.162256564595,-7.679615469711));
#1656 = CARTESIAN_POINT('',(-3.16122837628,-7.648065304753));
#1657 = CARTESIAN_POINT('',(-3.160168738724,-7.618028267251));
#1658 = CARTESIAN_POINT('',(-3.159078309046,-7.589622744536));
#1659 = CARTESIAN_POINT('',(-3.157958081978,-7.562970491419));
#1660 = CARTESIAN_POINT('',(-3.156216979836,-7.525415163381));
#1661 = CARTESIAN_POINT('',(-3.155616976933,-7.513135337658));
#1662 = CARTESIAN_POINT('',(-3.155009628044,-7.501371841426));
#1663 = CARTESIAN_POINT('',(-3.15439516428,-7.490141668345));
#1664 = CARTESIAN_POINT('',(-3.153773848793,-7.479461654973));
#1665 = CARTESIAN_POINT('',(-3.153145978832,-7.469348297489));
#1666 = CARTESIAN_POINT('',(-3.152511887804,-7.459817568413));
#1667 = CARTESIAN_POINT('',(-3.150640521522,-7.433695441285));
#1668 = CARTESIAN_POINT('',(-3.149387214424,-7.418717157091));
#1669 = CARTESIAN_POINT('',(-3.148114920677,-7.406062892653));
#1670 = CARTESIAN_POINT('',(-3.146826842844,-7.395830676396));
#1671 = CARTESIAN_POINT('',(-3.145526494976,-7.388099696712));
#1672 = CARTESIAN_POINT('',(-3.144217706168,-7.382926445414));
#1673 = CARTESIAN_POINT('',(-3.142904624119,-7.380340861191));
#1674 = CARTESIAN_POINT('',(-3.140683572437,-7.380343587999));
#1675 = CARTESIAN_POINT('',(-3.139775392622,-7.381582484438));
#1676 = CARTESIAN_POINT('',(-3.13886861375,-7.384059248753));
#1677 = CARTESIAN_POINT('',(-3.137964616429,-7.387767169143));
#1678 = CARTESIAN_POINT('',(-3.137064726696,-7.392693215354));
#1679 = CARTESIAN_POINT('',(-3.13617021534,-7.398818518397));
#1680 = CARTESIAN_POINT('',(-3.135282297227,-7.406118850265));
#1681 = CARTESIAN_POINT('',(-3.133999304467,-7.418430703344));
#1682 = CARTESIAN_POINT('',(-3.133598093698,-7.422536423284));
#1683 = CARTESIAN_POINT('',(-3.133198604786,-7.426879491895));
#1684 = CARTESIAN_POINT('',(-3.132800939574,-7.431456992292));
#1685 = CARTESIAN_POINT('',(-3.13240519528,-7.436265862288));
#1686 = CARTESIAN_POINT('',(-3.132011464492,-7.441302894392));
#1687 = CARTESIAN_POINT('',(-3.13161983517,-7.446564735809));
#1688 = CARTESIAN_POINT('',(-3.13060702793,-7.460824473371));
#1689 = CARTESIAN_POINT('',(-3.129989261198,-7.470168147269));
#1690 = CARTESIAN_POINT('',(-3.129377432249,-7.480064701319));
#1691 = CARTESIAN_POINT('',(-3.128771848402,-7.490499299243));
#1692 = CARTESIAN_POINT('',(-3.128172784323,-7.501456638817));
#1693 = CARTESIAN_POINT('',(-3.127580483845,-7.51292111338));
#1694 = CARTESIAN_POINT('',(-3.126995161787,-7.524876973354));
#1695 = CARTESIAN_POINT('',(-3.125267944177,-7.562015618035));
#1696 = CARTESIAN_POINT('',(-3.124147239356,-7.588600636936));
#1697 = CARTESIAN_POINT('',(-3.123056277808,-7.616940831753));
#1698 = CARTESIAN_POINT('',(-3.121996061767,-7.646914516387));
#1699 = CARTESIAN_POINT('',(-3.120967255014,-7.678403320371));
#1700 = CARTESIAN_POINT('',(-3.119970228676,-7.71129447789));
#1701 = CARTESIAN_POINT('',(-3.119005107038,-7.745483116805));
#1702 = CARTESIAN_POINT('',(-3.116755311129,-7.830797628591));
#1703 = CARTESIAN_POINT('',(-3.115502352118,-7.883105531906));
#1704 = CARTESIAN_POINT('',(-3.114312512746,-7.937536407543));
#1705 = CARTESIAN_POINT('',(-3.113185012503,-7.993851792322));
#1706 = CARTESIAN_POINT('',(-3.112118777815,-8.051837848905));
#1707 = CARTESIAN_POINT('',(-3.111112505935,-8.111306604737));
#1708 = CARTESIAN_POINT('',(-3.11016472883,-8.172097190989));
#1709 = CARTESIAN_POINT('',(-3.106870820352,-8.401266729948));
#1710 = CARTESIAN_POINT('',(-3.104886289786,-8.576810023445));
#1711 = CARTESIAN_POINT('',(-3.103283232936,-8.758319788998));
#1712 = CARTESIAN_POINT('',(-3.10203828622,-8.943978743867));
#1713 = CARTESIAN_POINT('',(-3.101128746061,-9.132310412511));
#1714 = CARTESIAN_POINT('',(-3.100536007782,-9.322218511213));
#1715 = CARTESIAN_POINT('',(-3.100244238762,-9.512935043331));
#1716 = CARTESIAN_POINT('',(-3.100244238762,-9.70404174304));
#1717 = ( GEOMETRIC_REPRESENTATION_CONTEXT(2) 
PARAMETRIC_REPRESENTATION_CONTEXT() REPRESENTATION_CONTEXT('2D SPACE',''
  ) );
#1718 = PCURVE('',#1719,#1724);
#1719 = TOROIDAL_SURFACE('',#1720,7.3025,2.0875);
#1720 = AXIS2_PLACEMENT_3D('',#1721,#1722,#1723);
#1721 = CARTESIAN_POINT('',(-9.760325880848E-15,41.2066,
    3.000010000002E-02));
#1722 = DIRECTION('',(-1.,-2.22044604925E-16,2.719262146894E-32));
#1723 = DIRECTION('',(2.160522848945E-31,-8.505483098286E-16,1.));
#1724 = DEFINITIONAL_REPRESENTATION('',(#1725),#1805);
#1725 = B_SPLINE_CURVE_WITH_KNOTS('',8,(#1726,#1727,#1728,#1729,#1730,
    #1731,#1732,#1733,#1734,#1735,#1736,#1737,#1738,#1739,#1740,#1741,
    #1742,#1743,#1744,#1745,#1746,#1747,#1748,#1749,#1750,#1751,#1752,
    #1753,#1754,#1755,#1756,#1757,#1758,#1759,#1760,#1761,#1762,#1763,
    #1764,#1765,#1766,#1767,#1768,#1769,#1770,#1771,#1772,#1773,#1774,
    #1775,#1776,#1777,#1778,#1779,#1780,#1781,#1782,#1783,#1784,#1785,
    #1786,#1787,#1788,#1789,#1790,#1791,#1792,#1793,#1794,#1795,#1796,
    #1797,#1798,#1799,#1800,#1801,#1802,#1803,#1804),.UNSPECIFIED.,.F.,
  .F.,(9,7,7,7,7,7,7,7,7,7,7,9),(0.,0.246086320086,0.337487865723,
    0.402282054391,0.435701993535,0.50001137442,0.544494642086,
    0.564853314473,0.597440336793,0.662205720946,0.753563641051,1.),
  .UNSPECIFIED.);
#1726 = CARTESIAN_POINT('',(0.539322929288,4.712388980385));
#1727 = CARTESIAN_POINT('',(0.52590271511,4.790828220199));
#1728 = CARTESIAN_POINT('',(0.513268920913,4.869977833179));
#1729 = CARTESIAN_POINT('',(0.501389909141,4.950321281827));
#1730 = CARTESIAN_POINT('',(0.490254906535,5.032263070991));
#1731 = CARTESIAN_POINT('',(0.479863384292,5.116177128379));
#1732 = CARTESIAN_POINT('',(0.470222347657,5.20249942079));
#1733 = CARTESIAN_POINT('',(0.461342817442,5.291711518051));
#1734 = CARTESIAN_POINT('',(0.450243229316,5.419246783193));
#1735 = CARTESIAN_POINT('',(0.447347548683,5.454286063174));
#1736 = CARTESIAN_POINT('',(0.44456398688,5.489861628971));
#1737 = CARTESIAN_POINT('',(0.441895232434,5.526007002768));
#1738 = CARTESIAN_POINT('',(0.439344861473,5.562752891628));
#1739 = CARTESIAN_POINT('',(0.436917244454,5.600128121151));
#1740 = CARTESIAN_POINT('',(0.434617452889,5.63816056913));
#1741 = CARTESIAN_POINT('',(0.430915494042,5.704324800803));
#1742 = CARTESIAN_POINT('',(0.42944710027,5.732112648729));
#1743 = CARTESIAN_POINT('',(0.428048095695,5.760249546226));
#1744 = CARTESIAN_POINT('',(0.426720920694,5.788740428182));
#1745 = CARTESIAN_POINT('',(0.425468278054,5.817586855913));
#1746 = CARTESIAN_POINT('',(0.424293065952,5.846786611958));
#1747 = CARTESIAN_POINT('',(0.423198310934,5.876333294861));
#1748 = CARTESIAN_POINT('',(0.421665532847,5.921628952268));
#1749 = CARTESIAN_POINT('',(0.421166202075,5.937131006097));
#1750 = CARTESIAN_POINT('',(0.420689538944,5.952720242939));
#1751 = CARTESIAN_POINT('',(0.420235977382,5.968394437788));
#1752 = CARTESIAN_POINT('',(0.419805950003,5.984150929661));
#1753 = CARTESIAN_POINT('',(0.419399883212,5.999986578116));
#1754 = CARTESIAN_POINT('',(0.419018192333,6.015897719774));
#1755 = CARTESIAN_POINT('',(0.417974470497,6.062634776125));
#1756 = CARTESIAN_POINT('',(0.417379293138,6.093658923773));
#1757 = CARTESIAN_POINT('',(0.416878745686,6.124915767023));
#1758 = CARTESIAN_POINT('',(0.416475425518,6.156366843762));
#1759 = CARTESIAN_POINT('',(0.416171428458,6.187970634591));
#1760 = CARTESIAN_POINT('',(0.415968250883,6.219681166898));
#1761 = CARTESIAN_POINT('',(0.41586669184,6.251446618924));
#1762 = CARTESIAN_POINT('',(0.415866798939,6.305177450034));
#1763 = CARTESIAN_POINT('',(0.415915459191,6.327147791884));
#1764 = CARTESIAN_POINT('',(0.416012736431,6.349100405254));
#1765 = CARTESIAN_POINT('',(0.416158451323,6.371018003168));
#1766 = CARTESIAN_POINT('',(0.416352257028,6.392884325047));
#1767 = CARTESIAN_POINT('',(0.416593651558,6.414683905954));
#1768 = CARTESIAN_POINT('',(0.416881990131,6.436401845836));
#1769 = CARTESIAN_POINT('',(0.417369591642,6.467919204695));
#1770 = CARTESIAN_POINT('',(0.417532359663,6.477794881656));
#1771 = CARTESIAN_POINT('',(0.417704728231,6.487649333249));
#1772 = CARTESIAN_POINT('',(0.417886620356,6.49748134946));
#1773 = CARTESIAN_POINT('',(0.418077955423,6.507289786648));
#1774 = CARTESIAN_POINT('',(0.418278649189,6.517073567552));
#1775 = CARTESIAN_POINT('',(0.418488613782,6.526831681287));
#1776 = CARTESIAN_POINT('',(0.419058529484,6.552139870696));
#1777 = CARTESIAN_POINT('',(0.419432821656,6.56764841169));
#1778 = CARTESIAN_POINT('',(0.419830262678,6.583084924864));
#1779 = CARTESIAN_POINT('',(0.420250466891,6.598446039089));
#1780 = CARTESIAN_POINT('',(0.42069303882,6.613728855236));
#1781 = CARTESIAN_POINT('',(0.421157577475,6.628930907843));
#1782 = CARTESIAN_POINT('',(0.421643680662,6.644050126791));
#1783 = CARTESIAN_POINT('',(0.423159125081,6.688965599663));
#1784 = CARTESIAN_POINT('',(0.424250861326,6.718511091689));
#1785 = CARTESIAN_POINT('',(0.42542307214,6.74771015446));
#1786 = CARTESIAN_POINT('',(0.426672731416,6.776556275501));
#1787 = CARTESIAN_POINT('',(0.427996940045,6.805047142035));
#1788 = CARTESIAN_POINT('',(0.42939299315,6.833184232582));
#1789 = CARTESIAN_POINT('',(0.430858447312,6.860972408554));
#1790 = CARTESIAN_POINT('',(0.43455326844,6.927136325864));
#1791 = CARTESIAN_POINT('',(0.436848862153,6.965168249126));
#1792 = CARTESIAN_POINT('',(0.439272280456,7.002542982696));
#1793 = CARTESIAN_POINT('',(0.441818442209,7.039288286091));
#1794 = CARTESIAN_POINT('',(0.444482967186,7.075432898542));
#1795 = CARTESIAN_POINT('',(0.44726226963,7.111007466254));
#1796 = CARTESIAN_POINT('',(0.450153651817,7.146045469662));
#1797 = CARTESIAN_POINT('',(0.461252553338,7.273751626326));
#1798 = CARTESIAN_POINT('',(0.470138334801,7.363118739285));
#1799 = CARTESIAN_POINT('',(0.479787957203,7.449584322778));
#1800 = CARTESIAN_POINT('',(0.490190283616,7.533631912593));
#1801 = CARTESIAN_POINT('',(0.501338209071,7.615699596983));
#1802 = CARTESIAN_POINT('',(0.513232230164,7.696162858777));
#1803 = CARTESIAN_POINT('',(0.525883171839,7.775428166525));
#1804 = CARTESIAN_POINT('',(0.539322929288,7.853981633974));
#1805 = ( GEOMETRIC_REPRESENTATION_CONTEXT(2) 
PARAMETRIC_REPRESENTATION_CONTEXT() REPRESENTATION_CONTEXT('2D SPACE',''
  ) );
#1806 = ORIENTED_EDGE('',*,*,#1807,.F.);
#1807 = EDGE_CURVE('',#1808,#1552,#1810,.T.);
#1808 = VERTEX_POINT('',#1809);
#1809 = CARTESIAN_POINT('',(2.0875,44.956836442151,0.732050907569));
#1810 = SURFACE_CURVE('',#1811,(#1815,#1822),.PCURVE_S1.);
#1811 = LINE('',#1812,#1813);
#1812 = CARTESIAN_POINT('',(2.0875,44.956836442151,16.0000001));
#1813 = VECTOR('',#1814,1.);
#1814 = DIRECTION('',(0.,1.224646799147E-16,1.));
#1815 = PCURVE('',#759,#1816);
#1816 = DEFINITIONAL_REPRESENTATION('',(#1817),#1821);
#1817 = LINE('',#1818,#1819);
#1818 = CARTESIAN_POINT('',(-3.182941068418,0.));
#1819 = VECTOR('',#1820,1.);
#1820 = DIRECTION('',(-0.,1.));
#1821 = ( GEOMETRIC_REPRESENTATION_CONTEXT(2) 
PARAMETRIC_REPRESENTATION_CONTEXT() REPRESENTATION_CONTEXT('2D SPACE',''
  ) );
#1822 = PCURVE('',#1823,#1828);
#1823 = PLANE('',#1824);
#1824 = AXIS2_PLACEMENT_3D('',#1825,#1826,#1827);
#1825 = CARTESIAN_POINT('',(2.0875,20.787461459052,0.974850425574));
#1826 = DIRECTION('',(-1.,-2.22044604925E-16,2.719262146894E-32));
#1827 = DIRECTION('',(0.,-1.224646799147E-16,-1.));
#1828 = DEFINITIONAL_REPRESENTATION('',(#1829),#1833);
#1829 = LINE('',#1830,#1831);
#1830 = CARTESIAN_POINT('',(-15.02514967442,-24.16937498309));
#1831 = VECTOR('',#1832,1.);
#1832 = DIRECTION('',(-1.,0.));
#1833 = ( GEOMETRIC_REPRESENTATION_CONTEXT(2) 
PARAMETRIC_REPRESENTATION_CONTEXT() REPRESENTATION_CONTEXT('2D SPACE',''
  ) );
#1834 = ORIENTED_EDGE('',*,*,#1835,.F.);
#1835 = EDGE_CURVE('',#668,#1808,#1836,.T.);
#1836 = SURFACE_CURVE('',#1837,(#1842,#1849),.PCURVE_S1.);
#1837 = CIRCLE('',#1838,50.5);
#1838 = AXIS2_PLACEMENT_3D('',#1839,#1840,#1841);
#1839 = CARTESIAN_POINT('',(6.106226635438E-16,-5.5,0.732050907569));
#1840 = DIRECTION('',(0.,1.224646799147E-16,1.));
#1841 = DIRECTION('',(0.744311894039,0.667832167832,-8.178585267033E-17)
  );
#1842 = PCURVE('',#759,#1843);
#1843 = DEFINITIONAL_REPRESENTATION('',(#1844),#1848);
#1844 = LINE('',#1845,#1846);
#1845 = CARTESIAN_POINT('',(-3.981096544601,-15.26794919243));
#1846 = VECTOR('',#1847,1.);
#1847 = DIRECTION('',(1.,-0.));
#1848 = ( GEOMETRIC_REPRESENTATION_CONTEXT(2) 
PARAMETRIC_REPRESENTATION_CONTEXT() REPRESENTATION_CONTEXT('2D SPACE',''
  ) );
#1849 = PCURVE('',#1456,#1850);
#1850 = DEFINITIONAL_REPRESENTATION('',(#1851),#1855);
#1851 = LINE('',#1852,#1853);
#1852 = CARTESIAN_POINT('',(0.,-0.));
#1853 = VECTOR('',#1854,1.);
#1854 = DIRECTION('',(1.,-0.));
#1855 = ( GEOMETRIC_REPRESENTATION_CONTEXT(2) 
PARAMETRIC_REPRESENTATION_CONTEXT() REPRESENTATION_CONTEXT('2D SPACE',''
  ) );
#1856 = ORIENTED_EDGE('',*,*,#741,.T.);
#1857 = ADVANCED_FACE('',(#1858),#839,.T.);
#1858 = FACE_BOUND('',#1859,.T.);
#1859 = EDGE_LOOP('',(#1860,#1882,#1927,#1928));
#1860 = ORIENTED_EDGE('',*,*,#1861,.T.);
#1861 = EDGE_CURVE('',#1027,#1862,#1864,.T.);
#1862 = VERTEX_POINT('',#1863);
#1863 = CARTESIAN_POINT('',(-36.64400098402,27.378747217642,
    1.000000224849E-07));
#1864 = SURFACE_CURVE('',#1865,(#1869,#1875),.PCURVE_S1.);
#1865 = LINE('',#1866,#1867);
#1866 = CARTESIAN_POINT('',(-37.58775064899,28.225524475525,
    0.732050907569));
#1867 = VECTOR('',#1868,1.);
#1868 = DIRECTION('',(0.644593008577,-0.578359622807,-0.5));
#1869 = PCURVE('',#839,#1870);
#1870 = DEFINITIONAL_REPRESENTATION('',(#1871),#1874);
#1871 = B_SPLINE_CURVE_WITH_KNOTS('',1,(#1872,#1873),.UNSPECIFIED.,.F.,
  .F.,(2,2),(0.,1.464101615138),.PIECEWISE_BEZIER_KNOTS.);
#1872 = CARTESIAN_POINT('',(0.,181.77661561831));
#1873 = CARTESIAN_POINT('',(4.585628401591,181.77661561831));
#1874 = ( GEOMETRIC_REPRESENTATION_CONTEXT(2) 
PARAMETRIC_REPRESENTATION_CONTEXT() REPRESENTATION_CONTEXT('2D SPACE',''
  ) );
#1875 = PCURVE('',#1511,#1876);
#1876 = DEFINITIONAL_REPRESENTATION('',(#1877),#1881);
#1877 = LINE('',#1878,#1879);
#1878 = CARTESIAN_POINT('',(1.679007782022,-0.));
#1879 = VECTOR('',#1880,1.);
#1880 = DIRECTION('',(0.,-1.));
#1881 = ( GEOMETRIC_REPRESENTATION_CONTEXT(2) 
PARAMETRIC_REPRESENTATION_CONTEXT() REPRESENTATION_CONTEXT('2D SPACE',''
  ) );
#1882 = ORIENTED_EDGE('',*,*,#1883,.T.);
#1883 = EDGE_CURVE('',#1862,#824,#1884,.T.);
#1884 = SURFACE_CURVE('',#1885,(#1901,#1908),.PCURVE_S1.);
#1885 = B_SPLINE_CURVE_WITH_KNOTS('',14,(#1886,#1887,#1888,#1889,#1890,
    #1891,#1892,#1893,#1894,#1895,#1896,#1897,#1898,#1899,#1900),
  .UNSPECIFIED.,.F.,.F.,(15,15),(181.77661561831,186.3622440199),
  .PIECEWISE_BEZIER_KNOTS.);
#1886 = CARTESIAN_POINT('',(-36.64400098402,27.378747217642,
    1.000000224849E-07));
#1887 = CARTESIAN_POINT('',(-37.04755621283,26.928977093992,
    1.000007934238E-07));
#1888 = CARTESIAN_POINT('',(-37.55685647983,26.573738373056,
    9.999600791843E-08));
#1889 = CARTESIAN_POINT('',(-38.14967600166,26.341809548317,
    1.00012398363E-07));
#1890 = CARTESIAN_POINT('',(-38.78306895658,26.246594029623,
    9.997171090959E-08));
#1891 = CARTESIAN_POINT('',(-39.45747401086,26.319077955304,
    1.000509062266E-07));
#1892 = CARTESIAN_POINT('',(-40.04727857347,26.518815404178,
    9.992773897238E-08));
#1893 = CARTESIAN_POINT('',(-40.65579549639,26.897501304084,
    1.000808822482E-07));
#1894 = CARTESIAN_POINT('',(-41.07179490785,27.364263154624,
    9.992838911899E-08));
#1895 = CARTESIAN_POINT('',(-41.43520085195,27.945596740119,
    1.00050609575E-07));
#1896 = CARTESIAN_POINT('',(-41.60554145464,28.574039699414,
    9.99715581429E-08));
#1897 = CARTESIAN_POINT('',(-41.64504709964,29.219672186322,
    1.000125866568E-07));
#1898 = CARTESIAN_POINT('',(-41.52799099386,29.845220913625,
    9.999588712617E-08));
#1899 = CARTESIAN_POINT('',(-41.27726306578,30.413078078046,
    1.000008733598E-07));
#1900 = CARTESIAN_POINT('',(-40.9131114862,30.895305839488,
    1.000000224849E-07));
#1901 = PCURVE('',#839,#1902);
#1902 = DEFINITIONAL_REPRESENTATION('',(#1903),#1907);
#1903 = LINE('',#1904,#1905);
#1904 = CARTESIAN_POINT('',(4.585628401591,0.));
#1905 = VECTOR('',#1906,1.);
#1906 = DIRECTION('',(0.,1.));
#1907 = ( GEOMETRIC_REPRESENTATION_CONTEXT(2) 
PARAMETRIC_REPRESENTATION_CONTEXT() REPRESENTATION_CONTEXT('2D SPACE',''
  ) );
#1908 = PCURVE('',#1005,#1909);
#1909 = DEFINITIONAL_REPRESENTATION('',(#1910),#1926);
#1910 = B_SPLINE_CURVE_WITH_KNOTS('',14,(#1911,#1912,#1913,#1914,#1915,
    #1916,#1917,#1918,#1919,#1920,#1921,#1922,#1923,#1924,#1925),
  .UNSPECIFIED.,.F.,.F.,(15,15),(181.77661561831,186.3622440199),
  .PIECEWISE_BEZIER_KNOTS.);
#1911 = CARTESIAN_POINT('',(-27.37874721764,36.644000984028));
#1912 = CARTESIAN_POINT('',(-26.92897709399,37.04755621283));
#1913 = CARTESIAN_POINT('',(-26.57373837305,37.556856479836));
#1914 = CARTESIAN_POINT('',(-26.34180954831,38.14967600166));
#1915 = CARTESIAN_POINT('',(-26.24659402962,38.783068956581));
#1916 = CARTESIAN_POINT('',(-26.3190779553,39.457474010864));
#1917 = CARTESIAN_POINT('',(-26.51881540417,40.04727857347));
#1918 = CARTESIAN_POINT('',(-26.89750130408,40.655795496391));
#1919 = CARTESIAN_POINT('',(-27.36426315462,41.07179490785));
#1920 = CARTESIAN_POINT('',(-27.94559674011,41.435200851956));
#1921 = CARTESIAN_POINT('',(-28.57403969941,41.605541454643));
#1922 = CARTESIAN_POINT('',(-29.21967218632,41.645047099641));
#1923 = CARTESIAN_POINT('',(-29.84522091362,41.52799099386));
#1924 = CARTESIAN_POINT('',(-30.41307807804,41.277263065787));
#1925 = CARTESIAN_POINT('',(-30.89530583948,40.9131114862));
#1926 = ( GEOMETRIC_REPRESENTATION_CONTEXT(2) 
PARAMETRIC_REPRESENTATION_CONTEXT() REPRESENTATION_CONTEXT('2D SPACE',''
  ) );
#1927 = ORIENTED_EDGE('',*,*,#823,.F.);
#1928 = ORIENTED_EDGE('',*,*,#1026,.F.);
#1929 = ADVANCED_FACE('',(#1930,#1961),#1005,.T.);
#1930 = FACE_BOUND('',#1931,.T.);
#1931 = EDGE_LOOP('',(#1932));
#1932 = ORIENTED_EDGE('',*,*,#1933,.T.);
#1933 = EDGE_CURVE('',#1934,#1934,#1936,.T.);
#1934 = VERTEX_POINT('',#1935);
#1935 = CARTESIAN_POINT('',(6.580064181575E-15,-59.26794919243,
    1.00000033143E-07));
#1936 = SURFACE_CURVE('',#1937,(#1942,#1949),.PCURVE_S1.);
#1937 = CIRCLE('',#1938,59.267949192431);
#1938 = AXIS2_PLACEMENT_3D('',#1939,#1940,#1941);
#1939 = CARTESIAN_POINT('',(0.,-1.959434878636E-15,1.000000260376E-07));
#1940 = DIRECTION('',(0.,-1.224646799147E-16,-1.));
#1941 = DIRECTION('',(1.110223024625E-16,-1.,1.224646799147E-16));
#1942 = PCURVE('',#1005,#1943);
#1943 = DEFINITIONAL_REPRESENTATION('',(#1944),#1948);
#1944 = CIRCLE('',#1945,59.267949192431);
#1945 = AXIS2_PLACEMENT_2D('',#1946,#1947);
#1946 = CARTESIAN_POINT('',(1.562788722902E-15,-3.9651475332E-15));
#1947 = DIRECTION('',(1.,1.665067842118E-48));
#1948 = ( GEOMETRIC_REPRESENTATION_CONTEXT(2) 
PARAMETRIC_REPRESENTATION_CONTEXT() REPRESENTATION_CONTEXT('2D SPACE',''
  ) );
#1949 = PCURVE('',#1950,#1955);
#1950 = CONICAL_SURFACE('',#1951,60.,0.523598775598);
#1951 = AXIS2_PLACEMENT_3D('',#1952,#1953,#1954);
#1952 = CARTESIAN_POINT('',(0.,-1.804155886637E-15,1.267949292431));
#1953 = DIRECTION('',(0.,1.224646799147E-16,1.));
#1954 = DIRECTION('',(1.110223024625E-16,-1.,1.224646799147E-16));
#1955 = DEFINITIONAL_REPRESENTATION('',(#1956),#1960);
#1956 = LINE('',#1957,#1958);
#1957 = CARTESIAN_POINT('',(-0.,-1.267949192431));
#1958 = VECTOR('',#1959,1.);
#1959 = DIRECTION('',(-1.,0.));
#1960 = ( GEOMETRIC_REPRESENTATION_CONTEXT(2) 
PARAMETRIC_REPRESENTATION_CONTEXT() REPRESENTATION_CONTEXT('2D SPACE',''
  ) );
#1961 = FACE_BOUND('',#1962,.T.);
#1962 = EDGE_LOOP('',(#1963,#1964,#1965,#1993,#2016,#2044,#2072,#2105,
    #2133,#2156,#2179,#2205));
#1963 = ORIENTED_EDGE('',*,*,#990,.F.);
#1964 = ORIENTED_EDGE('',*,*,#1883,.F.);
#1965 = ORIENTED_EDGE('',*,*,#1966,.F.);
#1966 = EDGE_CURVE('',#1967,#1862,#1969,.T.);
#1967 = VERTEX_POINT('',#1968);
#1968 = CARTESIAN_POINT('',(-2.0875,43.687774603747,1.000000189322E-07)
  );
#1969 = SURFACE_CURVE('',#1970,(#1975,#1986),.PCURVE_S1.);
#1970 = CIRCLE('',#1971,49.232050807569);
#1971 = AXIS2_PLACEMENT_3D('',#1972,#1973,#1974);
#1972 = CARTESIAN_POINT('',(6.106226635438E-16,-5.5,1.000000260376E-07)
  );
#1973 = DIRECTION('',(0.,1.224646799147E-16,1.));
#1974 = DIRECTION('',(0.744311894039,0.667832167832,-8.178585267033E-17)
  );
#1975 = PCURVE('',#1005,#1976);
#1976 = DEFINITIONAL_REPRESENTATION('',(#1977),#1985);
#1977 = ( BOUNDED_CURVE() B_SPLINE_CURVE(2,(#1978,#1979,#1980,#1981,
#1982,#1983,#1984),.UNSPECIFIED.,.T.,.F.) B_SPLINE_CURVE_WITH_KNOTS((1,2
    ,2,2,2,1),(-2.094395102393,0.,2.094395102393,4.188790204786,
6.28318530718,8.377580409573),.UNSPECIFIED.) CURVE() 
GEOMETRIC_REPRESENTATION_ITEM() RATIONAL_B_SPLINE_CURVE((1.,0.5,1.,0.5,
1.,0.5,1.)) REPRESENTATION_ITEM('') );
#1978 = CARTESIAN_POINT('',(-27.37874721764,-36.64400098402));
#1979 = CARTESIAN_POINT('',(-90.84801871458,20.303659686142));
#1980 = CARTESIAN_POINT('',(-9.795262139649,46.795830827099));
#1981 = CARTESIAN_POINT('',(71.257494435284,73.288001968056));
#1982 = CARTESIAN_POINT('',(53.674009357291,-10.15182984307));
#1983 = CARTESIAN_POINT('',(36.090524279298,-93.59166165419));
#1984 = CARTESIAN_POINT('',(-27.37874721764,-36.64400098402));
#1985 = ( GEOMETRIC_REPRESENTATION_CONTEXT(2) 
PARAMETRIC_REPRESENTATION_CONTEXT() REPRESENTATION_CONTEXT('2D SPACE',''
  ) );
#1986 = PCURVE('',#1511,#1987);
#1987 = DEFINITIONAL_REPRESENTATION('',(#1988),#1992);
#1988 = LINE('',#1989,#1990);
#1989 = CARTESIAN_POINT('',(0.,-0.732050807569));
#1990 = VECTOR('',#1991,1.);
#1991 = DIRECTION('',(1.,-0.));
#1992 = ( GEOMETRIC_REPRESENTATION_CONTEXT(2) 
PARAMETRIC_REPRESENTATION_CONTEXT() REPRESENTATION_CONTEXT('2D SPACE',''
  ) );
#1993 = ORIENTED_EDGE('',*,*,#1994,.F.);
#1994 = EDGE_CURVE('',#1995,#1967,#1997,.T.);
#1995 = VERTEX_POINT('',#1996);
#1996 = CARTESIAN_POINT('',(-2.0875,41.2066,1.000000224849E-07));
#1997 = SURFACE_CURVE('',#1998,(#2002,#2009),.PCURVE_S1.);
#1998 = LINE('',#1999,#2000);
#1999 = CARTESIAN_POINT('',(-2.0875,10.393730729526,1.000000260376E-07)
  );
#2000 = VECTOR('',#2001,1.);
#2001 = DIRECTION('',(-2.22044604925E-16,1.,-1.224646799147E-16));
#2002 = PCURVE('',#1005,#2003);
#2003 = DEFINITIONAL_REPRESENTATION('',(#2004),#2008);
#2004 = LINE('',#2005,#2006);
#2005 = CARTESIAN_POINT('',(-10.39373072952,2.0875));
#2006 = VECTOR('',#2007,1.);
#2007 = DIRECTION('',(-1.,1.110223024625E-16));
#2008 = ( GEOMETRIC_REPRESENTATION_CONTEXT(2) 
PARAMETRIC_REPRESENTATION_CONTEXT() REPRESENTATION_CONTEXT('2D SPACE',''
  ) );
#2009 = PCURVE('',#1539,#2010);
#2010 = DEFINITIONAL_REPRESENTATION('',(#2011),#2015);
#2011 = LINE('',#2012,#2013);
#2012 = CARTESIAN_POINT('',(0.974850325574,10.393730729526));
#2013 = VECTOR('',#2014,1.);
#2014 = DIRECTION('',(0.,-1.));
#2015 = ( GEOMETRIC_REPRESENTATION_CONTEXT(2) 
PARAMETRIC_REPRESENTATION_CONTEXT() REPRESENTATION_CONTEXT('2D SPACE',''
  ) );
#2016 = ORIENTED_EDGE('',*,*,#2017,.T.);
#2017 = EDGE_CURVE('',#1995,#2018,#2020,.T.);
#2018 = VERTEX_POINT('',#2019);
#2019 = CARTESIAN_POINT('',(-4.818,41.2066,1.000000224849E-07));
#2020 = SURFACE_CURVE('',#2021,(#2025,#2032),.PCURVE_S1.);
#2021 = LINE('',#2022,#2023);
#2022 = CARTESIAN_POINT('',(-1.122472403602E-14,41.2066,
    1.000000224849E-07));
#2023 = VECTOR('',#2024,1.);
#2024 = DIRECTION('',(-1.,-2.22044604925E-16,2.719262146894E-32));
#2025 = PCURVE('',#1005,#2026);
#2026 = DEFINITIONAL_REPRESENTATION('',(#2027),#2031);
#2027 = LINE('',#2028,#2029);
#2028 = CARTESIAN_POINT('',(-41.2066,2.684724894163E-15));
#2029 = VECTOR('',#2030,1.);
#2030 = DIRECTION('',(1.110223024625E-16,1.));
#2031 = ( GEOMETRIC_REPRESENTATION_CONTEXT(2) 
PARAMETRIC_REPRESENTATION_CONTEXT() REPRESENTATION_CONTEXT('2D SPACE',''
  ) );
#2032 = PCURVE('',#2033,#2038);
#2033 = PLANE('',#2034);
#2034 = AXIS2_PLACEMENT_3D('',#2035,#2036,#2037);
#2035 = CARTESIAN_POINT('',(-9.334597321527E-15,41.2066,7.3325001));
#2036 = DIRECTION('',(2.22044604925E-16,-1.,1.224646799147E-16));
#2037 = DIRECTION('',(0.,1.224646799147E-16,1.));
#2038 = DEFINITIONAL_REPRESENTATION('',(#2039),#2043);
#2039 = LINE('',#2040,#2041);
#2040 = CARTESIAN_POINT('',(-7.3325,1.890126714489E-15));
#2041 = VECTOR('',#2042,1.);
#2042 = DIRECTION('',(0.,1.));
#2043 = ( GEOMETRIC_REPRESENTATION_CONTEXT(2) 
PARAMETRIC_REPRESENTATION_CONTEXT() REPRESENTATION_CONTEXT('2D SPACE',''
  ) );
#2044 = ORIENTED_EDGE('',*,*,#2045,.F.);
#2045 = EDGE_CURVE('',#2046,#2018,#2048,.T.);
#2046 = VERTEX_POINT('',#2047);
#2047 = CARTESIAN_POINT('',(-4.818,39.47471841222,1.000000224849E-07));
#2048 = SURFACE_CURVE('',#2049,(#2053,#2060),.PCURVE_S1.);
#2049 = LINE('',#2050,#2051);
#2050 = CARTESIAN_POINT('',(-4.818,8.92665,1.000000260376E-07));
#2051 = VECTOR('',#2052,1.);
#2052 = DIRECTION('',(-2.22044604925E-16,1.,-1.224646799147E-16));
#2053 = PCURVE('',#1005,#2054);
#2054 = DEFINITIONAL_REPRESENTATION('',(#2055),#2059);
#2055 = LINE('',#2056,#2057);
#2056 = CARTESIAN_POINT('',(-8.92665,4.818));
#2057 = VECTOR('',#2058,1.);
#2058 = DIRECTION('',(-1.,1.110223024625E-16));
#2059 = ( GEOMETRIC_REPRESENTATION_CONTEXT(2) 
PARAMETRIC_REPRESENTATION_CONTEXT() REPRESENTATION_CONTEXT('2D SPACE',''
  ) );
#2060 = PCURVE('',#2061,#2066);
#2061 = PLANE('',#2062);
#2062 = AXIS2_PLACEMENT_3D('',#2063,#2064,#2065);
#2063 = CARTESIAN_POINT('',(-4.818,17.8533,1.1662501));
#2064 = DIRECTION('',(-1.,-2.22044604925E-16,2.719262146894E-32));
#2065 = DIRECTION('',(0.,-1.224646799147E-16,-1.));
#2066 = DEFINITIONAL_REPRESENTATION('',(#2067),#2071);
#2067 = LINE('',#2068,#2069);
#2068 = CARTESIAN_POINT('',(1.16625,8.92665));
#2069 = VECTOR('',#2070,1.);
#2070 = DIRECTION('',(0.,-1.));
#2071 = ( GEOMETRIC_REPRESENTATION_CONTEXT(2) 
PARAMETRIC_REPRESENTATION_CONTEXT() REPRESENTATION_CONTEXT('2D SPACE',''
  ) );
#2072 = ORIENTED_EDGE('',*,*,#2073,.T.);
#2073 = EDGE_CURVE('',#2046,#2074,#2076,.T.);
#2074 = VERTEX_POINT('',#2075);
#2075 = CARTESIAN_POINT('',(4.818,39.47471841222,1.000000224849E-07));
#2076 = SURFACE_CURVE('',#2077,(#2082,#2093),.PCURVE_S1.);
#2077 = CIRCLE('',#2078,45.232050807569);
#2078 = AXIS2_PLACEMENT_3D('',#2079,#2080,#2081);
#2079 = CARTESIAN_POINT('',(6.106226635438E-16,-5.5,1.000000260376E-07)
  );
#2080 = DIRECTION('',(1.54074395551E-33,1.224646799147E-16,1.));
#2081 = DIRECTION('',(-0.10651739008,0.994310839532,-1.21767958699E-16)
  );
#2082 = PCURVE('',#1005,#2083);
#2083 = DEFINITIONAL_REPRESENTATION('',(#2084),#2092);
#2084 = ( BOUNDED_CURVE() B_SPLINE_CURVE(2,(#2085,#2086,#2087,#2088,
#2089,#2090,#2091),.UNSPECIFIED.,.T.,.F.) B_SPLINE_CURVE_WITH_KNOTS((1,2
    ,2,2,2,1),(-2.094395102393,0.,2.094395102393,4.188790204786,
6.28318530718,8.377580409573),.UNSPECIFIED.) CURVE() 
GEOMETRIC_REPRESENTATION_ITEM() RATIONAL_B_SPLINE_CURVE((1.,0.5,1.,0.5,
1.,0.5,1.)) REPRESENTATION_ITEM('') );
#2085 = CARTESIAN_POINT('',(-39.47471841222,4.818));
#2086 = CARTESIAN_POINT('',(-31.12969762135,82.716497346069));
#2087 = CARTESIAN_POINT('',(32.159869601543,36.540248673034));
#2088 = CARTESIAN_POINT('',(95.44943682444,-9.636));
#2089 = CARTESIAN_POINT('',(23.814848810677,-41.35824867303));
#2090 = CARTESIAN_POINT('',(-47.81973920308,-73.08049734606));
#2091 = CARTESIAN_POINT('',(-39.47471841222,4.818));
#2092 = ( GEOMETRIC_REPRESENTATION_CONTEXT(2) 
PARAMETRIC_REPRESENTATION_CONTEXT() REPRESENTATION_CONTEXT('2D SPACE',''
  ) );
#2093 = PCURVE('',#2094,#2099);
#2094 = CONICAL_SURFACE('',#2095,44.5,0.523598775598);
#2095 = AXIS2_PLACEMENT_3D('',#2096,#2097,#2098);
#2096 = CARTESIAN_POINT('',(6.106226635438E-16,-5.5,1.267949292431));
#2097 = DIRECTION('',(-0.,-1.224646799147E-16,-1.));
#2098 = DIRECTION('',(1.110223024625E-16,-1.,1.224646799147E-16));
#2099 = DEFINITIONAL_REPRESENTATION('',(#2100),#2104);
#2100 = LINE('',#2101,#2102);
#2101 = CARTESIAN_POINT('',(9.318058111711,1.267949192431));
#2102 = VECTOR('',#2103,1.);
#2103 = DIRECTION('',(-1.,-0.));
#2104 = ( GEOMETRIC_REPRESENTATION_CONTEXT(2) 
PARAMETRIC_REPRESENTATION_CONTEXT() REPRESENTATION_CONTEXT('2D SPACE',''
  ) );
#2105 = ORIENTED_EDGE('',*,*,#2106,.T.);
#2106 = EDGE_CURVE('',#2074,#2107,#2109,.T.);
#2107 = VERTEX_POINT('',#2108);
#2108 = CARTESIAN_POINT('',(4.818,41.2066,1.000000224849E-07));
#2109 = SURFACE_CURVE('',#2110,(#2114,#2121),.PCURVE_S1.);
#2110 = LINE('',#2111,#2112);
#2111 = CARTESIAN_POINT('',(4.818,8.92665,1.000000260376E-07));
#2112 = VECTOR('',#2113,1.);
#2113 = DIRECTION('',(-2.22044604925E-16,1.,-1.224646799147E-16));
#2114 = PCURVE('',#1005,#2115);
#2115 = DEFINITIONAL_REPRESENTATION('',(#2116),#2120);
#2116 = LINE('',#2117,#2118);
#2117 = CARTESIAN_POINT('',(-8.92665,-4.818));
#2118 = VECTOR('',#2119,1.);
#2119 = DIRECTION('',(-1.,1.110223024625E-16));
#2120 = ( GEOMETRIC_REPRESENTATION_CONTEXT(2) 
PARAMETRIC_REPRESENTATION_CONTEXT() REPRESENTATION_CONTEXT('2D SPACE',''
  ) );
#2121 = PCURVE('',#2122,#2127);
#2122 = PLANE('',#2123);
#2123 = AXIS2_PLACEMENT_3D('',#2124,#2125,#2126);
#2124 = CARTESIAN_POINT('',(4.818,17.8533,1.1662501));
#2125 = DIRECTION('',(-1.,-2.22044604925E-16,2.719262146894E-32));
#2126 = DIRECTION('',(0.,-1.224646799147E-16,-1.));
#2127 = DEFINITIONAL_REPRESENTATION('',(#2128),#2132);
#2128 = LINE('',#2129,#2130);
#2129 = CARTESIAN_POINT('',(1.16625,8.92665));
#2130 = VECTOR('',#2131,1.);
#2131 = DIRECTION('',(0.,-1.));
#2132 = ( GEOMETRIC_REPRESENTATION_CONTEXT(2) 
PARAMETRIC_REPRESENTATION_CONTEXT() REPRESENTATION_CONTEXT('2D SPACE',''
  ) );
#2133 = ORIENTED_EDGE('',*,*,#2134,.T.);
#2134 = EDGE_CURVE('',#2107,#2135,#2137,.T.);
#2135 = VERTEX_POINT('',#2136);
#2136 = CARTESIAN_POINT('',(2.0875,41.2066,1.000000224849E-07));
#2137 = SURFACE_CURVE('',#2138,(#2142,#2149),.PCURVE_S1.);
#2138 = LINE('',#2139,#2140);
#2139 = CARTESIAN_POINT('',(-1.122472403602E-14,41.2066,
    1.000000224849E-07));
#2140 = VECTOR('',#2141,1.);
#2141 = DIRECTION('',(-1.,-2.22044604925E-16,2.719262146894E-32));
#2142 = PCURVE('',#1005,#2143);
#2143 = DEFINITIONAL_REPRESENTATION('',(#2144),#2148);
#2144 = LINE('',#2145,#2146);
#2145 = CARTESIAN_POINT('',(-41.2066,2.684724894163E-15));
#2146 = VECTOR('',#2147,1.);
#2147 = DIRECTION('',(1.110223024625E-16,1.));
#2148 = ( GEOMETRIC_REPRESENTATION_CONTEXT(2) 
PARAMETRIC_REPRESENTATION_CONTEXT() REPRESENTATION_CONTEXT('2D SPACE',''
  ) );
#2149 = PCURVE('',#2033,#2150);
#2150 = DEFINITIONAL_REPRESENTATION('',(#2151),#2155);
#2151 = LINE('',#2152,#2153);
#2152 = CARTESIAN_POINT('',(-7.3325,1.890126714489E-15));
#2153 = VECTOR('',#2154,1.);
#2154 = DIRECTION('',(0.,1.));
#2155 = ( GEOMETRIC_REPRESENTATION_CONTEXT(2) 
PARAMETRIC_REPRESENTATION_CONTEXT() REPRESENTATION_CONTEXT('2D SPACE',''
  ) );
#2156 = ORIENTED_EDGE('',*,*,#2157,.T.);
#2157 = EDGE_CURVE('',#2135,#2158,#2160,.T.);
#2158 = VERTEX_POINT('',#2159);
#2159 = CARTESIAN_POINT('',(2.0875,43.687774603747,1.000000189322E-07));
#2160 = SURFACE_CURVE('',#2161,(#2165,#2172),.PCURVE_S1.);
#2161 = LINE('',#2162,#2163);
#2162 = CARTESIAN_POINT('',(2.0875,10.393730729526,1.000000260376E-07));
#2163 = VECTOR('',#2164,1.);
#2164 = DIRECTION('',(-2.22044604925E-16,1.,-1.224646799147E-16));
#2165 = PCURVE('',#1005,#2166);
#2166 = DEFINITIONAL_REPRESENTATION('',(#2167),#2171);
#2167 = LINE('',#2168,#2169);
#2168 = CARTESIAN_POINT('',(-10.39373072952,-2.0875));
#2169 = VECTOR('',#2170,1.);
#2170 = DIRECTION('',(-1.,1.110223024625E-16));
#2171 = ( GEOMETRIC_REPRESENTATION_CONTEXT(2) 
PARAMETRIC_REPRESENTATION_CONTEXT() REPRESENTATION_CONTEXT('2D SPACE',''
  ) );
#2172 = PCURVE('',#1823,#2173);
#2173 = DEFINITIONAL_REPRESENTATION('',(#2174),#2178);
#2174 = LINE('',#2175,#2176);
#2175 = CARTESIAN_POINT('',(0.974850325574,10.393730729526));
#2176 = VECTOR('',#2177,1.);
#2177 = DIRECTION('',(0.,-1.));
#2178 = ( GEOMETRIC_REPRESENTATION_CONTEXT(2) 
PARAMETRIC_REPRESENTATION_CONTEXT() REPRESENTATION_CONTEXT('2D SPACE',''
  ) );
#2179 = ORIENTED_EDGE('',*,*,#2180,.F.);
#2180 = EDGE_CURVE('',#1399,#2158,#2181,.T.);
#2181 = SURFACE_CURVE('',#2182,(#2187,#2198),.PCURVE_S1.);
#2182 = CIRCLE('',#2183,49.232050807569);
#2183 = AXIS2_PLACEMENT_3D('',#2184,#2185,#2186);
#2184 = CARTESIAN_POINT('',(6.106226635438E-16,-5.5,1.000000260376E-07)
  );
#2185 = DIRECTION('',(0.,1.224646799147E-16,1.));
#2186 = DIRECTION('',(0.744311894039,0.667832167832,-8.178585267033E-17)
  );
#2187 = PCURVE('',#1005,#2188);
#2188 = DEFINITIONAL_REPRESENTATION('',(#2189),#2197);
#2189 = ( BOUNDED_CURVE() B_SPLINE_CURVE(2,(#2190,#2191,#2192,#2193,
#2194,#2195,#2196),.UNSPECIFIED.,.T.,.F.) B_SPLINE_CURVE_WITH_KNOTS((1,2
    ,2,2,2,1),(-2.094395102393,0.,2.094395102393,4.188790204786,
6.28318530718,8.377580409573),.UNSPECIFIED.) CURVE() 
GEOMETRIC_REPRESENTATION_ITEM() RATIONAL_B_SPLINE_CURVE((1.,0.5,1.,0.5,
1.,0.5,1.)) REPRESENTATION_ITEM('') );
#2190 = CARTESIAN_POINT('',(-27.37874721764,-36.64400098402));
#2191 = CARTESIAN_POINT('',(-90.84801871458,20.303659686142));
#2192 = CARTESIAN_POINT('',(-9.795262139649,46.795830827099));
#2193 = CARTESIAN_POINT('',(71.257494435284,73.288001968056));
#2194 = CARTESIAN_POINT('',(53.674009357291,-10.15182984307));
#2195 = CARTESIAN_POINT('',(36.090524279298,-93.59166165419));
#2196 = CARTESIAN_POINT('',(-27.37874721764,-36.64400098402));
#2197 = ( GEOMETRIC_REPRESENTATION_CONTEXT(2) 
PARAMETRIC_REPRESENTATION_CONTEXT() REPRESENTATION_CONTEXT('2D SPACE',''
  ) );
#2198 = PCURVE('',#1456,#2199);
#2199 = DEFINITIONAL_REPRESENTATION('',(#2200),#2204);
#2200 = LINE('',#2201,#2202);
#2201 = CARTESIAN_POINT('',(0.,-0.732050807569));
#2202 = VECTOR('',#2203,1.);
#2203 = DIRECTION('',(1.,-0.));
#2204 = ( GEOMETRIC_REPRESENTATION_CONTEXT(2) 
PARAMETRIC_REPRESENTATION_CONTEXT() REPRESENTATION_CONTEXT('2D SPACE',''
  ) );
#2205 = ORIENTED_EDGE('',*,*,#1398,.F.);
#2206 = ADVANCED_FACE('',(#2207),#1170,.T.);
#2207 = FACE_BOUND('',#2208,.T.);
#2208 = EDGE_LOOP('',(#2209,#2210,#2211,#2212));
#2209 = ORIENTED_EDGE('',*,*,#1374,.F.);
#2210 = ORIENTED_EDGE('',*,*,#1471,.T.);
#2211 = ORIENTED_EDGE('',*,*,#1155,.T.);
#2212 = ORIENTED_EDGE('',*,*,#1234,.F.);
#2213 = ADVANCED_FACE('',(#2214),#1326,.T.);
#2214 = FACE_BOUND('',#2215,.T.);
#2215 = EDGE_LOOP('',(#2216,#2239,#2240,#2241));
#2216 = ORIENTED_EDGE('',*,*,#2217,.F.);
#2217 = EDGE_CURVE('',#1310,#2218,#2220,.T.);
#2218 = VERTEX_POINT('',#2219);
#2219 = CARTESIAN_POINT('',(6.217248937901E-15,-56.,15.0000001));
#2220 = SEAM_CURVE('',#2221,(#2225,#2232),.PCURVE_S1.);
#2221 = LINE('',#2222,#2223);
#2222 = CARTESIAN_POINT('',(6.217248937901E-15,-56.,15.0000001));
#2223 = VECTOR('',#2224,1.);
#2224 = DIRECTION('',(7.850462293419E-17,-0.707106781187,-0.707106781187
    ));
#2225 = PCURVE('',#1326,#2226);
#2226 = DEFINITIONAL_REPRESENTATION('',(#2227),#2231);
#2227 = LINE('',#2228,#2229);
#2228 = CARTESIAN_POINT('',(0.,0.));
#2229 = VECTOR('',#2230,1.);
#2230 = DIRECTION('',(0.,1.));
#2231 = ( GEOMETRIC_REPRESENTATION_CONTEXT(2) 
PARAMETRIC_REPRESENTATION_CONTEXT() REPRESENTATION_CONTEXT('2D SPACE',''
  ) );
#2232 = PCURVE('',#1326,#2233);
#2233 = DEFINITIONAL_REPRESENTATION('',(#2234),#2238);
#2234 = LINE('',#2235,#2236);
#2235 = CARTESIAN_POINT('',(6.28318530718,0.));
#2236 = VECTOR('',#2237,1.);
#2237 = DIRECTION('',(0.,1.));
#2238 = ( GEOMETRIC_REPRESENTATION_CONTEXT(2) 
PARAMETRIC_REPRESENTATION_CONTEXT() REPRESENTATION_CONTEXT('2D SPACE',''
  ) );
#2239 = ORIENTED_EDGE('',*,*,#1309,.T.);
#2240 = ORIENTED_EDGE('',*,*,#2217,.T.);
#2241 = ORIENTED_EDGE('',*,*,#2242,.F.);
#2242 = EDGE_CURVE('',#2218,#2218,#2243,.T.);
#2243 = SURFACE_CURVE('',#2244,(#2249,#2256),.PCURVE_S1.);
#2244 = CIRCLE('',#2245,56.);
#2245 = AXIS2_PLACEMENT_3D('',#2246,#2247,#2248);
#2246 = CARTESIAN_POINT('',(0.,-1.224646799147E-16,15.0000001));
#2247 = DIRECTION('',(0.,-1.224646799147E-16,-1.));
#2248 = DIRECTION('',(1.110223024625E-16,-1.,1.224646799147E-16));
#2249 = PCURVE('',#1326,#2250);
#2250 = DEFINITIONAL_REPRESENTATION('',(#2251),#2255);
#2251 = LINE('',#2252,#2253);
#2252 = CARTESIAN_POINT('',(0.,0.));
#2253 = VECTOR('',#2254,1.);
#2254 = DIRECTION('',(1.,0.));
#2255 = ( GEOMETRIC_REPRESENTATION_CONTEXT(2) 
PARAMETRIC_REPRESENTATION_CONTEXT() REPRESENTATION_CONTEXT('2D SPACE',''
  ) );
#2256 = PCURVE('',#2257,#2262);
#2257 = CYLINDRICAL_SURFACE('',#2258,56.);
#2258 = AXIS2_PLACEMENT_3D('',#2259,#2260,#2261);
#2259 = CARTESIAN_POINT('',(0.,0.,16.0000001));
#2260 = DIRECTION('',(0.,1.224646799147E-16,1.));
#2261 = DIRECTION('',(1.110223024625E-16,-1.,1.224646799147E-16));
#2262 = DEFINITIONAL_REPRESENTATION('',(#2263),#2267);
#2263 = LINE('',#2264,#2265);
#2264 = CARTESIAN_POINT('',(-0.,-1.));
#2265 = VECTOR('',#2266,1.);
#2266 = DIRECTION('',(-1.,0.));
#2267 = ( GEOMETRIC_REPRESENTATION_CONTEXT(2) 
PARAMETRIC_REPRESENTATION_CONTEXT() REPRESENTATION_CONTEXT('2D SPACE',''
  ) );
#2268 = ADVANCED_FACE('',(#2269),#1357,.F.);
#2269 = FACE_BOUND('',#2270,.F.);
#2270 = EDGE_LOOP('',(#2271,#2294,#2295,#2296));
#2271 = ORIENTED_EDGE('',*,*,#2272,.F.);
#2272 = EDGE_CURVE('',#1341,#2273,#2275,.T.);
#2273 = VERTEX_POINT('',#2274);
#2274 = CARTESIAN_POINT('',(5.329070518201E-15,-48.,15.0000001));
#2275 = SEAM_CURVE('',#2276,(#2280,#2287),.PCURVE_S1.);
#2276 = LINE('',#2277,#2278);
#2277 = CARTESIAN_POINT('',(5.329070518201E-15,-48.,15.0000001));
#2278 = VECTOR('',#2279,1.);
#2279 = DIRECTION('',(-7.850462293419E-17,0.707106781187,-0.707106781187
    ));
#2280 = PCURVE('',#1357,#2281);
#2281 = DEFINITIONAL_REPRESENTATION('',(#2282),#2286);
#2282 = LINE('',#2283,#2284);
#2283 = CARTESIAN_POINT('',(-0.,-0.));
#2284 = VECTOR('',#2285,1.);
#2285 = DIRECTION('',(-0.,-1.));
#2286 = ( GEOMETRIC_REPRESENTATION_CONTEXT(2) 
PARAMETRIC_REPRESENTATION_CONTEXT() REPRESENTATION_CONTEXT('2D SPACE',''
  ) );
#2287 = PCURVE('',#1357,#2288);
#2288 = DEFINITIONAL_REPRESENTATION('',(#2289),#2293);
#2289 = LINE('',#2290,#2291);
#2290 = CARTESIAN_POINT('',(-6.28318530718,-0.));
#2291 = VECTOR('',#2292,1.);
#2292 = DIRECTION('',(-0.,-1.));
#2293 = ( GEOMETRIC_REPRESENTATION_CONTEXT(2) 
PARAMETRIC_REPRESENTATION_CONTEXT() REPRESENTATION_CONTEXT('2D SPACE',''
  ) );
#2294 = ORIENTED_EDGE('',*,*,#1340,.T.);
#2295 = ORIENTED_EDGE('',*,*,#2272,.T.);
#2296 = ORIENTED_EDGE('',*,*,#2297,.F.);
#2297 = EDGE_CURVE('',#2273,#2273,#2298,.T.);
#2298 = SURFACE_CURVE('',#2299,(#2304,#2311),.PCURVE_S1.);
#2299 = CIRCLE('',#2300,42.5);
#2300 = AXIS2_PLACEMENT_3D('',#2301,#2302,#2303);
#2301 = CARTESIAN_POINT('',(6.106226635438E-16,-5.5,15.0000001));
#2302 = DIRECTION('',(0.,-1.224646799147E-16,-1.));
#2303 = DIRECTION('',(1.110223024625E-16,-1.,1.224646799147E-16));
#2304 = PCURVE('',#1357,#2305);
#2305 = DEFINITIONAL_REPRESENTATION('',(#2306),#2310);
#2306 = LINE('',#2307,#2308);
#2307 = CARTESIAN_POINT('',(-0.,-0.));
#2308 = VECTOR('',#2309,1.);
#2309 = DIRECTION('',(-1.,-0.));
#2310 = ( GEOMETRIC_REPRESENTATION_CONTEXT(2) 
PARAMETRIC_REPRESENTATION_CONTEXT() REPRESENTATION_CONTEXT('2D SPACE',''
  ) );
#2311 = PCURVE('',#2312,#2317);
#2312 = CYLINDRICAL_SURFACE('',#2313,42.5);
#2313 = AXIS2_PLACEMENT_3D('',#2314,#2315,#2316);
#2314 = CARTESIAN_POINT('',(6.106226635438E-16,-5.5,16.0000001));
#2315 = DIRECTION('',(0.,1.224646799147E-16,1.));
#2316 = DIRECTION('',(1.110223024625E-16,-1.,1.224646799147E-16));
#2317 = DEFINITIONAL_REPRESENTATION('',(#2318),#2322);
#2318 = LINE('',#2319,#2320);
#2319 = CARTESIAN_POINT('',(-0.,-1.));
#2320 = VECTOR('',#2321,1.);
#2321 = DIRECTION('',(-1.,0.));
#2322 = ( GEOMETRIC_REPRESENTATION_CONTEXT(2) 
PARAMETRIC_REPRESENTATION_CONTEXT() REPRESENTATION_CONTEXT('2D SPACE',''
  ) );
#2323 = ADVANCED_FACE('',(#2324),#1456,.T.);
#2324 = FACE_BOUND('',#2325,.F.);
#2325 = EDGE_LOOP('',(#2326,#2327,#2328,#2353));
#2326 = ORIENTED_EDGE('',*,*,#1443,.F.);
#2327 = ORIENTED_EDGE('',*,*,#1835,.T.);
#2328 = ORIENTED_EDGE('',*,*,#2329,.F.);
#2329 = EDGE_CURVE('',#2158,#1808,#2330,.T.);
#2330 = SURFACE_CURVE('',#2331,(#2336,#2346),.PCURVE_S1.);
#2331 = HYPERBOLA('',#2332,1.205218686933,2.0875);
#2332 = AXIS2_PLACEMENT_3D('',#2333,#2334,#2335);
#2333 = CARTESIAN_POINT('',(2.0875,-5.5,-28.4241376865));
#2334 = DIRECTION('',(-1.,-2.22044604925E-16,2.719262146894E-32));
#2335 = DIRECTION('',(0.,1.224646799147E-16,1.));
#2336 = PCURVE('',#1456,#2337);
#2337 = DEFINITIONAL_REPRESENTATION('',(#2338),#2345);
#2338 = B_SPLINE_CURVE_WITH_KNOTS('',5,(#2339,#2340,#2341,#2342,#2343,
    #2344),.UNSPECIFIED.,.F.,.F.,(6,6),(3.853275083779,3.878725885794),
  .PIECEWISE_BEZIER_KNOTS.);
#2339 = CARTESIAN_POINT('',(0.797089935476,-0.732050807569));
#2340 = CARTESIAN_POINT('',(0.797305764589,-0.587497506065));
#2341 = CARTESIAN_POINT('',(0.79752022168,-0.442023627288));
#2342 = CARTESIAN_POINT('',(0.797733318359,-0.29562136845));
#2343 = CARTESIAN_POINT('',(0.797945066087,-0.148282827387));
#2344 = CARTESIAN_POINT('',(0.798155476183,-3.520829508064E-15));
#2345 = ( GEOMETRIC_REPRESENTATION_CONTEXT(2) 
PARAMETRIC_REPRESENTATION_CONTEXT() REPRESENTATION_CONTEXT('2D SPACE',''
  ) );
#2346 = PCURVE('',#1823,#2347);
#2347 = DEFINITIONAL_REPRESENTATION('',(#2348),#2352);
#2348 = HYPERBOLA('',#2349,1.205218686933,2.0875);
#2349 = AXIS2_PLACEMENT_2D('',#2350,#2351);
#2350 = CARTESIAN_POINT('',(29.398988112082,26.287461459052));
#2351 = DIRECTION('',(-1.,0.));
#2352 = ( GEOMETRIC_REPRESENTATION_CONTEXT(2) 
PARAMETRIC_REPRESENTATION_CONTEXT() REPRESENTATION_CONTEXT('2D SPACE',''
  ) );
#2353 = ORIENTED_EDGE('',*,*,#2180,.F.);
#2354 = ADVANCED_FACE('',(#2355),#1823,.T.);
#2355 = FACE_BOUND('',#2356,.T.);
#2356 = EDGE_LOOP('',(#2357,#2380,#2402,#2403,#2404));
#2357 = ORIENTED_EDGE('',*,*,#2358,.F.);
#2358 = EDGE_CURVE('',#2359,#2135,#2361,.T.);
#2359 = VERTEX_POINT('',#2360);
#2360 = CARTESIAN_POINT('',(2.0875,41.2066,7.3325001));
#2361 = SURFACE_CURVE('',#2362,(#2366,#2373),.PCURVE_S1.);
#2362 = LINE('',#2363,#2364);
#2363 = CARTESIAN_POINT('',(2.0875,41.2066,4.153675262787));
#2364 = VECTOR('',#2365,1.);
#2365 = DIRECTION('',(0.,-1.224646799147E-16,-1.));
#2366 = PCURVE('',#1823,#2367);
#2367 = DEFINITIONAL_REPRESENTATION('',(#2368),#2372);
#2368 = LINE('',#2369,#2370);
#2369 = CARTESIAN_POINT('',(-3.178824837213,-20.41913854094));
#2370 = VECTOR('',#2371,1.);
#2371 = DIRECTION('',(1.,0.));
#2372 = ( GEOMETRIC_REPRESENTATION_CONTEXT(2) 
PARAMETRIC_REPRESENTATION_CONTEXT() REPRESENTATION_CONTEXT('2D SPACE',''
  ) );
#2373 = PCURVE('',#2033,#2374);
#2374 = DEFINITIONAL_REPRESENTATION('',(#2375),#2379);
#2375 = LINE('',#2376,#2377);
#2376 = CARTESIAN_POINT('',(-3.178824837213,-2.0875));
#2377 = VECTOR('',#2378,1.);
#2378 = DIRECTION('',(-1.,0.));
#2379 = ( GEOMETRIC_REPRESENTATION_CONTEXT(2) 
PARAMETRIC_REPRESENTATION_CONTEXT() REPRESENTATION_CONTEXT('2D SPACE',''
  ) );
#2380 = ORIENTED_EDGE('',*,*,#2381,.T.);
#2381 = EDGE_CURVE('',#2359,#1552,#2382,.T.);
#2382 = SURFACE_CURVE('',#2383,(#2388,#2395),.PCURVE_S1.);
#2383 = CIRCLE('',#2384,7.3025);
#2384 = AXIS2_PLACEMENT_3D('',#2385,#2386,#2387);
#2385 = CARTESIAN_POINT('',(2.0875,41.2066,3.000010000002E-02));
#2386 = DIRECTION('',(-1.,-2.22044604925E-16,2.719262146894E-32));
#2387 = DIRECTION('',(2.160522848945E-31,-8.505483098286E-16,1.));
#2388 = PCURVE('',#1823,#2389);
#2389 = DEFINITIONAL_REPRESENTATION('',(#2390),#2394);
#2390 = CIRCLE('',#2391,7.3025);
#2391 = AXIS2_PLACEMENT_2D('',#2392,#2393);
#2392 = CARTESIAN_POINT('',(0.944850325574,-20.41913854094));
#2393 = DIRECTION('',(-1.,9.730129897434E-16));
#2394 = ( GEOMETRIC_REPRESENTATION_CONTEXT(2) 
PARAMETRIC_REPRESENTATION_CONTEXT() REPRESENTATION_CONTEXT('2D SPACE',''
  ) );
#2395 = PCURVE('',#1719,#2396);
#2396 = DEFINITIONAL_REPRESENTATION('',(#2397),#2401);
#2397 = LINE('',#2398,#2399);
#2398 = CARTESIAN_POINT('',(5.916456789158E-31,4.712388980385));
#2399 = VECTOR('',#2400,1.);
#2400 = DIRECTION('',(1.,0.));
#2401 = ( GEOMETRIC_REPRESENTATION_CONTEXT(2) 
PARAMETRIC_REPRESENTATION_CONTEXT() REPRESENTATION_CONTEXT('2D SPACE',''
  ) );
#2402 = ORIENTED_EDGE('',*,*,#1807,.F.);
#2403 = ORIENTED_EDGE('',*,*,#2329,.F.);
#2404 = ORIENTED_EDGE('',*,*,#2157,.F.);
#2405 = ADVANCED_FACE('',(#2406),#1719,.F.);
#2406 = FACE_BOUND('',#2407,.F.);
#2407 = EDGE_LOOP('',(#2408,#2432,#2454,#2455));
#2408 = ORIENTED_EDGE('',*,*,#2409,.F.);
#2409 = EDGE_CURVE('',#2410,#1524,#2412,.T.);
#2410 = VERTEX_POINT('',#2411);
#2411 = CARTESIAN_POINT('',(-2.0875,41.2066,7.3325001));
#2412 = SURFACE_CURVE('',#2413,(#2418,#2425),.PCURVE_S1.);
#2413 = CIRCLE('',#2414,7.3025);
#2414 = AXIS2_PLACEMENT_3D('',#2415,#2416,#2417);
#2415 = CARTESIAN_POINT('',(-2.0875,41.2066,3.000010000002E-02));
#2416 = DIRECTION('',(-1.,-2.22044604925E-16,2.719262146894E-32));
#2417 = DIRECTION('',(2.160522848945E-31,-8.505483098286E-16,1.));
#2418 = PCURVE('',#1719,#2419);
#2419 = DEFINITIONAL_REPRESENTATION('',(#2420),#2424);
#2420 = LINE('',#2421,#2422);
#2421 = CARTESIAN_POINT('',(0.,7.853981633974));
#2422 = VECTOR('',#2423,1.);
#2423 = DIRECTION('',(1.,0.));
#2424 = ( GEOMETRIC_REPRESENTATION_CONTEXT(2) 
PARAMETRIC_REPRESENTATION_CONTEXT() REPRESENTATION_CONTEXT('2D SPACE',''
  ) );
#2425 = PCURVE('',#1539,#2426);
#2426 = DEFINITIONAL_REPRESENTATION('',(#2427),#2431);
#2427 = CIRCLE('',#2428,7.3025);
#2428 = AXIS2_PLACEMENT_2D('',#2429,#2430);
#2429 = CARTESIAN_POINT('',(0.944850325574,-20.41913854094));
#2430 = DIRECTION('',(-1.,9.730129897434E-16));
#2431 = ( GEOMETRIC_REPRESENTATION_CONTEXT(2) 
PARAMETRIC_REPRESENTATION_CONTEXT() REPRESENTATION_CONTEXT('2D SPACE',''
  ) );
#2432 = ORIENTED_EDGE('',*,*,#2433,.F.);
#2433 = EDGE_CURVE('',#2359,#2410,#2434,.T.);
#2434 = SURFACE_CURVE('',#2435,(#2440,#2447),.PCURVE_S1.);
#2435 = CIRCLE('',#2436,2.0875);
#2436 = AXIS2_PLACEMENT_3D('',#2437,#2438,#2439);
#2437 = CARTESIAN_POINT('',(-9.649303578385E-15,41.2066,7.3325001));
#2438 = DIRECTION('',(2.22044604925E-16,-1.,1.224646799147E-16));
#2439 = DIRECTION('',(-1.,-2.22044604925E-16,2.719262146894E-32));
#2440 = PCURVE('',#1719,#2441);
#2441 = DEFINITIONAL_REPRESENTATION('',(#2442),#2446);
#2442 = LINE('',#2443,#2444);
#2443 = CARTESIAN_POINT('',(0.,1.570796326795));
#2444 = VECTOR('',#2445,1.);
#2445 = DIRECTION('',(0.,1.));
#2446 = ( GEOMETRIC_REPRESENTATION_CONTEXT(2) 
PARAMETRIC_REPRESENTATION_CONTEXT() REPRESENTATION_CONTEXT('2D SPACE',''
  ) );
#2447 = PCURVE('',#2033,#2448);
#2448 = DEFINITIONAL_REPRESENTATION('',(#2449),#2453);
#2449 = CIRCLE('',#2450,2.0875);
#2450 = AXIS2_PLACEMENT_2D('',#2451,#2452);
#2451 = CARTESIAN_POINT('',(0.,3.147062568586E-16));
#2452 = DIRECTION('',(0.,1.));
#2453 = ( GEOMETRIC_REPRESENTATION_CONTEXT(2) 
PARAMETRIC_REPRESENTATION_CONTEXT() REPRESENTATION_CONTEXT('2D SPACE',''
  ) );
#2454 = ORIENTED_EDGE('',*,*,#2381,.T.);
#2455 = ORIENTED_EDGE('',*,*,#1551,.T.);
#2456 = ADVANCED_FACE('',(#2457),#1539,.F.);
#2457 = FACE_BOUND('',#2458,.F.);
#2458 = EDGE_LOOP('',(#2459,#2480,#2481,#2482,#2507));
#2459 = ORIENTED_EDGE('',*,*,#2460,.F.);
#2460 = EDGE_CURVE('',#2410,#1995,#2461,.T.);
#2461 = SURFACE_CURVE('',#2462,(#2466,#2473),.PCURVE_S1.);
#2462 = LINE('',#2463,#2464);
#2463 = CARTESIAN_POINT('',(-2.0875,41.2066,4.153675262787));
#2464 = VECTOR('',#2465,1.);
#2465 = DIRECTION('',(0.,-1.224646799147E-16,-1.));
#2466 = PCURVE('',#1539,#2467);
#2467 = DEFINITIONAL_REPRESENTATION('',(#2468),#2472);
#2468 = LINE('',#2469,#2470);
#2469 = CARTESIAN_POINT('',(-3.178824837213,-20.41913854094));
#2470 = VECTOR('',#2471,1.);
#2471 = DIRECTION('',(1.,0.));
#2472 = ( GEOMETRIC_REPRESENTATION_CONTEXT(2) 
PARAMETRIC_REPRESENTATION_CONTEXT() REPRESENTATION_CONTEXT('2D SPACE',''
  ) );
#2473 = PCURVE('',#2033,#2474);
#2474 = DEFINITIONAL_REPRESENTATION('',(#2475),#2479);
#2475 = LINE('',#2476,#2477);
#2476 = CARTESIAN_POINT('',(-3.178824837213,2.0875));
#2477 = VECTOR('',#2478,1.);
#2478 = DIRECTION('',(-1.,0.));
#2479 = ( GEOMETRIC_REPRESENTATION_CONTEXT(2) 
PARAMETRIC_REPRESENTATION_CONTEXT() REPRESENTATION_CONTEXT('2D SPACE',''
  ) );
#2480 = ORIENTED_EDGE('',*,*,#2409,.T.);
#2481 = ORIENTED_EDGE('',*,*,#1523,.F.);
#2482 = ORIENTED_EDGE('',*,*,#2483,.F.);
#2483 = EDGE_CURVE('',#1967,#1495,#2484,.T.);
#2484 = SURFACE_CURVE('',#2485,(#2490,#2497),.PCURVE_S1.);
#2485 = HYPERBOLA('',#2486,1.205218686933,2.0875);
#2486 = AXIS2_PLACEMENT_3D('',#2487,#2488,#2489);
#2487 = CARTESIAN_POINT('',(-2.0875,-5.5,-28.4241376865));
#2488 = DIRECTION('',(-1.,-2.22044604925E-16,2.719262146894E-32));
#2489 = DIRECTION('',(0.,1.224646799147E-16,1.));
#2490 = PCURVE('',#1539,#2491);
#2491 = DEFINITIONAL_REPRESENTATION('',(#2492),#2496);
#2492 = HYPERBOLA('',#2493,1.205218686933,2.0875);
#2493 = AXIS2_PLACEMENT_2D('',#2494,#2495);
#2494 = CARTESIAN_POINT('',(29.398988112082,26.287461459052));
#2495 = DIRECTION('',(-1.,0.));
#2496 = ( GEOMETRIC_REPRESENTATION_CONTEXT(2) 
PARAMETRIC_REPRESENTATION_CONTEXT() REPRESENTATION_CONTEXT('2D SPACE',''
  ) );
#2497 = PCURVE('',#1511,#2498);
#2498 = DEFINITIONAL_REPRESENTATION('',(#2499),#2506);
#2499 = B_SPLINE_CURVE_WITH_KNOTS('',5,(#2500,#2501,#2502,#2503,#2504,
    #2505),.UNSPECIFIED.,.F.,.F.,(6,6),(3.853275083779,3.878725885794),
  .PIECEWISE_BEZIER_KNOTS.);
#2500 = CARTESIAN_POINT('',(0.881917846546,-0.732050807569));
#2501 = CARTESIAN_POINT('',(0.881702017433,-0.587497506065));
#2502 = CARTESIAN_POINT('',(0.881487560342,-0.442023627288));
#2503 = CARTESIAN_POINT('',(0.881274463663,-0.29562136845));
#2504 = CARTESIAN_POINT('',(0.881062715935,-0.148282827387));
#2505 = CARTESIAN_POINT('',(0.880852305839,8.373926645678E-15));
#2506 = ( GEOMETRIC_REPRESENTATION_CONTEXT(2) 
PARAMETRIC_REPRESENTATION_CONTEXT() REPRESENTATION_CONTEXT('2D SPACE',''
  ) );
#2507 = ORIENTED_EDGE('',*,*,#1994,.F.);
#2508 = ADVANCED_FACE('',(#2509),#1511,.T.);
#2509 = FACE_BOUND('',#2510,.F.);
#2510 = EDGE_LOOP('',(#2511,#2512,#2513,#2514));
#2511 = ORIENTED_EDGE('',*,*,#2483,.T.);
#2512 = ORIENTED_EDGE('',*,*,#1494,.T.);
#2513 = ORIENTED_EDGE('',*,*,#1861,.T.);
#2514 = ORIENTED_EDGE('',*,*,#1966,.F.);
#2515 = ADVANCED_FACE('',(#2516),#1950,.T.);
#2516 = FACE_BOUND('',#2517,.F.);
#2517 = EDGE_LOOP('',(#2518,#2541,#2542,#2543));
#2518 = ORIENTED_EDGE('',*,*,#2519,.F.);
#2519 = EDGE_CURVE('',#1934,#2520,#2522,.T.);
#2520 = VERTEX_POINT('',#2521);
#2521 = CARTESIAN_POINT('',(6.661338147751E-15,-60.,1.267949292431));
#2522 = SEAM_CURVE('',#2523,(#2527,#2534),.PCURVE_S1.);
#2523 = LINE('',#2524,#2525);
#2524 = CARTESIAN_POINT('',(6.661338147751E-15,-60.,1.267949292431));
#2525 = VECTOR('',#2526,1.);
#2526 = DIRECTION('',(5.551115123126E-17,-0.5,0.866025403784));
#2527 = PCURVE('',#1950,#2528);
#2528 = DEFINITIONAL_REPRESENTATION('',(#2529),#2533);
#2529 = LINE('',#2530,#2531);
#2530 = CARTESIAN_POINT('',(-0.,0.));
#2531 = VECTOR('',#2532,1.);
#2532 = DIRECTION('',(-0.,1.));
#2533 = ( GEOMETRIC_REPRESENTATION_CONTEXT(2) 
PARAMETRIC_REPRESENTATION_CONTEXT() REPRESENTATION_CONTEXT('2D SPACE',''
  ) );
#2534 = PCURVE('',#1950,#2535);
#2535 = DEFINITIONAL_REPRESENTATION('',(#2536),#2540);
#2536 = LINE('',#2537,#2538);
#2537 = CARTESIAN_POINT('',(-6.28318530718,0.));
#2538 = VECTOR('',#2539,1.);
#2539 = DIRECTION('',(-0.,1.));
#2540 = ( GEOMETRIC_REPRESENTATION_CONTEXT(2) 
PARAMETRIC_REPRESENTATION_CONTEXT() REPRESENTATION_CONTEXT('2D SPACE',''
  ) );
#2541 = ORIENTED_EDGE('',*,*,#1933,.T.);
#2542 = ORIENTED_EDGE('',*,*,#2519,.T.);
#2543 = ORIENTED_EDGE('',*,*,#2544,.F.);
#2544 = EDGE_CURVE('',#2520,#2520,#2545,.T.);
#2545 = SURFACE_CURVE('',#2546,(#2551,#2558),.PCURVE_S1.);
#2546 = CIRCLE('',#2547,60.);
#2547 = AXIS2_PLACEMENT_3D('',#2548,#2549,#2550);
#2548 = CARTESIAN_POINT('',(0.,-1.804155886637E-15,1.267949292431));
#2549 = DIRECTION('',(0.,-1.224646799147E-16,-1.));
#2550 = DIRECTION('',(1.110223024625E-16,-1.,1.224646799147E-16));
#2551 = PCURVE('',#1950,#2552);
#2552 = DEFINITIONAL_REPRESENTATION('',(#2553),#2557);
#2553 = LINE('',#2554,#2555);
#2554 = CARTESIAN_POINT('',(-0.,0.));
#2555 = VECTOR('',#2556,1.);
#2556 = DIRECTION('',(-1.,0.));
#2557 = ( GEOMETRIC_REPRESENTATION_CONTEXT(2) 
PARAMETRIC_REPRESENTATION_CONTEXT() REPRESENTATION_CONTEXT('2D SPACE',''
  ) );
#2558 = PCURVE('',#2559,#2564);
#2559 = CYLINDRICAL_SURFACE('',#2560,60.);
#2560 = AXIS2_PLACEMENT_3D('',#2561,#2562,#2563);
#2561 = CARTESIAN_POINT('',(0.,-1.714505518806E-15,2.0000001));
#2562 = DIRECTION('',(0.,1.224646799147E-16,1.));
#2563 = DIRECTION('',(1.110223024625E-16,-1.,1.224646799147E-16));
#2564 = DEFINITIONAL_REPRESENTATION('',(#2565),#2569);
#2565 = LINE('',#2566,#2567);
#2566 = CARTESIAN_POINT('',(-0.,-0.732050807569));
#2567 = VECTOR('',#2568,1.);
#2568 = DIRECTION('',(-1.,0.));
#2569 = ( GEOMETRIC_REPRESENTATION_CONTEXT(2) 
PARAMETRIC_REPRESENTATION_CONTEXT() REPRESENTATION_CONTEXT('2D SPACE',''
  ) );
#2570 = ADVANCED_FACE('',(#2571),#2033,.T.);
#2571 = FACE_BOUND('',#2572,.T.);
#2572 = EDGE_LOOP('',(#2573,#2574,#2575,#2576,#2577,#2600,#2629,#2650));
#2573 = ORIENTED_EDGE('',*,*,#2460,.F.);
#2574 = ORIENTED_EDGE('',*,*,#2433,.F.);
#2575 = ORIENTED_EDGE('',*,*,#2358,.T.);
#2576 = ORIENTED_EDGE('',*,*,#2134,.F.);
#2577 = ORIENTED_EDGE('',*,*,#2578,.F.);
#2578 = EDGE_CURVE('',#2579,#2107,#2581,.T.);
#2579 = VERTEX_POINT('',#2580);
#2580 = CARTESIAN_POINT('',(4.818,41.2066,7.3325001));
#2581 = SURFACE_CURVE('',#2582,(#2586,#2593),.PCURVE_S1.);
#2582 = LINE('',#2583,#2584);
#2583 = CARTESIAN_POINT('',(4.818,41.2066,7.3325001));
#2584 = VECTOR('',#2585,1.);
#2585 = DIRECTION('',(0.,-1.224646799147E-16,-1.));
#2586 = PCURVE('',#2033,#2587);
#2587 = DEFINITIONAL_REPRESENTATION('',(#2588),#2592);
#2588 = LINE('',#2589,#2590);
#2589 = CARTESIAN_POINT('',(0.,-4.818));
#2590 = VECTOR('',#2591,1.);
#2591 = DIRECTION('',(-1.,0.));
#2592 = ( GEOMETRIC_REPRESENTATION_CONTEXT(2) 
PARAMETRIC_REPRESENTATION_CONTEXT() REPRESENTATION_CONTEXT('2D SPACE',''
  ) );
#2593 = PCURVE('',#2122,#2594);
#2594 = DEFINITIONAL_REPRESENTATION('',(#2595),#2599);
#2595 = LINE('',#2596,#2597);
#2596 = CARTESIAN_POINT('',(-6.16625,-23.3533));
#2597 = VECTOR('',#2598,1.);
#2598 = DIRECTION('',(1.,0.));
#2599 = ( GEOMETRIC_REPRESENTATION_CONTEXT(2) 
PARAMETRIC_REPRESENTATION_CONTEXT() REPRESENTATION_CONTEXT('2D SPACE',''
  ) );
#2600 = ORIENTED_EDGE('',*,*,#2601,.T.);
#2601 = EDGE_CURVE('',#2579,#2602,#2604,.T.);
#2602 = VERTEX_POINT('',#2603);
#2603 = CARTESIAN_POINT('',(-4.818,41.2066,7.3325001));
#2604 = SURFACE_CURVE('',#2605,(#2610,#2617),.PCURVE_S1.);
#2605 = CIRCLE('',#2606,4.818);
#2606 = AXIS2_PLACEMENT_3D('',#2607,#2608,#2609);
#2607 = CARTESIAN_POINT('',(-9.760325880848E-15,41.2066,7.3325001));
#2608 = DIRECTION('',(2.22044604925E-16,-1.,1.224646799147E-16));
#2609 = DIRECTION('',(-1.,-2.22044604925E-16,2.719262146894E-32));
#2610 = PCURVE('',#2033,#2611);
#2611 = DEFINITIONAL_REPRESENTATION('',(#2612),#2616);
#2612 = CIRCLE('',#2613,4.818);
#2613 = AXIS2_PLACEMENT_2D('',#2614,#2615);
#2614 = CARTESIAN_POINT('',(0.,4.257285593211E-16));
#2615 = DIRECTION('',(0.,1.));
#2616 = ( GEOMETRIC_REPRESENTATION_CONTEXT(2) 
PARAMETRIC_REPRESENTATION_CONTEXT() REPRESENTATION_CONTEXT('2D SPACE',''
  ) );
#2617 = PCURVE('',#2618,#2623);
#2618 = CYLINDRICAL_SURFACE('',#2619,4.818);
#2619 = AXIS2_PLACEMENT_3D('',#2620,#2621,#2622);
#2620 = CARTESIAN_POINT('',(-9.760325880848E-15,41.2066,7.3325001));
#2621 = DIRECTION('',(-2.22044604925E-16,1.,-1.224646799147E-16));
#2622 = DIRECTION('',(-1.,-2.22044604925E-16,2.719262146894E-32));
#2623 = DEFINITIONAL_REPRESENTATION('',(#2624),#2628);
#2624 = LINE('',#2625,#2626);
#2625 = CARTESIAN_POINT('',(-0.,0.));
#2626 = VECTOR('',#2627,1.);
#2627 = DIRECTION('',(-1.,0.));
#2628 = ( GEOMETRIC_REPRESENTATION_CONTEXT(2) 
PARAMETRIC_REPRESENTATION_CONTEXT() REPRESENTATION_CONTEXT('2D SPACE',''
  ) );
#2629 = ORIENTED_EDGE('',*,*,#2630,.T.);
#2630 = EDGE_CURVE('',#2602,#2018,#2631,.T.);
#2631 = SURFACE_CURVE('',#2632,(#2636,#2643),.PCURVE_S1.);
#2632 = LINE('',#2633,#2634);
#2633 = CARTESIAN_POINT('',(-4.818,41.2066,7.3325001));
#2634 = VECTOR('',#2635,1.);
#2635 = DIRECTION('',(0.,-1.224646799147E-16,-1.));
#2636 = PCURVE('',#2033,#2637);
#2637 = DEFINITIONAL_REPRESENTATION('',(#2638),#2642);
#2638 = LINE('',#2639,#2640);
#2639 = CARTESIAN_POINT('',(0.,4.818));
#2640 = VECTOR('',#2641,1.);
#2641 = DIRECTION('',(-1.,0.));
#2642 = ( GEOMETRIC_REPRESENTATION_CONTEXT(2) 
PARAMETRIC_REPRESENTATION_CONTEXT() REPRESENTATION_CONTEXT('2D SPACE',''
  ) );
#2643 = PCURVE('',#2061,#2644);
#2644 = DEFINITIONAL_REPRESENTATION('',(#2645),#2649);
#2645 = LINE('',#2646,#2647);
#2646 = CARTESIAN_POINT('',(-6.16625,-23.3533));
#2647 = VECTOR('',#2648,1.);
#2648 = DIRECTION('',(1.,0.));
#2649 = ( GEOMETRIC_REPRESENTATION_CONTEXT(2) 
PARAMETRIC_REPRESENTATION_CONTEXT() REPRESENTATION_CONTEXT('2D SPACE',''
  ) );
#2650 = ORIENTED_EDGE('',*,*,#2017,.F.);
#2651 = ADVANCED_FACE('',(#2652),#2061,.F.);
#2652 = FACE_BOUND('',#2653,.F.);
#2653 = EDGE_LOOP('',(#2654,#2677,#2678,#2679,#2706));
#2654 = ORIENTED_EDGE('',*,*,#2655,.F.);
#2655 = EDGE_CURVE('',#2602,#2656,#2658,.T.);
#2656 = VERTEX_POINT('',#2657);
#2657 = CARTESIAN_POINT('',(-4.818,38.738409510289,7.3325001));
#2658 = SURFACE_CURVE('',#2659,(#2663,#2670),.PCURVE_S1.);
#2659 = LINE('',#2660,#2661);
#2660 = CARTESIAN_POINT('',(-4.818,41.2066,7.3325001));
#2661 = VECTOR('',#2662,1.);
#2662 = DIRECTION('',(2.22044604925E-16,-1.,1.224646799147E-16));
#2663 = PCURVE('',#2061,#2664);
#2664 = DEFINITIONAL_REPRESENTATION('',(#2665),#2669);
#2665 = LINE('',#2666,#2667);
#2666 = CARTESIAN_POINT('',(-6.16625,-23.3533));
#2667 = VECTOR('',#2668,1.);
#2668 = DIRECTION('',(0.,1.));
#2669 = ( GEOMETRIC_REPRESENTATION_CONTEXT(2) 
PARAMETRIC_REPRESENTATION_CONTEXT() REPRESENTATION_CONTEXT('2D SPACE',''
  ) );
#2670 = PCURVE('',#2618,#2671);
#2671 = DEFINITIONAL_REPRESENTATION('',(#2672),#2676);
#2672 = LINE('',#2673,#2674);
#2673 = CARTESIAN_POINT('',(-6.28318530718,0.));
#2674 = VECTOR('',#2675,1.);
#2675 = DIRECTION('',(-0.,-1.));
#2676 = ( GEOMETRIC_REPRESENTATION_CONTEXT(2) 
PARAMETRIC_REPRESENTATION_CONTEXT() REPRESENTATION_CONTEXT('2D SPACE',''
  ) );
#2677 = ORIENTED_EDGE('',*,*,#2630,.T.);
#2678 = ORIENTED_EDGE('',*,*,#2045,.F.);
#2679 = ORIENTED_EDGE('',*,*,#2680,.T.);
#2680 = EDGE_CURVE('',#2046,#2681,#2683,.T.);
#2681 = VERTEX_POINT('',#2682);
#2682 = CARTESIAN_POINT('',(-4.818,38.738409510289,1.267949292431));
#2683 = SURFACE_CURVE('',#2684,(#2689,#2696),.PCURVE_S1.);
#2684 = HYPERBOLA('',#2685,8.345020790867,4.818);
#2685 = AXIS2_PLACEMENT_3D('',#2686,#2687,#2688);
#2686 = CARTESIAN_POINT('',(-4.818,-5.5,78.344210229246));
#2687 = DIRECTION('',(-1.,-2.22044604925E-16,2.719262146894E-32));
#2688 = DIRECTION('',(0.,-1.224646799147E-16,-1.));
#2689 = PCURVE('',#2061,#2690);
#2690 = DEFINITIONAL_REPRESENTATION('',(#2691),#2695);
#2691 = HYPERBOLA('',#2692,8.345020790867,4.818);
#2692 = AXIS2_PLACEMENT_2D('',#2693,#2694);
#2693 = CARTESIAN_POINT('',(-77.17796012924,23.3533));
#2694 = DIRECTION('',(1.,0.));
#2695 = ( GEOMETRIC_REPRESENTATION_CONTEXT(2) 
PARAMETRIC_REPRESENTATION_CONTEXT() REPRESENTATION_CONTEXT('2D SPACE',''
  ) );
#2696 = PCURVE('',#2094,#2697);
#2697 = DEFINITIONAL_REPRESENTATION('',(#2698),#2705);
#2698 = B_SPLINE_CURVE_WITH_KNOTS('',5,(#2699,#2700,#2701,#2702,#2703,
    #2704),.UNSPECIFIED.,.F.,.F.,(6,6),(-2.929745566843,-2.913333918567)
  ,.PIECEWISE_BEZIER_KNOTS.);
#2699 = CARTESIAN_POINT('',(9.318058111711,1.267949192431));
#2700 = CARTESIAN_POINT('',(9.317708486522,1.012260644505));
#2701 = CARTESIAN_POINT('',(9.317357435014,0.757627166671));
#2702 = CARTESIAN_POINT('',(9.317004949515,0.504043019953));
#2703 = CARTESIAN_POINT('',(9.316651022298,0.251502512736));
#2704 = CARTESIAN_POINT('',(9.316295645573,-1.33226762955E-15));
#2705 = ( GEOMETRIC_REPRESENTATION_CONTEXT(2) 
PARAMETRIC_REPRESENTATION_CONTEXT() REPRESENTATION_CONTEXT('2D SPACE',''
  ) );
#2706 = ORIENTED_EDGE('',*,*,#2707,.T.);
#2707 = EDGE_CURVE('',#2681,#2656,#2708,.T.);
#2708 = SURFACE_CURVE('',#2709,(#2713,#2720),.PCURVE_S1.);
#2709 = LINE('',#2710,#2711);
#2710 = CARTESIAN_POINT('',(-4.818,38.738409510289,16.0000001));
#2711 = VECTOR('',#2712,1.);
#2712 = DIRECTION('',(0.,1.224646799147E-16,1.));
#2713 = PCURVE('',#2061,#2714);
#2714 = DEFINITIONAL_REPRESENTATION('',(#2715),#2719);
#2715 = LINE('',#2716,#2717);
#2716 = CARTESIAN_POINT('',(-14.83375,-20.88510951028));
#2717 = VECTOR('',#2718,1.);
#2718 = DIRECTION('',(-1.,0.));
#2719 = ( GEOMETRIC_REPRESENTATION_CONTEXT(2) 
PARAMETRIC_REPRESENTATION_CONTEXT() REPRESENTATION_CONTEXT('2D SPACE',''
  ) );
#2720 = PCURVE('',#2721,#2726);
#2721 = CYLINDRICAL_SURFACE('',#2722,44.5);
#2722 = AXIS2_PLACEMENT_3D('',#2723,#2724,#2725);
#2723 = CARTESIAN_POINT('',(6.106226635438E-16,-5.5,16.0000001));
#2724 = DIRECTION('',(0.,1.224646799147E-16,1.));
#2725 = DIRECTION('',(1.110223024625E-16,-1.,1.224646799147E-16));
#2726 = DEFINITIONAL_REPRESENTATION('',(#2727),#2731);
#2727 = LINE('',#2728,#2729);
#2728 = CARTESIAN_POINT('',(-3.033110338393,0.));
#2729 = VECTOR('',#2730,1.);
#2730 = DIRECTION('',(-0.,1.));
#2731 = ( GEOMETRIC_REPRESENTATION_CONTEXT(2) 
PARAMETRIC_REPRESENTATION_CONTEXT() REPRESENTATION_CONTEXT('2D SPACE',''
  ) );
#2732 = ADVANCED_FACE('',(#2733),#2094,.F.);
#2733 = FACE_BOUND('',#2734,.T.);
#2734 = EDGE_LOOP('',(#2735,#2736,#2737,#2761,#2785));
#2735 = ORIENTED_EDGE('',*,*,#2073,.F.);
#2736 = ORIENTED_EDGE('',*,*,#2680,.T.);
#2737 = ORIENTED_EDGE('',*,*,#2738,.F.);
#2738 = EDGE_CURVE('',#2739,#2681,#2741,.T.);
#2739 = VERTEX_POINT('',#2740);
#2740 = CARTESIAN_POINT('',(5.551115123126E-15,-50.,1.267949292431));
#2741 = SURFACE_CURVE('',#2742,(#2747,#2754),.PCURVE_S1.);
#2742 = CIRCLE('',#2743,44.5);
#2743 = AXIS2_PLACEMENT_3D('',#2744,#2745,#2746);
#2744 = CARTESIAN_POINT('',(6.106226635438E-16,-5.5,1.267949292431));
#2745 = DIRECTION('',(0.,-1.224646799147E-16,-1.));
#2746 = DIRECTION('',(1.110223024625E-16,-1.,1.224646799147E-16));
#2747 = PCURVE('',#2094,#2748);
#2748 = DEFINITIONAL_REPRESENTATION('',(#2749),#2753);
#2749 = LINE('',#2750,#2751);
#2750 = CARTESIAN_POINT('',(6.28318530718,-0.));
#2751 = VECTOR('',#2752,1.);
#2752 = DIRECTION('',(1.,-0.));
#2753 = ( GEOMETRIC_REPRESENTATION_CONTEXT(2) 
PARAMETRIC_REPRESENTATION_CONTEXT() REPRESENTATION_CONTEXT('2D SPACE',''
  ) );
#2754 = PCURVE('',#2721,#2755);
#2755 = DEFINITIONAL_REPRESENTATION('',(#2756),#2760);
#2756 = LINE('',#2757,#2758);
#2757 = CARTESIAN_POINT('',(-0.,-14.73205080756));
#2758 = VECTOR('',#2759,1.);
#2759 = DIRECTION('',(-1.,0.));
#2760 = ( GEOMETRIC_REPRESENTATION_CONTEXT(2) 
PARAMETRIC_REPRESENTATION_CONTEXT() REPRESENTATION_CONTEXT('2D SPACE',''
  ) );
#2761 = ORIENTED_EDGE('',*,*,#2762,.F.);
#2762 = EDGE_CURVE('',#2763,#2739,#2765,.T.);
#2763 = VERTEX_POINT('',#2764);
#2764 = CARTESIAN_POINT('',(4.818,38.738409510289,1.267949292431));
#2765 = SURFACE_CURVE('',#2766,(#2771,#2778),.PCURVE_S1.);
#2766 = CIRCLE('',#2767,44.5);
#2767 = AXIS2_PLACEMENT_3D('',#2768,#2769,#2770);
#2768 = CARTESIAN_POINT('',(6.106226635438E-16,-5.5,1.267949292431));
#2769 = DIRECTION('',(0.,-1.224646799147E-16,-1.));
#2770 = DIRECTION('',(1.110223024625E-16,-1.,1.224646799147E-16));
#2771 = PCURVE('',#2094,#2772);
#2772 = DEFINITIONAL_REPRESENTATION('',(#2773),#2777);
#2773 = LINE('',#2774,#2775);
#2774 = CARTESIAN_POINT('',(0.,-0.));
#2775 = VECTOR('',#2776,1.);
#2776 = DIRECTION('',(1.,-0.));
#2777 = ( GEOMETRIC_REPRESENTATION_CONTEXT(2) 
PARAMETRIC_REPRESENTATION_CONTEXT() REPRESENTATION_CONTEXT('2D SPACE',''
  ) );
#2778 = PCURVE('',#2721,#2779);
#2779 = DEFINITIONAL_REPRESENTATION('',(#2780),#2784);
#2780 = LINE('',#2781,#2782);
#2781 = CARTESIAN_POINT('',(-0.,-14.73205080756));
#2782 = VECTOR('',#2783,1.);
#2783 = DIRECTION('',(-1.,0.));
#2784 = ( GEOMETRIC_REPRESENTATION_CONTEXT(2) 
PARAMETRIC_REPRESENTATION_CONTEXT() REPRESENTATION_CONTEXT('2D SPACE',''
  ) );
#2785 = ORIENTED_EDGE('',*,*,#2786,.F.);
#2786 = EDGE_CURVE('',#2074,#2763,#2787,.T.);
#2787 = SURFACE_CURVE('',#2788,(#2793,#2803),.PCURVE_S1.);
#2788 = HYPERBOLA('',#2789,8.345020790867,4.818);
#2789 = AXIS2_PLACEMENT_3D('',#2790,#2791,#2792);
#2790 = CARTESIAN_POINT('',(4.818,-5.5,78.344210229246));
#2791 = DIRECTION('',(-1.,-2.22044604925E-16,2.719262146894E-32));
#2792 = DIRECTION('',(0.,-1.224646799147E-16,-1.));
#2793 = PCURVE('',#2094,#2794);
#2794 = DEFINITIONAL_REPRESENTATION('',(#2795),#2802);
#2795 = B_SPLINE_CURVE_WITH_KNOTS('',5,(#2796,#2797,#2798,#2799,#2800,
    #2801),.UNSPECIFIED.,.F.,.F.,(6,6),(-2.929745566843,-2.913333918567)
  ,.PIECEWISE_BEZIER_KNOTS.);
#2796 = CARTESIAN_POINT('',(3.248312502649,1.267949192431));
#2797 = CARTESIAN_POINT('',(3.248662127837,1.012260644505));
#2798 = CARTESIAN_POINT('',(3.249013179346,0.757627166671));
#2799 = CARTESIAN_POINT('',(3.249365664844,0.504043019953));
#2800 = CARTESIAN_POINT('',(3.249719592061,0.251502512736));
#2801 = CARTESIAN_POINT('',(3.250074968786,-1.33226762955E-15));
#2802 = ( GEOMETRIC_REPRESENTATION_CONTEXT(2) 
PARAMETRIC_REPRESENTATION_CONTEXT() REPRESENTATION_CONTEXT('2D SPACE',''
  ) );
#2803 = PCURVE('',#2122,#2804);
#2804 = DEFINITIONAL_REPRESENTATION('',(#2805),#2809);
#2805 = HYPERBOLA('',#2806,8.345020790867,4.818);
#2806 = AXIS2_PLACEMENT_2D('',#2807,#2808);
#2807 = CARTESIAN_POINT('',(-77.17796012924,23.3533));
#2808 = DIRECTION('',(1.,0.));
#2809 = ( GEOMETRIC_REPRESENTATION_CONTEXT(2) 
PARAMETRIC_REPRESENTATION_CONTEXT() REPRESENTATION_CONTEXT('2D SPACE',''
  ) );
#2810 = ADVANCED_FACE('',(#2811),#2122,.T.);
#2811 = FACE_BOUND('',#2812,.T.);
#2812 = EDGE_LOOP('',(#2813,#2836,#2857,#2858,#2859));
#2813 = ORIENTED_EDGE('',*,*,#2814,.T.);
#2814 = EDGE_CURVE('',#2763,#2815,#2817,.T.);
#2815 = VERTEX_POINT('',#2816);
#2816 = CARTESIAN_POINT('',(4.818,38.738409510289,7.3325001));
#2817 = SURFACE_CURVE('',#2818,(#2822,#2829),.PCURVE_S1.);
#2818 = LINE('',#2819,#2820);
#2819 = CARTESIAN_POINT('',(4.818,38.738409510289,16.0000001));
#2820 = VECTOR('',#2821,1.);
#2821 = DIRECTION('',(0.,1.224646799147E-16,1.));
#2822 = PCURVE('',#2122,#2823);
#2823 = DEFINITIONAL_REPRESENTATION('',(#2824),#2828);
#2824 = LINE('',#2825,#2826);
#2825 = CARTESIAN_POINT('',(-14.83375,-20.88510951028));
#2826 = VECTOR('',#2827,1.);
#2827 = DIRECTION('',(-1.,0.));
#2828 = ( GEOMETRIC_REPRESENTATION_CONTEXT(2) 
PARAMETRIC_REPRESENTATION_CONTEXT() REPRESENTATION_CONTEXT('2D SPACE',''
  ) );
#2829 = PCURVE('',#2721,#2830);
#2830 = DEFINITIONAL_REPRESENTATION('',(#2831),#2835);
#2831 = LINE('',#2832,#2833);
#2832 = CARTESIAN_POINT('',(-3.250074968786,0.));
#2833 = VECTOR('',#2834,1.);
#2834 = DIRECTION('',(-0.,1.));
#2835 = ( GEOMETRIC_REPRESENTATION_CONTEXT(2) 
PARAMETRIC_REPRESENTATION_CONTEXT() REPRESENTATION_CONTEXT('2D SPACE',''
  ) );
#2836 = ORIENTED_EDGE('',*,*,#2837,.T.);
#2837 = EDGE_CURVE('',#2815,#2579,#2838,.T.);
#2838 = SURFACE_CURVE('',#2839,(#2843,#2850),.PCURVE_S1.);
#2839 = LINE('',#2840,#2841);
#2840 = CARTESIAN_POINT('',(4.818,-5.5,7.3325001));
#2841 = VECTOR('',#2842,1.);
#2842 = DIRECTION('',(-2.22044604925E-16,1.,-1.224646799147E-16));
#2843 = PCURVE('',#2122,#2844);
#2844 = DEFINITIONAL_REPRESENTATION('',(#2845),#2849);
#2845 = LINE('',#2846,#2847);
#2846 = CARTESIAN_POINT('',(-6.16625,23.3533));
#2847 = VECTOR('',#2848,1.);
#2848 = DIRECTION('',(0.,-1.));
#2849 = ( GEOMETRIC_REPRESENTATION_CONTEXT(2) 
PARAMETRIC_REPRESENTATION_CONTEXT() REPRESENTATION_CONTEXT('2D SPACE',''
  ) );
#2850 = PCURVE('',#2618,#2851);
#2851 = DEFINITIONAL_REPRESENTATION('',(#2852),#2856);
#2852 = LINE('',#2853,#2854);
#2853 = CARTESIAN_POINT('',(-3.14159265359,-46.7066));
#2854 = VECTOR('',#2855,1.);
#2855 = DIRECTION('',(-0.,1.));
#2856 = ( GEOMETRIC_REPRESENTATION_CONTEXT(2) 
PARAMETRIC_REPRESENTATION_CONTEXT() REPRESENTATION_CONTEXT('2D SPACE',''
  ) );
#2857 = ORIENTED_EDGE('',*,*,#2578,.T.);
#2858 = ORIENTED_EDGE('',*,*,#2106,.F.);
#2859 = ORIENTED_EDGE('',*,*,#2786,.T.);
#2860 = ADVANCED_FACE('',(#2861,#2915,#3318,#3721),#2257,.T.);
#2861 = FACE_BOUND('',#2862,.F.);
#2862 = EDGE_LOOP('',(#2863,#2864,#2887,#2914));
#2863 = ORIENTED_EDGE('',*,*,#2242,.F.);
#2864 = ORIENTED_EDGE('',*,*,#2865,.T.);
#2865 = EDGE_CURVE('',#2218,#2866,#2868,.T.);
#2866 = VERTEX_POINT('',#2867);
#2867 = CARTESIAN_POINT('',(6.217248937901E-15,-56.,2.0000001));
#2868 = SEAM_CURVE('',#2869,(#2873,#2880),.PCURVE_S1.);
#2869 = LINE('',#2870,#2871);
#2870 = CARTESIAN_POINT('',(6.217248937901E-15,-56.,16.0000001));
#2871 = VECTOR('',#2872,1.);
#2872 = DIRECTION('',(0.,-1.224646799147E-16,-1.));
#2873 = PCURVE('',#2257,#2874);
#2874 = DEFINITIONAL_REPRESENTATION('',(#2875),#2879);
#2875 = LINE('',#2876,#2877);
#2876 = CARTESIAN_POINT('',(-6.28318530718,0.));
#2877 = VECTOR('',#2878,1.);
#2878 = DIRECTION('',(-0.,-1.));
#2879 = ( GEOMETRIC_REPRESENTATION_CONTEXT(2) 
PARAMETRIC_REPRESENTATION_CONTEXT() REPRESENTATION_CONTEXT('2D SPACE',''
  ) );
#2880 = PCURVE('',#2257,#2881);
#2881 = DEFINITIONAL_REPRESENTATION('',(#2882),#2886);
#2882 = LINE('',#2883,#2884);
#2883 = CARTESIAN_POINT('',(-0.,0.));
#2884 = VECTOR('',#2885,1.);
#2885 = DIRECTION('',(-0.,-1.));
#2886 = ( GEOMETRIC_REPRESENTATION_CONTEXT(2) 
PARAMETRIC_REPRESENTATION_CONTEXT() REPRESENTATION_CONTEXT('2D SPACE',''
  ) );
#2887 = ORIENTED_EDGE('',*,*,#2888,.T.);
#2888 = EDGE_CURVE('',#2866,#2866,#2889,.T.);
#2889 = SURFACE_CURVE('',#2890,(#2895,#2902),.PCURVE_S1.);
#2890 = CIRCLE('',#2891,56.);
#2891 = AXIS2_PLACEMENT_3D('',#2892,#2893,#2894);
#2892 = CARTESIAN_POINT('',(0.,-1.714505518806E-15,2.0000001));
#2893 = DIRECTION('',(0.,-1.224646799147E-16,-1.));
#2894 = DIRECTION('',(1.110223024625E-16,-1.,1.224646799147E-16));
#2895 = PCURVE('',#2257,#2896);
#2896 = DEFINITIONAL_REPRESENTATION('',(#2897),#2901);
#2897 = LINE('',#2898,#2899);
#2898 = CARTESIAN_POINT('',(-0.,-14.));
#2899 = VECTOR('',#2900,1.);
#2900 = DIRECTION('',(-1.,0.));
#2901 = ( GEOMETRIC_REPRESENTATION_CONTEXT(2) 
PARAMETRIC_REPRESENTATION_CONTEXT() REPRESENTATION_CONTEXT('2D SPACE',''
  ) );
#2902 = PCURVE('',#2903,#2908);
#2903 = PLANE('',#2904);
#2904 = AXIS2_PLACEMENT_3D('',#2905,#2906,#2907);
#2905 = CARTESIAN_POINT('',(-4.679120177894E-16,1.202700097278E-15,
    2.0000001));
#2906 = DIRECTION('',(0.,-1.224646799147E-16,-1.));
#2907 = DIRECTION('',(1.110223024625E-16,-1.,1.224646799147E-16));
#2908 = DEFINITIONAL_REPRESENTATION('',(#2909),#2913);
#2909 = CIRCLE('',#2910,56.);
#2910 = AXIS2_PLACEMENT_2D('',#2911,#2912);
#2911 = CARTESIAN_POINT('',(2.917205616084E-15,-4.679120177894E-16));
#2912 = DIRECTION('',(1.,1.665067842118E-48));
#2913 = ( GEOMETRIC_REPRESENTATION_CONTEXT(2) 
PARAMETRIC_REPRESENTATION_CONTEXT() REPRESENTATION_CONTEXT('2D SPACE',''
  ) );
#2914 = ORIENTED_EDGE('',*,*,#2865,.F.);
#2915 = FACE_BOUND('',#2916,.F.);
#2916 = EDGE_LOOP('',(#2917,#2953,#3014,#3048,#3082,#3116,#3150,#3184,
    #3218,#3252,#3286));
#2917 = ORIENTED_EDGE('',*,*,#2918,.T.);
#2918 = EDGE_CURVE('',#2919,#2921,#2923,.T.);
#2919 = VERTEX_POINT('',#2920);
#2920 = CARTESIAN_POINT('',(-55.48968532647,-7.542865660286,
    9.141357521875));
#2921 = VERTEX_POINT('',#2922);
#2922 = CARTESIAN_POINT('',(-55.48968532647,-7.542865660286,
    9.651611428125));
#2923 = SURFACE_CURVE('',#2924,(#2930,#2939),.PCURVE_S1.);
#2924 = B_SPLINE_CURVE_WITH_KNOTS('',4,(#2925,#2926,#2927,#2928,#2929),
  .UNSPECIFIED.,.F.,.F.,(5,5),(0.,1.),.PIECEWISE_BEZIER_KNOTS.);
#2925 = CARTESIAN_POINT('',(-55.48968532647,-7.542865660286,
    9.141357521875));
#2926 = CARTESIAN_POINT('',(-55.48968532647,-7.542865660286,
    9.268920998438));
#2927 = CARTESIAN_POINT('',(-55.48968532647,-7.542865660286,9.396484475)
  );
#2928 = CARTESIAN_POINT('',(-55.48968532647,-7.542865660286,
    9.524047951563));
#2929 = CARTESIAN_POINT('',(-55.48968532647,-7.542865660286,
    9.651611428125));
#2930 = PCURVE('',#2257,#2931);
#2931 = DEFINITIONAL_REPRESENTATION('',(#2932),#2938);
#2932 = B_SPLINE_CURVE_WITH_KNOTS('',4,(#2933,#2934,#2935,#2936,#2937),
  .UNSPECIFIED.,.F.,.F.,(5,5),(0.,1.),.PIECEWISE_BEZIER_KNOTS.);
#2933 = CARTESIAN_POINT('',(-1.435691655043,-6.858642578125));
#2934 = CARTESIAN_POINT('',(-1.435691655043,-6.731079101562));
#2935 = CARTESIAN_POINT('',(-1.435691655043,-6.603515625));
#2936 = CARTESIAN_POINT('',(-1.435691655043,-6.475952148438));
#2937 = CARTESIAN_POINT('',(-1.435691655043,-6.348388671875));
#2938 = ( GEOMETRIC_REPRESENTATION_CONTEXT(2) 
PARAMETRIC_REPRESENTATION_CONTEXT() REPRESENTATION_CONTEXT('2D SPACE',''
  ) );
#2939 = PCURVE('',#2940,#2945);
#2940 = B_SPLINE_SURFACE_WITH_KNOTS('',1,1,(
    (#2941,#2942)
    ,(#2943,#2944
    )),.UNSPECIFIED.,.F.,.F.,.F.,(2,2),(2,2),(0.,0.51025390625),(-0.6,0.
    ),.PIECEWISE_BEZIER_KNOTS.);
#2941 = CARTESIAN_POINT('',(-55.82941249697,-7.575815488279,
    9.651611428125));
#2942 = CARTESIAN_POINT('',(-55.23221480653,-7.517893829705,
    9.651611428125));
#2943 = CARTESIAN_POINT('',(-55.82941249697,-7.575815488279,
    9.141357521875));
#2944 = CARTESIAN_POINT('',(-55.23221480653,-7.517893829705,
    9.141357521875));
#2945 = DEFINITIONAL_REPRESENTATION('',(#2946),#2952);
#2946 = B_SPLINE_CURVE_WITH_KNOTS('',4,(#2947,#2948,#2949,#2950,#2951),
  .UNSPECIFIED.,.F.,.F.,(5,5),(0.,1.),.PIECEWISE_BEZIER_KNOTS.);
#2947 = CARTESIAN_POINT('',(0.51025390625,-0.258678682852));
#2948 = CARTESIAN_POINT('',(0.382690429687,-0.258678682852));
#2949 = CARTESIAN_POINT('',(0.255126953125,-0.258678682852));
#2950 = CARTESIAN_POINT('',(0.127563476562,-0.258678682852));
#2951 = CARTESIAN_POINT('',(0.,-0.258678682852));
#2952 = ( GEOMETRIC_REPRESENTATION_CONTEXT(2) 
PARAMETRIC_REPRESENTATION_CONTEXT() REPRESENTATION_CONTEXT('2D SPACE',''
  ) );
#2953 = ORIENTED_EDGE('',*,*,#2954,.T.);
#2954 = EDGE_CURVE('',#2921,#2955,#2957,.T.);
#2955 = VERTEX_POINT('',#2956);
#2956 = CARTESIAN_POINT('',(-55.92434775038,-2.909867470116,
    9.651611428125));
#2957 = SURFACE_CURVE('',#2958,(#2973,#2991),.PCURVE_S1.);
#2958 = B_SPLINE_CURVE_WITH_KNOTS('',4,(#2959,#2960,#2961,#2962,#2963,
    #2964,#2965,#2966,#2967,#2968,#2969,#2970,#2971,#2972),
  .UNSPECIFIED.,.F.,.F.,(5,3,3,3,5),(0.,0.25004833765,0.5009229378,
    0.750849517383,1.),.UNSPECIFIED.);
#2959 = CARTESIAN_POINT('',(-55.48968532647,-7.542865660286,
    9.651611428125));
#2960 = CARTESIAN_POINT('',(-55.52886732696,-7.254620187578,
    9.651611428125));
#2961 = CARTESIAN_POINT('',(-55.56605915234,-6.966057411754,
    9.651611428125));
#2962 = CARTESIAN_POINT('',(-55.6012548702,-6.677210242712,
    9.651611428125));
#2963 = CARTESIAN_POINT('',(-55.66775481145,-6.098058262841,
    9.651611428125));
#2964 = CARTESIAN_POINT('',(-55.6990457924,-5.807751783001,
    9.651611428125));
#2965 = CARTESIAN_POINT('',(-55.72831840979,-5.517226016077,
    9.651611428125));
#2966 = CARTESIAN_POINT('',(-55.78271785869,-4.936901950736,
    9.651611428125));
#2967 = CARTESIAN_POINT('',(-55.80785993911,-4.647105045616,
    9.651611428125));
#2968 = CARTESIAN_POINT('',(-55.83099285984,-4.357157350211,
    9.651611428125));
#2969 = CARTESIAN_POINT('',(-55.87317173493,-3.777927959564,
    9.651611428125));
#2970 = CARTESIAN_POINT('',(-55.89223015762,-3.488646985887,
    9.651611428125));
#2971 = CARTESIAN_POINT('',(-55.90928884776,-3.199282474609,
    9.651611428125));
#2972 = CARTESIAN_POINT('',(-55.92434775038,-2.909867470116,
    9.651611428125));
#2973 = PCURVE('',#2257,#2974);
#2974 = DEFINITIONAL_REPRESENTATION('',(#2975),#2990);
#2975 = B_SPLINE_CURVE_WITH_KNOTS('',4,(#2976,#2977,#2978,#2979,#2980,
    #2981,#2982,#2983,#2984,#2985,#2986,#2987,#2988,#2989),
  .UNSPECIFIED.,.F.,.F.,(5,3,3,3,5),(0.,0.25004833765,0.5009229378,
    0.750849517383,1.),.UNSPECIFIED.);
#2976 = CARTESIAN_POINT('',(-1.435691655043,-6.348388671875));
#2977 = CARTESIAN_POINT('',(-1.440886232576,-6.348388671875));
#2978 = CARTESIAN_POINT('',(-1.446081637714,-6.348388671875));
#2979 = CARTESIAN_POINT('',(-1.451277647761,-6.348388671875));
#2980 = CARTESIAN_POINT('',(-1.461687600226,-6.348388671875));
#2981 = CARTESIAN_POINT('',(-1.46690154524,-6.348388671875));
#2982 = CARTESIAN_POINT('',(-1.472115647067,-6.348388671875));
#2983 = CARTESIAN_POINT('',(-1.48252400751,-6.348388671875));
#2984 = CARTESIAN_POINT('',(-1.48771826673,-6.348388671875));
#2985 = CARTESIAN_POINT('',(-1.492912232202,-6.348388671875));
#2986 = CARTESIAN_POINT('',(-1.503283001324,-6.348388671875));
#2987 = CARTESIAN_POINT('',(-1.508459808258,-6.348388671875));
#2988 = CARTESIAN_POINT('',(-1.513635879694,-6.348388671875));
#2989 = CARTESIAN_POINT('',(-1.51881099601,-6.348388671875));
#2990 = ( GEOMETRIC_REPRESENTATION_CONTEXT(2) 
PARAMETRIC_REPRESENTATION_CONTEXT() REPRESENTATION_CONTEXT('2D SPACE',''
  ) );
#2991 = PCURVE('',#2992,#2997);
#2992 = B_SPLINE_SURFACE_WITH_KNOTS('',1,1,(
    (#2993,#2994)
    ,(#2995,#2996
    )),.UNSPECIFIED.,.F.,.F.,.F.,(2,2),(2,2),(0.,2.32666015625),(-0.6,0.
    ),.PIECEWISE_BEZIER_KNOTS.);
#2993 = CARTESIAN_POINT('',(-56.27862588093,-2.944228582434,
    9.651611428125));
#2994 = CARTESIAN_POINT('',(-55.68142819049,-2.88630692386,
    9.651611428125));
#2995 = CARTESIAN_POINT('',(-55.82941249697,-7.575815488279,
    9.651611428125));
#2996 = CARTESIAN_POINT('',(-55.23221480653,-7.517893829705,
    9.651611428125));
#2997 = DEFINITIONAL_REPRESENTATION('',(#2998),#3013);
#2998 = B_SPLINE_CURVE_WITH_KNOTS('',4,(#2999,#3000,#3001,#3002,#3003,
    #3004,#3005,#3006,#3007,#3008,#3009,#3010,#3011,#3012),
  .UNSPECIFIED.,.F.,.F.,(5,3,3,3,5),(0.,0.25004833765,0.5009229378,
    0.750849517383,1.),.UNSPECIFIED.);
#2999 = CARTESIAN_POINT('',(2.32666015625,-0.258678682852));
#3000 = CARTESIAN_POINT('',(2.18131930872,-0.269851590094));
#3001 = CARTESIAN_POINT('',(2.035916612486,-0.279012986168));
#3002 = CARTESIAN_POINT('',(1.89046873199,-0.286160143351));
#3003 = CARTESIAN_POINT('',(1.599035388919,-0.296440423496));
#3004 = CARTESIAN_POINT('',(1.453049734922,-0.29956020475));
#3005 = CARTESIAN_POINT('',(1.307052371947,-0.300649880108));
#3006 = CARTESIAN_POINT('',(1.015619790418,-0.298773034893));
#3007 = CARTESIAN_POINT('',(0.870184529224,-0.295821826503));
#3008 = CARTESIAN_POINT('',(0.72477120324,-0.29085628553));
#3009 = CARTESIAN_POINT('',(0.434473265963,-0.276921618512));
#3010 = CARTESIAN_POINT('',(0.289588411946,-0.267964972215));
#3011 = CARTESIAN_POINT('',(0.144758507399,-0.257009868765));
#3012 = CARTESIAN_POINT('',(0.,-0.244059443414));
#3013 = ( GEOMETRIC_REPRESENTATION_CONTEXT(2) 
PARAMETRIC_REPRESENTATION_CONTEXT() REPRESENTATION_CONTEXT('2D SPACE',''
  ) );
#3014 = ORIENTED_EDGE('',*,*,#3015,.T.);
#3015 = EDGE_CURVE('',#2955,#3016,#3018,.T.);
#3016 = VERTEX_POINT('',#3017);
#3017 = CARTESIAN_POINT('',(-55.92434775038,-2.909867470116,
    9.141357521875));
#3018 = SURFACE_CURVE('',#3019,(#3025,#3034),.PCURVE_S1.);
#3019 = B_SPLINE_CURVE_WITH_KNOTS('',4,(#3020,#3021,#3022,#3023,#3024),
  .UNSPECIFIED.,.F.,.F.,(5,5),(0.,1.),.PIECEWISE_BEZIER_KNOTS.);
#3020 = CARTESIAN_POINT('',(-55.92434775038,-2.909867470116,
    9.651611428125));
#3021 = CARTESIAN_POINT('',(-55.92434775038,-2.909867470116,
    9.524047951563));
#3022 = CARTESIAN_POINT('',(-55.92434775038,-2.909867470116,9.396484475)
  );
#3023 = CARTESIAN_POINT('',(-55.92434775038,-2.909867470116,
    9.268920998438));
#3024 = CARTESIAN_POINT('',(-55.92434775038,-2.909867470116,
    9.141357521875));
#3025 = PCURVE('',#2257,#3026);
#3026 = DEFINITIONAL_REPRESENTATION('',(#3027),#3033);
#3027 = B_SPLINE_CURVE_WITH_KNOTS('',4,(#3028,#3029,#3030,#3031,#3032),
  .UNSPECIFIED.,.F.,.F.,(5,5),(0.,1.),.PIECEWISE_BEZIER_KNOTS.);
#3028 = CARTESIAN_POINT('',(-1.51881099601,-6.348388671875));
#3029 = CARTESIAN_POINT('',(-1.51881099601,-6.475952148438));
#3030 = CARTESIAN_POINT('',(-1.51881099601,-6.603515625));
#3031 = CARTESIAN_POINT('',(-1.51881099601,-6.731079101562));
#3032 = CARTESIAN_POINT('',(-1.51881099601,-6.858642578125));
#3033 = ( GEOMETRIC_REPRESENTATION_CONTEXT(2) 
PARAMETRIC_REPRESENTATION_CONTEXT() REPRESENTATION_CONTEXT('2D SPACE',''
  ) );
#3034 = PCURVE('',#3035,#3040);
#3035 = B_SPLINE_SURFACE_WITH_KNOTS('',1,1,(
    (#3036,#3037)
    ,(#3038,#3039
    )),.UNSPECIFIED.,.F.,.F.,.F.,(2,2),(2,2),(0.,0.51025390625),(-0.6,0.
    ),.PIECEWISE_BEZIER_KNOTS.);
#3036 = CARTESIAN_POINT('',(-56.27862588093,-2.944228582434,
    9.141357521875));
#3037 = CARTESIAN_POINT('',(-55.68142819049,-2.88630692386,
    9.141357521875));
#3038 = CARTESIAN_POINT('',(-56.27862588093,-2.944228582434,
    9.651611428125));
#3039 = CARTESIAN_POINT('',(-55.68142819049,-2.88630692386,
    9.651611428125));
#3040 = DEFINITIONAL_REPRESENTATION('',(#3041),#3047);
#3041 = B_SPLINE_CURVE_WITH_KNOTS('',4,(#3042,#3043,#3044,#3045,#3046),
  .UNSPECIFIED.,.F.,.F.,(5,5),(0.,1.),.PIECEWISE_BEZIER_KNOTS.);
#3042 = CARTESIAN_POINT('',(0.51025390625,-0.244059443414));
#3043 = CARTESIAN_POINT('',(0.382690429687,-0.244059443414));
#3044 = CARTESIAN_POINT('',(0.255126953125,-0.244059443414));
#3045 = CARTESIAN_POINT('',(0.127563476562,-0.244059443414));
#3046 = CARTESIAN_POINT('',(0.,-0.244059443414));
#3047 = ( GEOMETRIC_REPRESENTATION_CONTEXT(2) 
PARAMETRIC_REPRESENTATION_CONTEXT() REPRESENTATION_CONTEXT('2D SPACE',''
  ) );
#3048 = ORIENTED_EDGE('',*,*,#3049,.T.);
#3049 = EDGE_CURVE('',#3016,#3050,#3052,.T.);
#3050 = VERTEX_POINT('',#3051);
#3051 = CARTESIAN_POINT('',(-55.82016611494,-4.484312087756,
    9.141357521875));
#3052 = SURFACE_CURVE('',#3053,(#3059,#3068),.PCURVE_S1.);
#3053 = B_SPLINE_CURVE_WITH_KNOTS('',4,(#3054,#3055,#3056,#3057,#3058),
  .UNSPECIFIED.,.F.,.F.,(5,5),(0.,1.),.PIECEWISE_BEZIER_KNOTS.);
#3054 = CARTESIAN_POINT('',(-55.92434775038,-2.909867470116,
    9.141357521875));
#3055 = CARTESIAN_POINT('',(-55.90385565869,-3.303702197615,
    9.141357521875));
#3056 = CARTESIAN_POINT('',(-55.87966042998,-3.697443432373,
    9.141357521875));
#3057 = CARTESIAN_POINT('',(-55.85176220192,-4.091007877563,
    9.141357521875));
#3058 = CARTESIAN_POINT('',(-55.82016611494,-4.484312087756,
    9.141357521875));
#3059 = PCURVE('',#2257,#3060);
#3060 = DEFINITIONAL_REPRESENTATION('',(#3061),#3067);
#3061 = B_SPLINE_CURVE_WITH_KNOTS('',4,(#3062,#3063,#3064,#3065,#3066),
  .UNSPECIFIED.,.F.,.F.,(5,5),(0.,1.),.PIECEWISE_BEZIER_KNOTS.);
#3062 = CARTESIAN_POINT('',(-1.51881099601,-6.858642578125));
#3063 = CARTESIAN_POINT('',(-1.511768719375,-6.858642578125));
#3064 = CARTESIAN_POINT('',(-1.504724673974,-6.858642578125));
#3065 = CARTESIAN_POINT('',(-1.497679413515,-6.858642578125));
#3066 = CARTESIAN_POINT('',(-1.490633497361,-6.858642578125));
#3067 = ( GEOMETRIC_REPRESENTATION_CONTEXT(2) 
PARAMETRIC_REPRESENTATION_CONTEXT() REPRESENTATION_CONTEXT('2D SPACE',''
  ) );
#3068 = PCURVE('',#3069,#3074);
#3069 = B_SPLINE_SURFACE_WITH_KNOTS('',1,1,(
    (#3070,#3071)
    ,(#3072,#3073
    )),.UNSPECIFIED.,.F.,.F.,.F.,(2,2),(2,2),(0.,0.78857421875),(-0.6,0.
    ),.PIECEWISE_BEZIER_KNOTS.);
#3070 = CARTESIAN_POINT('',(-56.1263741254,-4.51401092303,9.141357521875
    ));
#3071 = CARTESIAN_POINT('',(-55.52917643496,-4.456089264456,
    9.141357521875));
#3072 = CARTESIAN_POINT('',(-56.27862588093,-2.944228582434,
    9.141357521875));
#3073 = CARTESIAN_POINT('',(-55.68142819049,-2.88630692386,
    9.141357521875));
#3074 = DEFINITIONAL_REPRESENTATION('',(#3075),#3081);
#3075 = B_SPLINE_CURVE_WITH_KNOTS('',4,(#3076,#3077,#3078,#3079,#3080),
  .UNSPECIFIED.,.F.,.F.,(5,5),(0.,1.),.PIECEWISE_BEZIER_KNOTS.);
#3076 = CARTESIAN_POINT('',(0.78857421875,-0.244059443414));
#3077 = CARTESIAN_POINT('',(0.591587447403,-0.261682328061));
#3078 = CARTESIAN_POINT('',(0.394468460898,-0.275610345828));
#3079 = CARTESIAN_POINT('',(0.197258719775,-0.285835592591));
#3080 = CARTESIAN_POINT('',(0.,-0.292355129267));
#3081 = ( GEOMETRIC_REPRESENTATION_CONTEXT(2) 
PARAMETRIC_REPRESENTATION_CONTEXT() REPRESENTATION_CONTEXT('2D SPACE',''
  ) );
#3082 = ORIENTED_EDGE('',*,*,#3083,.T.);
#3083 = EDGE_CURVE('',#3050,#3084,#3086,.T.);
#3084 = VERTEX_POINT('',#3085);
#3085 = CARTESIAN_POINT('',(-55.82016611494,-4.484312087756,
    6.211670021875));
#3086 = SURFACE_CURVE('',#3087,(#3093,#3102),.PCURVE_S1.);
#3087 = B_SPLINE_CURVE_WITH_KNOTS('',4,(#3088,#3089,#3090,#3091,#3092),
  .UNSPECIFIED.,.F.,.F.,(5,5),(0.,1.),.PIECEWISE_BEZIER_KNOTS.);
#3088 = CARTESIAN_POINT('',(-55.82016611494,-4.484312087756,
    9.141357521875));
#3089 = CARTESIAN_POINT('',(-55.82016611494,-4.484312087756,
    8.408935646875));
#3090 = CARTESIAN_POINT('',(-55.82016611494,-4.484312087756,
    7.676513771875));
#3091 = CARTESIAN_POINT('',(-55.82016611494,-4.484312087756,
    6.944091896875));
#3092 = CARTESIAN_POINT('',(-55.82016611494,-4.484312087756,
    6.211670021875));
#3093 = PCURVE('',#2257,#3094);
#3094 = DEFINITIONAL_REPRESENTATION('',(#3095),#3101);
#3095 = B_SPLINE_CURVE_WITH_KNOTS('',4,(#3096,#3097,#3098,#3099,#3100),
  .UNSPECIFIED.,.F.,.F.,(5,5),(0.,1.),.PIECEWISE_BEZIER_KNOTS.);
#3096 = CARTESIAN_POINT('',(-1.490633497361,-6.858642578125));
#3097 = CARTESIAN_POINT('',(-1.490633497361,-7.591064453125));
#3098 = CARTESIAN_POINT('',(-1.490633497361,-8.323486328125));
#3099 = CARTESIAN_POINT('',(-1.490633497361,-9.055908203125));
#3100 = CARTESIAN_POINT('',(-1.490633497361,-9.788330078125));
#3101 = ( GEOMETRIC_REPRESENTATION_CONTEXT(2) 
PARAMETRIC_REPRESENTATION_CONTEXT() REPRESENTATION_CONTEXT('2D SPACE',''
  ) );
#3102 = PCURVE('',#3103,#3108);
#3103 = B_SPLINE_SURFACE_WITH_KNOTS('',1,1,(
    (#3104,#3105)
    ,(#3106,#3107
  )),.UNSPECIFIED.,.F.,.F.,.F.,(2,2),(2,2),(0.,2.9296875),(-0.6,0.),
  .PIECEWISE_BEZIER_KNOTS.);
#3104 = CARTESIAN_POINT('',(-56.1263741254,-4.51401092303,6.211670021875
    ));
#3105 = CARTESIAN_POINT('',(-55.52917643496,-4.456089264456,
    6.211670021875));
#3106 = CARTESIAN_POINT('',(-56.1263741254,-4.51401092303,9.141357521875
    ));
#3107 = CARTESIAN_POINT('',(-55.52917643496,-4.456089264456,
    9.141357521875));
#3108 = DEFINITIONAL_REPRESENTATION('',(#3109),#3115);
#3109 = B_SPLINE_CURVE_WITH_KNOTS('',4,(#3110,#3111,#3112,#3113,#3114),
  .UNSPECIFIED.,.F.,.F.,(5,5),(0.,1.),.PIECEWISE_BEZIER_KNOTS.);
#3110 = CARTESIAN_POINT('',(2.9296875,-0.292355129267));
#3111 = CARTESIAN_POINT('',(2.197265625,-0.292355129267));
#3112 = CARTESIAN_POINT('',(1.46484375,-0.292355129267));
#3113 = CARTESIAN_POINT('',(0.732421875,-0.292355129267));
#3114 = CARTESIAN_POINT('',(0.,-0.292355129267));
#3115 = ( GEOMETRIC_REPRESENTATION_CONTEXT(2) 
PARAMETRIC_REPRESENTATION_CONTEXT() REPRESENTATION_CONTEXT('2D SPACE',''
  ) );
#3116 = ORIENTED_EDGE('',*,*,#3117,.T.);
#3117 = EDGE_CURVE('',#3084,#3118,#3120,.T.);
#3118 = VERTEX_POINT('',#3119);
#3119 = CARTESIAN_POINT('',(-55.7011514959,-5.777691756222,
    6.211670021875));
#3120 = SURFACE_CURVE('',#3121,(#3127,#3136),.PCURVE_S1.);
#3121 = B_SPLINE_CURVE_WITH_KNOTS('',4,(#3122,#3123,#3124,#3125,#3126),
  .UNSPECIFIED.,.F.,.F.,(5,5),(0.,1.),.PIECEWISE_BEZIER_KNOTS.);
#3122 = CARTESIAN_POINT('',(-55.82016611494,-4.484312087756,
    6.211670021875));
#3123 = CARTESIAN_POINT('',(-55.79416524119,-4.807967770728,
    6.211670021875));
#3124 = CARTESIAN_POINT('',(-55.76566022108,-5.131447240898,
    6.211670021875));
#3125 = CARTESIAN_POINT('',(-55.73465392091,-5.454704007866,
    6.211670021875));
#3126 = CARTESIAN_POINT('',(-55.7011514959,-5.777691756222,
    6.211670021875));
#3127 = PCURVE('',#2257,#3128);
#3128 = DEFINITIONAL_REPRESENTATION('',(#3129),#3135);
#3129 = B_SPLINE_CURVE_WITH_KNOTS('',4,(#3130,#3131,#3132,#3133,#3134),
  .UNSPECIFIED.,.F.,.F.,(5,5),(0.,1.),.PIECEWISE_BEZIER_KNOTS.);
#3130 = CARTESIAN_POINT('',(-1.490633497361,-9.788330078125));
#3131 = CARTESIAN_POINT('',(-1.484835311767,-9.788330078125));
#3132 = CARTESIAN_POINT('',(-1.479036681964,-9.788330078125));
#3133 = CARTESIAN_POINT('',(-1.473237919562,-9.788330078125));
#3134 = CARTESIAN_POINT('',(-1.467439336594,-9.788330078125));
#3135 = ( GEOMETRIC_REPRESENTATION_CONTEXT(2) 
PARAMETRIC_REPRESENTATION_CONTEXT() REPRESENTATION_CONTEXT('2D SPACE',''
  ) );
#3136 = PCURVE('',#3137,#3142);
#3137 = B_SPLINE_SURFACE_WITH_KNOTS('',1,1,(
    (#3138,#3139)
    ,(#3140,#3141
    )),.UNSPECIFIED.,.F.,.F.,.F.,(2,2),(2,2),(0.,0.6494140625),(-0.6,0.)
  ,.PIECEWISE_BEZIER_KNOTS.);
#3138 = CARTESIAN_POINT('',(-56.00099032673,-5.80677285058,
    6.211670021875));
#3139 = CARTESIAN_POINT('',(-55.40379263629,-5.748851192006,
    6.211670021875));
#3140 = CARTESIAN_POINT('',(-56.1263741254,-4.51401092303,6.211670021875
    ));
#3141 = CARTESIAN_POINT('',(-55.52917643496,-4.456089264456,
    6.211670021875));
#3142 = DEFINITIONAL_REPRESENTATION('',(#3143),#3149);
#3143 = B_SPLINE_CURVE_WITH_KNOTS('',4,(#3144,#3145,#3146,#3147,#3148),
  .UNSPECIFIED.,.F.,.F.,(5,5),(0.,1.),.PIECEWISE_BEZIER_KNOTS.);
#3144 = CARTESIAN_POINT('',(0.6494140625,-0.292355129267));
#3145 = CARTESIAN_POINT('',(0.487087029083,-0.297720149628));
#3146 = CARTESIAN_POINT('',(0.324726820305,-0.300575708379));
#3147 = CARTESIAN_POINT('',(0.162356711151,-0.300920170443));
#3148 = CARTESIAN_POINT('',(0.,-0.298754195848));
#3149 = ( GEOMETRIC_REPRESENTATION_CONTEXT(2) 
PARAMETRIC_REPRESENTATION_CONTEXT() REPRESENTATION_CONTEXT('2D SPACE',''
  ) );
#3150 = ORIENTED_EDGE('',*,*,#3151,.T.);
#3151 = EDGE_CURVE('',#3118,#3152,#3154,.T.);
#3152 = VERTEX_POINT('',#3153);
#3153 = CARTESIAN_POINT('',(-55.49689951793,-7.489602385705,
    6.770752053125));
#3154 = SURFACE_CURVE('',#3155,(#3161,#3170),.PCURVE_S1.);
#3155 = B_SPLINE_CURVE_WITH_KNOTS('',4,(#3156,#3157,#3158,#3159,#3160),
  .UNSPECIFIED.,.F.,.F.,(5,5),(0.,1.),.PIECEWISE_BEZIER_KNOTS.);
#3156 = CARTESIAN_POINT('',(-55.7011514959,-5.777691756222,
    6.211670021875));
#3157 = CARTESIAN_POINT('',(-55.65667758056,-6.206452652548,
    6.351487074696));
#3158 = CARTESIAN_POINT('',(-55.60780397922,-6.634748964599,
    6.491291903617));
#3159 = CARTESIAN_POINT('',(-55.55454005003,-7.062494155729,
    6.631056277454));
#3160 = CARTESIAN_POINT('',(-55.49689951793,-7.489602385705,
    6.770752053125));
#3161 = PCURVE('',#2257,#3162);
#3162 = DEFINITIONAL_REPRESENTATION('',(#3163),#3169);
#3163 = B_SPLINE_CURVE_WITH_KNOTS('',4,(#3164,#3165,#3166,#3167,#3168),
  .UNSPECIFIED.,.F.,.F.,(5,5),(0.,1.),.PIECEWISE_BEZIER_KNOTS.);
#3164 = CARTESIAN_POINT('',(-1.467439336594,-9.788330078125));
#3165 = CARTESIAN_POINT('',(-1.459741813566,-9.648513025304));
#3166 = CARTESIAN_POINT('',(-1.452044436609,-9.508708196383));
#3167 = CARTESIAN_POINT('',(-1.444347543332,-9.368943822546));
#3168 = CARTESIAN_POINT('',(-1.436651469611,-9.229248046875));
#3169 = ( GEOMETRIC_REPRESENTATION_CONTEXT(2) 
PARAMETRIC_REPRESENTATION_CONTEXT() REPRESENTATION_CONTEXT('2D SPACE',''
  ) );
#3170 = PCURVE('',#3171,#3176);
#3171 = B_SPLINE_SURFACE_WITH_KNOTS('',1,1,(
    (#3172,#3173)
    ,(#3174,#3175
    )),.UNSPECIFIED.,.F.,.F.,.F.,(2,2),(2,2),(0.,1.027278071288),(-0.6,
    0.),.PIECEWISE_BEZIER_KNOTS.);
#3172 = CARTESIAN_POINT('',(-55.83459754127,-7.522355408569,
    6.770752053125));
#3173 = CARTESIAN_POINT('',(-55.23739985083,-7.464433749994,
    6.770752053125));
#3174 = CARTESIAN_POINT('',(-56.00099032673,-5.80677285058,
    6.211670021875));
#3175 = CARTESIAN_POINT('',(-55.40379263629,-5.748851192006,
    6.211670021875));
#3176 = DEFINITIONAL_REPRESENTATION('',(#3177),#3183);
#3177 = B_SPLINE_CURVE_WITH_KNOTS('',4,(#3178,#3179,#3180,#3181,#3182),
  .UNSPECIFIED.,.F.,.F.,(5,5),(0.,1.),.PIECEWISE_BEZIER_KNOTS.);
#3178 = CARTESIAN_POINT('',(1.027278071288,-0.298754195848));
#3179 = CARTESIAN_POINT('',(0.770373029941,-0.295878900381));
#3180 = CARTESIAN_POINT('',(0.51349044924,-0.288579618562));
#3181 = CARTESIAN_POINT('',(0.256682202212,-0.276857310939));
#3182 = CARTESIAN_POINT('',(0.,-0.260717351646));
#3183 = ( GEOMETRIC_REPRESENTATION_CONTEXT(2) 
PARAMETRIC_REPRESENTATION_CONTEXT() REPRESENTATION_CONTEXT('2D SPACE',''
  ) );
#3184 = ORIENTED_EDGE('',*,*,#3185,.T.);
#3185 = EDGE_CURVE('',#3152,#3186,#3188,.T.);
#3186 = VERTEX_POINT('',#3187);
#3187 = CARTESIAN_POINT('',(-55.49689951793,-7.489602385705,
    7.310302834375));
#3188 = SURFACE_CURVE('',#3189,(#3195,#3204),.PCURVE_S1.);
#3189 = B_SPLINE_CURVE_WITH_KNOTS('',4,(#3190,#3191,#3192,#3193,#3194),
  .UNSPECIFIED.,.F.,.F.,(5,5),(0.,1.),.PIECEWISE_BEZIER_KNOTS.);
#3190 = CARTESIAN_POINT('',(-55.49689951793,-7.489602385705,
    6.770752053125));
#3191 = CARTESIAN_POINT('',(-55.49689951793,-7.489602385705,
    6.905639748438));
#3192 = CARTESIAN_POINT('',(-55.49689951793,-7.489602385705,
    7.04052744375));
#3193 = CARTESIAN_POINT('',(-55.49689951793,-7.489602385705,
    7.175415139063));
#3194 = CARTESIAN_POINT('',(-55.49689951793,-7.489602385705,
    7.310302834375));
#3195 = PCURVE('',#2257,#3196);
#3196 = DEFINITIONAL_REPRESENTATION('',(#3197),#3203);
#3197 = B_SPLINE_CURVE_WITH_KNOTS('',4,(#3198,#3199,#3200,#3201,#3202),
  .UNSPECIFIED.,.F.,.F.,(5,5),(0.,1.),.PIECEWISE_BEZIER_KNOTS.);
#3198 = CARTESIAN_POINT('',(-1.436651469611,-9.229248046875));
#3199 = CARTESIAN_POINT('',(-1.436651469611,-9.094360351562));
#3200 = CARTESIAN_POINT('',(-1.436651469611,-8.95947265625));
#3201 = CARTESIAN_POINT('',(-1.436651469611,-8.824584960938));
#3202 = CARTESIAN_POINT('',(-1.436651469611,-8.689697265625));
#3203 = ( GEOMETRIC_REPRESENTATION_CONTEXT(2) 
PARAMETRIC_REPRESENTATION_CONTEXT() REPRESENTATION_CONTEXT('2D SPACE',''
  ) );
#3204 = PCURVE('',#3205,#3210);
#3205 = B_SPLINE_SURFACE_WITH_KNOTS('',1,1,(
    (#3206,#3207)
    ,(#3208,#3209
    )),.UNSPECIFIED.,.F.,.F.,.F.,(2,2),(2,2),(0.,0.53955078125),(-0.6,0.
    ),.PIECEWISE_BEZIER_KNOTS.);
#3206 = CARTESIAN_POINT('',(-55.83459754127,-7.522355408569,
    7.310302834375));
#3207 = CARTESIAN_POINT('',(-55.23739985083,-7.464433749994,
    7.310302834375));
#3208 = CARTESIAN_POINT('',(-55.83459754127,-7.522355408569,
    6.770752053125));
#3209 = CARTESIAN_POINT('',(-55.23739985083,-7.464433749994,
    6.770752053125));
#3210 = DEFINITIONAL_REPRESENTATION('',(#3211),#3217);
#3211 = B_SPLINE_CURVE_WITH_KNOTS('',4,(#3212,#3213,#3214,#3215,#3216),
  .UNSPECIFIED.,.F.,.F.,(5,5),(0.,1.),.PIECEWISE_BEZIER_KNOTS.);
#3212 = CARTESIAN_POINT('',(0.53955078125,-0.260717351646));
#3213 = CARTESIAN_POINT('',(0.404663085938,-0.260717351646));
#3214 = CARTESIAN_POINT('',(0.269775390625,-0.260717351646));
#3215 = CARTESIAN_POINT('',(0.134887695312,-0.260717351646));
#3216 = CARTESIAN_POINT('',(0.,-0.260717351646));
#3217 = ( GEOMETRIC_REPRESENTATION_CONTEXT(2) 
PARAMETRIC_REPRESENTATION_CONTEXT() REPRESENTATION_CONTEXT('2D SPACE',''
  ) );
#3218 = ORIENTED_EDGE('',*,*,#3219,.T.);
#3219 = EDGE_CURVE('',#3186,#3220,#3222,.T.);
#3220 = VERTEX_POINT('',#3221);
#3221 = CARTESIAN_POINT('',(-55.69354703016,-5.85054007752,
    6.795166115625));
#3222 = SURFACE_CURVE('',#3223,(#3229,#3238),.PCURVE_S1.);
#3223 = B_SPLINE_CURVE_WITH_KNOTS('',4,(#3224,#3225,#3226,#3227,#3228),
  .UNSPECIFIED.,.F.,.F.,(5,5),(0.,1.),.PIECEWISE_BEZIER_KNOTS.);
#3224 = CARTESIAN_POINT('',(-55.49689951793,-7.489602385705,
    7.310302834375));
#3225 = CARTESIAN_POINT('',(-55.55209110222,-7.08064051432,7.18158665775
    ));
#3226 = CARTESIAN_POINT('',(-55.60327046908,-6.671091750915,
    7.052809045442));
#3227 = CARTESIAN_POINT('',(-55.65042528768,-6.261032572435,
    6.923994128275));
#3228 = CARTESIAN_POINT('',(-55.69354703016,-5.85054007752,
    6.795166115625));
#3229 = PCURVE('',#2257,#3230);
#3230 = DEFINITIONAL_REPRESENTATION('',(#3231),#3237);
#3231 = B_SPLINE_CURVE_WITH_KNOTS('',4,(#3232,#3233,#3234,#3235,#3236),
  .UNSPECIFIED.,.F.,.F.,(5,5),(0.,1.),.PIECEWISE_BEZIER_KNOTS.);
#3232 = CARTESIAN_POINT('',(-1.436651469611,-8.689697265625));
#3233 = CARTESIAN_POINT('',(-1.44402056365,-8.81841344225));
#3234 = CARTESIAN_POINT('',(-1.451390461445,-8.947191054558));
#3235 = CARTESIAN_POINT('',(-1.458760847639,-9.076005971725));
#3236 = CARTESIAN_POINT('',(-1.466131405214,-9.204833984375));
#3237 = ( GEOMETRIC_REPRESENTATION_CONTEXT(2) 
PARAMETRIC_REPRESENTATION_CONTEXT() REPRESENTATION_CONTEXT('2D SPACE',''
  ) );
#3238 = PCURVE('',#3239,#3244);
#3239 = B_SPLINE_SURFACE_WITH_KNOTS('',1,1,(
    (#3240,#3241)
    ,(#3242,#3243
    )),.UNSPECIFIED.,.F.,.F.,.F.,(2,2),(2,2),(0.,0.972786278057),(-0.6,
    0.),.PIECEWISE_BEZIER_KNOTS.);
#3240 = CARTESIAN_POINT('',(-55.99391981176,-5.879672959276,
    6.795166115625));
#3241 = CARTESIAN_POINT('',(-55.39672212132,-5.821751300702,
    6.795166115625));
#3242 = CARTESIAN_POINT('',(-55.83459754127,-7.522355408569,
    7.310302834375));
#3243 = CARTESIAN_POINT('',(-55.23739985083,-7.464433749994,
    7.310302834375));
#3244 = DEFINITIONAL_REPRESENTATION('',(#3245),#3251);
#3245 = B_SPLINE_CURVE_WITH_KNOTS('',4,(#3246,#3247,#3248,#3249,#3250),
  .UNSPECIFIED.,.F.,.F.,(5,5),(0.,1.),.PIECEWISE_BEZIER_KNOTS.);
#3246 = CARTESIAN_POINT('',(0.972786278057,-0.260717351646));
#3247 = CARTESIAN_POINT('',(0.729718125803,-0.276171579622));
#3248 = CARTESIAN_POINT('',(0.486533958155,-0.287575673024));
#3249 = CARTESIAN_POINT('',(0.243279343859,-0.294924741406));
#3250 = CARTESIAN_POINT('',(0.,-0.298217739542));
#3251 = ( GEOMETRIC_REPRESENTATION_CONTEXT(2) 
PARAMETRIC_REPRESENTATION_CONTEXT() REPRESENTATION_CONTEXT('2D SPACE',''
  ) );
#3252 = ORIENTED_EDGE('',*,*,#3253,.T.);
#3253 = EDGE_CURVE('',#3220,#3254,#3256,.T.);
#3254 = VERTEX_POINT('',#3255);
#3255 = CARTESIAN_POINT('',(-55.69354703016,-5.85054007752,
    9.141357521875));
#3256 = SURFACE_CURVE('',#3257,(#3263,#3272),.PCURVE_S1.);
#3257 = B_SPLINE_CURVE_WITH_KNOTS('',4,(#3258,#3259,#3260,#3261,#3262),
  .UNSPECIFIED.,.F.,.F.,(5,5),(0.,1.),.PIECEWISE_BEZIER_KNOTS.);
#3258 = CARTESIAN_POINT('',(-55.69354703016,-5.85054007752,
    6.795166115625));
#3259 = CARTESIAN_POINT('',(-55.69354703016,-5.85054007752,
    7.381713967188));
#3260 = CARTESIAN_POINT('',(-55.69354703016,-5.85054007752,7.96826181875
    ));
#3261 = CARTESIAN_POINT('',(-55.69354703016,-5.85054007752,
    8.554809670313));
#3262 = CARTESIAN_POINT('',(-55.69354703016,-5.85054007752,
    9.141357521875));
#3263 = PCURVE('',#2257,#3264);
#3264 = DEFINITIONAL_REPRESENTATION('',(#3265),#3271);
#3265 = B_SPLINE_CURVE_WITH_KNOTS('',4,(#3266,#3267,#3268,#3269,#3270),
  .UNSPECIFIED.,.F.,.F.,(5,5),(0.,1.),.PIECEWISE_BEZIER_KNOTS.);
#3266 = CARTESIAN_POINT('',(-1.466131405214,-9.204833984375));
#3267 = CARTESIAN_POINT('',(-1.466131405214,-8.618286132813));
#3268 = CARTESIAN_POINT('',(-1.466131405214,-8.03173828125));
#3269 = CARTESIAN_POINT('',(-1.466131405214,-7.445190429688));
#3270 = CARTESIAN_POINT('',(-1.466131405214,-6.858642578125));
#3271 = ( GEOMETRIC_REPRESENTATION_CONTEXT(2) 
PARAMETRIC_REPRESENTATION_CONTEXT() REPRESENTATION_CONTEXT('2D SPACE',''
  ) );
#3272 = PCURVE('',#3273,#3278);
#3273 = B_SPLINE_SURFACE_WITH_KNOTS('',1,1,(
    (#3274,#3275)
    ,(#3276,#3277
    )),.UNSPECIFIED.,.F.,.F.,.F.,(2,2),(2,2),(0.,2.34619140625),(-0.6,0.
    ),.PIECEWISE_BEZIER_KNOTS.);
#3274 = CARTESIAN_POINT('',(-55.99391981176,-5.879672959276,
    9.141357521875));
#3275 = CARTESIAN_POINT('',(-55.39672212132,-5.821751300702,
    9.141357521875));
#3276 = CARTESIAN_POINT('',(-55.99391981176,-5.879672959276,
    6.795166115625));
#3277 = CARTESIAN_POINT('',(-55.39672212132,-5.821751300702,
    6.795166115625));
#3278 = DEFINITIONAL_REPRESENTATION('',(#3279),#3285);
#3279 = B_SPLINE_CURVE_WITH_KNOTS('',4,(#3280,#3281,#3282,#3283,#3284),
  .UNSPECIFIED.,.F.,.F.,(5,5),(0.,1.),.PIECEWISE_BEZIER_KNOTS.);
#3280 = CARTESIAN_POINT('',(2.34619140625,-0.298217739542));
#3281 = CARTESIAN_POINT('',(1.759643554688,-0.298217739542));
#3282 = CARTESIAN_POINT('',(1.173095703125,-0.298217739542));
#3283 = CARTESIAN_POINT('',(0.586547851563,-0.298217739542));
#3284 = CARTESIAN_POINT('',(0.,-0.298217739542));
#3285 = ( GEOMETRIC_REPRESENTATION_CONTEXT(2) 
PARAMETRIC_REPRESENTATION_CONTEXT() REPRESENTATION_CONTEXT('2D SPACE',''
  ) );
#3286 = ORIENTED_EDGE('',*,*,#3287,.T.);
#3287 = EDGE_CURVE('',#3254,#2919,#3288,.T.);
#3288 = SURFACE_CURVE('',#3289,(#3295,#3304),.PCURVE_S1.);
#3289 = B_SPLINE_CURVE_WITH_KNOTS('',4,(#3290,#3291,#3292,#3293,#3294),
  .UNSPECIFIED.,.F.,.F.,(5,5),(0.,1.),.PIECEWISE_BEZIER_KNOTS.);
#3290 = CARTESIAN_POINT('',(-55.69354703016,-5.85054007752,
    9.141357521875));
#3291 = CARTESIAN_POINT('',(-55.6490174224,-6.27443458486,9.141357521875
    ));
#3292 = CARTESIAN_POINT('',(-55.60018818152,-6.697856629502,
    9.141357521875));
#3293 = CARTESIAN_POINT('',(-55.54707126713,-7.120701467952,
    9.141357521875));
#3294 = CARTESIAN_POINT('',(-55.48968532647,-7.542865660286,
    9.141357521875));
#3295 = PCURVE('',#2257,#3296);
#3296 = DEFINITIONAL_REPRESENTATION('',(#3297),#3303);
#3297 = B_SPLINE_CURVE_WITH_KNOTS('',4,(#3298,#3299,#3300,#3301,#3302),
  .UNSPECIFIED.,.F.,.F.,(5,5),(0.,1.),.PIECEWISE_BEZIER_KNOTS.);
#3298 = CARTESIAN_POINT('',(-1.466131405214,-6.858642578125));
#3299 = CARTESIAN_POINT('',(-1.458520209125,-6.858642578125));
#3300 = CARTESIAN_POINT('',(-1.450909382406,-6.858642578125));
#3301 = CARTESIAN_POINT('',(-1.443299631009,-6.858642578125));
#3302 = CARTESIAN_POINT('',(-1.435691655043,-6.858642578125));
#3303 = ( GEOMETRIC_REPRESENTATION_CONTEXT(2) 
PARAMETRIC_REPRESENTATION_CONTEXT() REPRESENTATION_CONTEXT('2D SPACE',''
  ) );
#3304 = PCURVE('',#3305,#3310);
#3305 = B_SPLINE_SURFACE_WITH_KNOTS('',1,1,(
    (#3306,#3307)
    ,(#3308,#3309
    )),.UNSPECIFIED.,.F.,.F.,.F.,(2,2),(2,2),(0.,0.85205078125),(-0.6,0.
    ),.PIECEWISE_BEZIER_KNOTS.);
#3306 = CARTESIAN_POINT('',(-55.82941249697,-7.575815488279,
    9.141357521875));
#3307 = CARTESIAN_POINT('',(-55.23221480653,-7.517893829705,
    9.141357521875));
#3308 = CARTESIAN_POINT('',(-55.99391981176,-5.879672959276,
    9.141357521875));
#3309 = CARTESIAN_POINT('',(-55.39672212132,-5.821751300702,
    9.141357521875));
#3310 = DEFINITIONAL_REPRESENTATION('',(#3311),#3317);
#3311 = B_SPLINE_CURVE_WITH_KNOTS('',4,(#3312,#3313,#3314,#3315,#3316),
  .UNSPECIFIED.,.F.,.F.,(5,5),(0.,1.),.PIECEWISE_BEZIER_KNOTS.);
#3312 = CARTESIAN_POINT('',(0.85205078125,-0.298217739542));
#3313 = CARTESIAN_POINT('',(0.638944073324,-0.29481722957));
#3314 = CARTESIAN_POINT('',(0.425864958523,-0.287091558275));
#3315 = CARTESIAN_POINT('',(0.212866141259,-0.275042517877));
#3316 = CARTESIAN_POINT('',(0.,-0.258678682852));
#3317 = ( GEOMETRIC_REPRESENTATION_CONTEXT(2) 
PARAMETRIC_REPRESENTATION_CONTEXT() REPRESENTATION_CONTEXT('2D SPACE',''
  ) );
#3318 = FACE_BOUND('',#3319,.F.);
#3319 = EDGE_LOOP('',(#3320,#3356,#3417,#3451,#3485,#3519,#3553,#3587,
    #3621,#3655,#3689));
#3320 = ORIENTED_EDGE('',*,*,#3321,.T.);
#3321 = EDGE_CURVE('',#3322,#3324,#3326,.T.);
#3322 = VERTEX_POINT('',#3323);
#3323 = CARTESIAN_POINT('',(-55.95867868285,-2.15087890625,
    9.141357521875));
#3324 = VERTEX_POINT('',#3325);
#3325 = CARTESIAN_POINT('',(-55.95867868285,-2.15087890625,
    9.651611428125));
#3326 = SURFACE_CURVE('',#3327,(#3333,#3342),.PCURVE_S1.);
#3327 = B_SPLINE_CURVE_WITH_KNOTS('',4,(#3328,#3329,#3330,#3331,#3332),
  .UNSPECIFIED.,.F.,.F.,(5,5),(0.,1.),.PIECEWISE_BEZIER_KNOTS.);
#3328 = CARTESIAN_POINT('',(-55.95867868285,-2.15087890625,
    9.141357521875));
#3329 = CARTESIAN_POINT('',(-55.95867868285,-2.15087890625,
    9.268920998438));
#3330 = CARTESIAN_POINT('',(-55.95867868285,-2.15087890625,9.396484475)
  );
#3331 = CARTESIAN_POINT('',(-55.95867868285,-2.15087890625,
    9.524047951563));
#3332 = CARTESIAN_POINT('',(-55.95867868285,-2.15087890625,
    9.651611428125));
#3333 = PCURVE('',#2257,#3334);
#3334 = DEFINITIONAL_REPRESENTATION('',(#3335),#3341);
#3335 = B_SPLINE_CURVE_WITH_KNOTS('',4,(#3336,#3337,#3338,#3339,#3340),
  .UNSPECIFIED.,.F.,.F.,(5,5),(0.,1.),.PIECEWISE_BEZIER_KNOTS.);
#3336 = CARTESIAN_POINT('',(-1.532378325132,-6.858642578125));
#3337 = CARTESIAN_POINT('',(-1.532378325132,-6.731079101562));
#3338 = CARTESIAN_POINT('',(-1.532378325132,-6.603515625));
#3339 = CARTESIAN_POINT('',(-1.532378325132,-6.475952148438));
#3340 = CARTESIAN_POINT('',(-1.532378325132,-6.348388671875));
#3341 = ( GEOMETRIC_REPRESENTATION_CONTEXT(2) 
PARAMETRIC_REPRESENTATION_CONTEXT() REPRESENTATION_CONTEXT('2D SPACE',''
  ) );
#3342 = PCURVE('',#3343,#3348);
#3343 = B_SPLINE_SURFACE_WITH_KNOTS('',1,1,(
    (#3344,#3345)
    ,(#3346,#3347
    )),.UNSPECIFIED.,.F.,.F.,.F.,(2,2),(2,2),(0.,0.51025390625),(-0.6,0.
    ),.PIECEWISE_BEZIER_KNOTS.);
#3344 = CARTESIAN_POINT('',(-56.3,-2.15087890625,9.651611428125));
#3345 = CARTESIAN_POINT('',(-55.7,-2.15087890625,9.651611428125));
#3346 = CARTESIAN_POINT('',(-56.3,-2.15087890625,9.141357521875));
#3347 = CARTESIAN_POINT('',(-55.7,-2.15087890625,9.141357521875));
#3348 = DEFINITIONAL_REPRESENTATION('',(#3349),#3355);
#3349 = B_SPLINE_CURVE_WITH_KNOTS('',4,(#3350,#3351,#3352,#3353,#3354),
  .UNSPECIFIED.,.F.,.F.,(5,5),(0.,1.),.PIECEWISE_BEZIER_KNOTS.);
#3350 = CARTESIAN_POINT('',(0.51025390625,-0.258678682852));
#3351 = CARTESIAN_POINT('',(0.382690429687,-0.258678682852));
#3352 = CARTESIAN_POINT('',(0.255126953125,-0.258678682852));
#3353 = CARTESIAN_POINT('',(0.127563476562,-0.258678682852));
#3354 = CARTESIAN_POINT('',(0.,-0.258678682852));
#3355 = ( GEOMETRIC_REPRESENTATION_CONTEXT(2) 
PARAMETRIC_REPRESENTATION_CONTEXT() REPRESENTATION_CONTEXT('2D SPACE',''
  ) );
#3356 = ORIENTED_EDGE('',*,*,#3357,.T.);
#3357 = EDGE_CURVE('',#3324,#3358,#3360,.T.);
#3358 = VERTEX_POINT('',#3359);
#3359 = CARTESIAN_POINT('',(-55.94405944341,2.50244140625,9.651611428125
    ));
#3360 = SURFACE_CURVE('',#3361,(#3376,#3394),.PCURVE_S1.);
#3361 = B_SPLINE_CURVE_WITH_KNOTS('',4,(#3362,#3363,#3364,#3365,#3366,
    #3367,#3368,#3369,#3370,#3371,#3372,#3373,#3374,#3375),
  .UNSPECIFIED.,.F.,.F.,(5,3,3,3,5),(0.,0.25004833765,0.500922937732,
    0.750849517315,1.),.UNSPECIFIED.);
#3362 = CARTESIAN_POINT('',(-55.95867868285,-2.15087890625,
    9.651611428125));
#3363 = CARTESIAN_POINT('',(-55.96985159009,-1.86019721119,
    9.651611428125));
#3364 = CARTESIAN_POINT('',(-55.97901298616,-1.569391818722,
    9.651611428125));
#3365 = CARTESIAN_POINT('',(-55.98616014335,-1.27849605773,
    9.651611428125));
#3366 = CARTESIAN_POINT('',(-55.99644042349,-0.695629371666,
    9.651611428125));
#3367 = CARTESIAN_POINT('',(-55.99956020474,-0.40365806375,
    9.651611428125));
#3368 = CARTESIAN_POINT('',(-56.0006498801,-0.111663337879,
    9.651611428125));
#3369 = CARTESIAN_POINT('',(-55.99877303489,0.471201825101,
    9.651611428125));
#3370 = CARTESIAN_POINT('',(-55.9958218265,0.762072347489,9.651611428125
    ));
#3371 = CARTESIAN_POINT('',(-55.99085628553,1.052898999458,
    9.651611428125));
#3372 = CARTESIAN_POINT('',(-55.97692161852,1.633494874089,
    9.651611428125));
#3373 = CARTESIAN_POINT('',(-55.96796497222,1.923264582201,
    9.651611428125));
#3374 = CARTESIAN_POINT('',(-55.95700986876,2.212924391374,
    9.651611428125));
#3375 = CARTESIAN_POINT('',(-55.94405944341,2.50244140625,9.651611428125
    ));
#3376 = PCURVE('',#2257,#3377);
#3377 = DEFINITIONAL_REPRESENTATION('',(#3378),#3393);
#3378 = B_SPLINE_CURVE_WITH_KNOTS('',4,(#3379,#3380,#3381,#3382,#3383,
    #3384,#3385,#3386,#3387,#3388,#3389,#3390,#3391,#3392),
  .UNSPECIFIED.,.F.,.F.,(5,3,3,3,5),(0.,0.25004833765,0.500922937732,
    0.750849517315,1.),.UNSPECIFIED.);
#3379 = CARTESIAN_POINT('',(-1.532378325132,-6.348388671875));
#3380 = CARTESIAN_POINT('',(-1.537572902665,-6.348388671875));
#3381 = CARTESIAN_POINT('',(-1.542768307803,-6.348388671875));
#3382 = CARTESIAN_POINT('',(-1.54796431785,-6.348388671875));
#3383 = CARTESIAN_POINT('',(-1.558374270314,-6.348388671875));
#3384 = CARTESIAN_POINT('',(-1.563588215326,-6.348388671875));
#3385 = CARTESIAN_POINT('',(-1.568802317152,-6.348388671875));
#3386 = CARTESIAN_POINT('',(-1.579210677594,-6.348388671875));
#3387 = CARTESIAN_POINT('',(-1.584404936814,-6.348388671875));
#3388 = CARTESIAN_POINT('',(-1.589598902285,-6.348388671875));
#3389 = CARTESIAN_POINT('',(-1.599969671409,-6.348388671875));
#3390 = CARTESIAN_POINT('',(-1.605146478344,-6.348388671875));
#3391 = CARTESIAN_POINT('',(-1.610322549782,-6.348388671875));
#3392 = CARTESIAN_POINT('',(-1.615497666099,-6.348388671875));
#3393 = ( GEOMETRIC_REPRESENTATION_CONTEXT(2) 
PARAMETRIC_REPRESENTATION_CONTEXT() REPRESENTATION_CONTEXT('2D SPACE',''
  ) );
#3394 = PCURVE('',#3395,#3400);
#3395 = B_SPLINE_SURFACE_WITH_KNOTS('',1,1,(
    (#3396,#3397)
    ,(#3398,#3399
    )),.UNSPECIFIED.,.F.,.F.,.F.,(2,2),(2,2),(0.,2.32666015625),(-0.6,0.
    ),.PIECEWISE_BEZIER_KNOTS.);
#3396 = CARTESIAN_POINT('',(-56.3,2.50244140625,9.651611428125));
#3397 = CARTESIAN_POINT('',(-55.7,2.50244140625,9.651611428125));
#3398 = CARTESIAN_POINT('',(-56.3,-2.15087890625,9.651611428125));
#3399 = CARTESIAN_POINT('',(-55.7,-2.15087890625,9.651611428125));
#3400 = DEFINITIONAL_REPRESENTATION('',(#3401),#3416);
#3401 = B_SPLINE_CURVE_WITH_KNOTS('',4,(#3402,#3403,#3404,#3405,#3406,
    #3407,#3408,#3409,#3410,#3411,#3412,#3413,#3414,#3415),
  .UNSPECIFIED.,.F.,.F.,(5,3,3,3,5),(0.,0.25004833765,0.500922937732,
    0.750849517315,1.),.UNSPECIFIED.);
#3402 = CARTESIAN_POINT('',(2.32666015625,-0.258678682852));
#3403 = CARTESIAN_POINT('',(2.18131930872,-0.269851590094));
#3404 = CARTESIAN_POINT('',(2.035916612486,-0.279012986168));
#3405 = CARTESIAN_POINT('',(1.89046873199,-0.286160143351));
#3406 = CARTESIAN_POINT('',(1.599035388958,-0.296440423494));
#3407 = CARTESIAN_POINT('',(1.453049735,-0.299560204748));
#3408 = CARTESIAN_POINT('',(1.307052372065,-0.300649880107));
#3409 = CARTESIAN_POINT('',(1.015619790574,-0.298773034896));
#3410 = CARTESIAN_POINT('',(0.87018452938,-0.295821826508));
#3411 = CARTESIAN_POINT('',(0.724771203396,-0.290856285536));
#3412 = CARTESIAN_POINT('',(0.43447326608,-0.27692161852));
#3413 = CARTESIAN_POINT('',(0.289588412025,-0.267964972221));
#3414 = CARTESIAN_POINT('',(0.144758507438,-0.257009868769));
#3415 = CARTESIAN_POINT('',(0.,-0.244059443414));
#3416 = ( GEOMETRIC_REPRESENTATION_CONTEXT(2) 
PARAMETRIC_REPRESENTATION_CONTEXT() REPRESENTATION_CONTEXT('2D SPACE',''
  ) );
#3417 = ORIENTED_EDGE('',*,*,#3418,.T.);
#3418 = EDGE_CURVE('',#3358,#3419,#3421,.T.);
#3419 = VERTEX_POINT('',#3420);
#3420 = CARTESIAN_POINT('',(-55.94405944341,2.50244140625,9.141357521875
    ));
#3421 = SURFACE_CURVE('',#3422,(#3428,#3437),.PCURVE_S1.);
#3422 = B_SPLINE_CURVE_WITH_KNOTS('',4,(#3423,#3424,#3425,#3426,#3427),
  .UNSPECIFIED.,.F.,.F.,(5,5),(0.,1.),.PIECEWISE_BEZIER_KNOTS.);
#3423 = CARTESIAN_POINT('',(-55.94405944341,2.50244140625,9.651611428125
    ));
#3424 = CARTESIAN_POINT('',(-55.94405944341,2.50244140625,9.524047951563
    ));
#3425 = CARTESIAN_POINT('',(-55.94405944341,2.50244140625,9.396484475));
#3426 = CARTESIAN_POINT('',(-55.94405944341,2.50244140625,9.268920998438
    ));
#3427 = CARTESIAN_POINT('',(-55.94405944341,2.50244140625,9.141357521875
    ));
#3428 = PCURVE('',#2257,#3429);
#3429 = DEFINITIONAL_REPRESENTATION('',(#3430),#3436);
#3430 = B_SPLINE_CURVE_WITH_KNOTS('',4,(#3431,#3432,#3433,#3434,#3435),
  .UNSPECIFIED.,.F.,.F.,(5,5),(0.,1.),.PIECEWISE_BEZIER_KNOTS.);
#3431 = CARTESIAN_POINT('',(-1.615497666099,-6.348388671875));
#3432 = CARTESIAN_POINT('',(-1.615497666099,-6.475952148438));
#3433 = CARTESIAN_POINT('',(-1.615497666099,-6.603515625));
#3434 = CARTESIAN_POINT('',(-1.615497666099,-6.731079101562));
#3435 = CARTESIAN_POINT('',(-1.615497666099,-6.858642578125));
#3436 = ( GEOMETRIC_REPRESENTATION_CONTEXT(2) 
PARAMETRIC_REPRESENTATION_CONTEXT() REPRESENTATION_CONTEXT('2D SPACE',''
  ) );
#3437 = PCURVE('',#3438,#3443);
#3438 = B_SPLINE_SURFACE_WITH_KNOTS('',1,1,(
    (#3439,#3440)
    ,(#3441,#3442
    )),.UNSPECIFIED.,.F.,.F.,.F.,(2,2),(2,2),(0.,0.51025390625),(-0.6,0.
    ),.PIECEWISE_BEZIER_KNOTS.);
#3439 = CARTESIAN_POINT('',(-56.3,2.50244140625,9.141357521875));
#3440 = CARTESIAN_POINT('',(-55.7,2.50244140625,9.141357521875));
#3441 = CARTESIAN_POINT('',(-56.3,2.50244140625,9.651611428125));
#3442 = CARTESIAN_POINT('',(-55.7,2.50244140625,9.651611428125));
#3443 = DEFINITIONAL_REPRESENTATION('',(#3444),#3450);
#3444 = B_SPLINE_CURVE_WITH_KNOTS('',4,(#3445,#3446,#3447,#3448,#3449),
  .UNSPECIFIED.,.F.,.F.,(5,5),(0.,1.),.PIECEWISE_BEZIER_KNOTS.);
#3445 = CARTESIAN_POINT('',(0.51025390625,-0.244059443414));
#3446 = CARTESIAN_POINT('',(0.382690429687,-0.244059443414));
#3447 = CARTESIAN_POINT('',(0.255126953125,-0.244059443414));
#3448 = CARTESIAN_POINT('',(0.127563476562,-0.244059443414));
#3449 = CARTESIAN_POINT('',(0.,-0.244059443414));
#3450 = ( GEOMETRIC_REPRESENTATION_CONTEXT(2) 
PARAMETRIC_REPRESENTATION_CONTEXT() REPRESENTATION_CONTEXT('2D SPACE',''
  ) );
#3451 = ORIENTED_EDGE('',*,*,#3452,.T.);
#3452 = EDGE_CURVE('',#3419,#3453,#3455,.T.);
#3453 = VERTEX_POINT('',#3454);
#3454 = CARTESIAN_POINT('',(-55.99235512926,0.92529296875,9.141357521875
    ));
#3455 = SURFACE_CURVE('',#3456,(#3462,#3471),.PCURVE_S1.);
#3456 = B_SPLINE_CURVE_WITH_KNOTS('',4,(#3457,#3458,#3459,#3460,#3461),
  .UNSPECIFIED.,.F.,.F.,(5,5),(0.,1.),.PIECEWISE_BEZIER_KNOTS.);
#3457 = CARTESIAN_POINT('',(-55.94405944341,2.50244140625,9.141357521875
    ));
#3458 = CARTESIAN_POINT('',(-55.96168232806,2.108467863555,
    9.141357521875));
#3459 = CARTESIAN_POINT('',(-55.97561034582,1.714229890546,
    9.141357521875));
#3460 = CARTESIAN_POINT('',(-55.98583559259,1.3198104083,9.141357521875)
  );
#3461 = CARTESIAN_POINT('',(-55.99235512926,0.92529296875,9.141357521875
    ));
#3462 = PCURVE('',#2257,#3463);
#3463 = DEFINITIONAL_REPRESENTATION('',(#3464),#3470);
#3464 = B_SPLINE_CURVE_WITH_KNOTS('',4,(#3465,#3466,#3467,#3468,#3469),
  .UNSPECIFIED.,.F.,.F.,(5,5),(0.,1.),.PIECEWISE_BEZIER_KNOTS.);
#3465 = CARTESIAN_POINT('',(-1.615497666099,-6.858642578125));
#3466 = CARTESIAN_POINT('',(-1.608455389464,-6.858642578125));
#3467 = CARTESIAN_POINT('',(-1.601411344064,-6.858642578125));
#3468 = CARTESIAN_POINT('',(-1.594366083605,-6.858642578125));
#3469 = CARTESIAN_POINT('',(-1.58732016745,-6.858642578125));
#3470 = ( GEOMETRIC_REPRESENTATION_CONTEXT(2) 
PARAMETRIC_REPRESENTATION_CONTEXT() REPRESENTATION_CONTEXT('2D SPACE',''
  ) );
#3471 = PCURVE('',#3472,#3477);
#3472 = B_SPLINE_SURFACE_WITH_KNOTS('',1,1,(
    (#3473,#3474)
    ,(#3475,#3476
    )),.UNSPECIFIED.,.F.,.F.,.F.,(2,2),(2,2),(0.,0.78857421875),(-0.6,0.
    ),.PIECEWISE_BEZIER_KNOTS.);
#3473 = CARTESIAN_POINT('',(-56.3,0.92529296875,9.141357521875));
#3474 = CARTESIAN_POINT('',(-55.7,0.92529296875,9.141357521875));
#3475 = CARTESIAN_POINT('',(-56.3,2.50244140625,9.141357521875));
#3476 = CARTESIAN_POINT('',(-55.7,2.50244140625,9.141357521875));
#3477 = DEFINITIONAL_REPRESENTATION('',(#3478),#3484);
#3478 = B_SPLINE_CURVE_WITH_KNOTS('',4,(#3479,#3480,#3481,#3482,#3483),
  .UNSPECIFIED.,.F.,.F.,(5,5),(0.,1.),.PIECEWISE_BEZIER_KNOTS.);
#3479 = CARTESIAN_POINT('',(0.78857421875,-0.244059443414));
#3480 = CARTESIAN_POINT('',(0.591587447403,-0.261682328061));
#3481 = CARTESIAN_POINT('',(0.394468460898,-0.275610345828));
#3482 = CARTESIAN_POINT('',(0.197258719775,-0.285835592591));
#3483 = CARTESIAN_POINT('',(0.,-0.292355129267));
#3484 = ( GEOMETRIC_REPRESENTATION_CONTEXT(2) 
PARAMETRIC_REPRESENTATION_CONTEXT() REPRESENTATION_CONTEXT('2D SPACE',''
  ) );
#3485 = ORIENTED_EDGE('',*,*,#3486,.T.);
#3486 = EDGE_CURVE('',#3453,#3487,#3489,.T.);
#3487 = VERTEX_POINT('',#3488);
#3488 = CARTESIAN_POINT('',(-55.99235512926,0.92529296875,6.211670021875
    ));
#3489 = SURFACE_CURVE('',#3490,(#3496,#3505),.PCURVE_S1.);
#3490 = B_SPLINE_CURVE_WITH_KNOTS('',4,(#3491,#3492,#3493,#3494,#3495),
  .UNSPECIFIED.,.F.,.F.,(5,5),(0.,1.),.PIECEWISE_BEZIER_KNOTS.);
#3491 = CARTESIAN_POINT('',(-55.99235512926,0.92529296875,9.141357521875
    ));
#3492 = CARTESIAN_POINT('',(-55.99235512926,0.92529296875,8.408935646875
    ));
#3493 = CARTESIAN_POINT('',(-55.99235512926,0.92529296875,7.676513771875
    ));
#3494 = CARTESIAN_POINT('',(-55.99235512926,0.92529296875,6.944091896875
    ));
#3495 = CARTESIAN_POINT('',(-55.99235512926,0.92529296875,6.211670021875
    ));
#3496 = PCURVE('',#2257,#3497);
#3497 = DEFINITIONAL_REPRESENTATION('',(#3498),#3504);
#3498 = B_SPLINE_CURVE_WITH_KNOTS('',4,(#3499,#3500,#3501,#3502,#3503),
  .UNSPECIFIED.,.F.,.F.,(5,5),(0.,1.),.PIECEWISE_BEZIER_KNOTS.);
#3499 = CARTESIAN_POINT('',(-1.58732016745,-6.858642578125));
#3500 = CARTESIAN_POINT('',(-1.58732016745,-7.591064453125));
#3501 = CARTESIAN_POINT('',(-1.58732016745,-8.323486328125));
#3502 = CARTESIAN_POINT('',(-1.58732016745,-9.055908203125));
#3503 = CARTESIAN_POINT('',(-1.58732016745,-9.788330078125));
#3504 = ( GEOMETRIC_REPRESENTATION_CONTEXT(2) 
PARAMETRIC_REPRESENTATION_CONTEXT() REPRESENTATION_CONTEXT('2D SPACE',''
  ) );
#3505 = PCURVE('',#3506,#3511);
#3506 = B_SPLINE_SURFACE_WITH_KNOTS('',1,1,(
    (#3507,#3508)
    ,(#3509,#3510
  )),.UNSPECIFIED.,.F.,.F.,.F.,(2,2),(2,2),(0.,2.9296875),(-0.6,0.),
  .PIECEWISE_BEZIER_KNOTS.);
#3507 = CARTESIAN_POINT('',(-56.3,0.92529296875,6.211670021875));
#3508 = CARTESIAN_POINT('',(-55.7,0.92529296875,6.211670021875));
#3509 = CARTESIAN_POINT('',(-56.3,0.92529296875,9.141357521875));
#3510 = CARTESIAN_POINT('',(-55.7,0.92529296875,9.141357521875));
#3511 = DEFINITIONAL_REPRESENTATION('',(#3512),#3518);
#3512 = B_SPLINE_CURVE_WITH_KNOTS('',4,(#3513,#3514,#3515,#3516,#3517),
  .UNSPECIFIED.,.F.,.F.,(5,5),(0.,1.),.PIECEWISE_BEZIER_KNOTS.);
#3513 = CARTESIAN_POINT('',(2.9296875,-0.292355129267));
#3514 = CARTESIAN_POINT('',(2.197265625,-0.292355129267));
#3515 = CARTESIAN_POINT('',(1.46484375,-0.292355129267));
#3516 = CARTESIAN_POINT('',(0.732421875,-0.292355129267));
#3517 = CARTESIAN_POINT('',(0.,-0.292355129267));
#3518 = ( GEOMETRIC_REPRESENTATION_CONTEXT(2) 
PARAMETRIC_REPRESENTATION_CONTEXT() REPRESENTATION_CONTEXT('2D SPACE',''
  ) );
#3519 = ORIENTED_EDGE('',*,*,#3520,.T.);
#3520 = EDGE_CURVE('',#3487,#3521,#3523,.T.);
#3521 = VERTEX_POINT('',#3522);
#3522 = CARTESIAN_POINT('',(-55.99875419584,-0.37353515625,
    6.211670021875));
#3523 = SURFACE_CURVE('',#3524,(#3530,#3539),.PCURVE_S1.);
#3524 = B_SPLINE_CURVE_WITH_KNOTS('',4,(#3525,#3526,#3527,#3528,#3529),
  .UNSPECIFIED.,.F.,.F.,(5,5),(0.,1.),.PIECEWISE_BEZIER_KNOTS.);
#3525 = CARTESIAN_POINT('',(-55.99235512926,0.92529296875,6.211670021875
    ));
#3526 = CARTESIAN_POINT('',(-55.99772014962,0.600638901916,
    6.211670021875));
#3527 = CARTESIAN_POINT('',(-56.00057570837,0.27591848436,6.211670021875
    ));
#3528 = CARTESIAN_POINT('',(-56.00092017044,-4.88217339471E-02,
    6.211670021875));
#3529 = CARTESIAN_POINT('',(-55.99875419584,-0.37353515625,
    6.211670021875));
#3530 = PCURVE('',#2257,#3531);
#3531 = DEFINITIONAL_REPRESENTATION('',(#3532),#3538);
#3532 = B_SPLINE_CURVE_WITH_KNOTS('',4,(#3533,#3534,#3535,#3536,#3537),
  .UNSPECIFIED.,.F.,.F.,(5,5),(0.,1.),.PIECEWISE_BEZIER_KNOTS.);
#3533 = CARTESIAN_POINT('',(-1.58732016745,-9.788330078125));
#3534 = CARTESIAN_POINT('',(-1.581521981857,-9.788330078125));
#3535 = CARTESIAN_POINT('',(-1.575723352053,-9.788330078125));
#3536 = CARTESIAN_POINT('',(-1.569924589652,-9.788330078125));
#3537 = CARTESIAN_POINT('',(-1.564126006684,-9.788330078125));
#3538 = ( GEOMETRIC_REPRESENTATION_CONTEXT(2) 
PARAMETRIC_REPRESENTATION_CONTEXT() REPRESENTATION_CONTEXT('2D SPACE',''
  ) );
#3539 = PCURVE('',#3540,#3545);
#3540 = B_SPLINE_SURFACE_WITH_KNOTS('',1,1,(
    (#3541,#3542)
    ,(#3543,#3544
    )),.UNSPECIFIED.,.F.,.F.,.F.,(2,2),(2,2),(0.,0.6494140625),(-0.6,0.)
  ,.PIECEWISE_BEZIER_KNOTS.);
#3541 = CARTESIAN_POINT('',(-56.3,-0.37353515625,6.211670021875));
#3542 = CARTESIAN_POINT('',(-55.7,-0.37353515625,6.211670021875));
#3543 = CARTESIAN_POINT('',(-56.3,0.92529296875,6.211670021875));
#3544 = CARTESIAN_POINT('',(-55.7,0.92529296875,6.211670021875));
#3545 = DEFINITIONAL_REPRESENTATION('',(#3546),#3552);
#3546 = B_SPLINE_CURVE_WITH_KNOTS('',4,(#3547,#3548,#3549,#3550,#3551),
  .UNSPECIFIED.,.F.,.F.,(5,5),(0.,1.),.PIECEWISE_BEZIER_KNOTS.);
#3547 = CARTESIAN_POINT('',(0.6494140625,-0.292355129267));
#3548 = CARTESIAN_POINT('',(0.487087029083,-0.297720149628));
#3549 = CARTESIAN_POINT('',(0.324726820305,-0.300575708379));
#3550 = CARTESIAN_POINT('',(0.162356711151,-0.300920170443));
#3551 = CARTESIAN_POINT('',(0.,-0.298754195848));
#3552 = ( GEOMETRIC_REPRESENTATION_CONTEXT(2) 
PARAMETRIC_REPRESENTATION_CONTEXT() REPRESENTATION_CONTEXT('2D SPACE',''
  ) );
#3553 = ORIENTED_EDGE('',*,*,#3554,.T.);
#3554 = EDGE_CURVE('',#3521,#3555,#3557,.T.);
#3555 = VERTEX_POINT('',#3556);
#3556 = CARTESIAN_POINT('',(-55.96071735164,-2.09716796875,
    6.770752053125));
#3557 = SURFACE_CURVE('',#3558,(#3564,#3573),.PCURVE_S1.);
#3558 = B_SPLINE_CURVE_WITH_KNOTS('',4,(#3559,#3560,#3561,#3562,#3563),
  .UNSPECIFIED.,.F.,.F.,(5,5),(0.,1.),.PIECEWISE_BEZIER_KNOTS.);
#3559 = CARTESIAN_POINT('',(-55.99875419584,-0.37353515625,
    6.211670021875));
#3560 = CARTESIAN_POINT('',(-55.99587890038,-0.804586856212,
    6.351487074696));
#3561 = CARTESIAN_POINT('',(-55.98857961856,-1.235600870265,
    6.491291903617));
#3562 = CARTESIAN_POINT('',(-55.97685731093,-1.666490162533,
    6.631056277454));
#3563 = CARTESIAN_POINT('',(-55.96071735164,-2.09716796875,
    6.770752053125));
#3564 = PCURVE('',#2257,#3565);
#3565 = DEFINITIONAL_REPRESENTATION('',(#3566),#3572);
#3566 = B_SPLINE_CURVE_WITH_KNOTS('',4,(#3567,#3568,#3569,#3570,#3571),
  .UNSPECIFIED.,.F.,.F.,(5,5),(0.,1.),.PIECEWISE_BEZIER_KNOTS.);
#3567 = CARTESIAN_POINT('',(-1.564126006684,-9.788330078125));
#3568 = CARTESIAN_POINT('',(-1.556428483656,-9.648513025304));
#3569 = CARTESIAN_POINT('',(-1.548731106698,-9.508708196383));
#3570 = CARTESIAN_POINT('',(-1.541034213421,-9.368943822546));
#3571 = CARTESIAN_POINT('',(-1.5333381397,-9.229248046875));
#3572 = ( GEOMETRIC_REPRESENTATION_CONTEXT(2) 
PARAMETRIC_REPRESENTATION_CONTEXT() REPRESENTATION_CONTEXT('2D SPACE',''
  ) );
#3573 = PCURVE('',#3574,#3579);
#3574 = B_SPLINE_SURFACE_WITH_KNOTS('',1,1,(
    (#3575,#3576)
    ,(#3577,#3578
    )),.UNSPECIFIED.,.F.,.F.,.F.,(2,2),(2,2),(0.,1.027278071288),(-0.6,
    0.),.PIECEWISE_BEZIER_KNOTS.);
#3575 = CARTESIAN_POINT('',(-56.3,-2.09716796875,6.770752053125));
#3576 = CARTESIAN_POINT('',(-55.7,-2.09716796875,6.770752053125));
#3577 = CARTESIAN_POINT('',(-56.3,-0.37353515625,6.211670021875));
#3578 = CARTESIAN_POINT('',(-55.7,-0.37353515625,6.211670021875));
#3579 = DEFINITIONAL_REPRESENTATION('',(#3580),#3586);
#3580 = B_SPLINE_CURVE_WITH_KNOTS('',4,(#3581,#3582,#3583,#3584,#3585),
  .UNSPECIFIED.,.F.,.F.,(5,5),(0.,1.),.PIECEWISE_BEZIER_KNOTS.);
#3581 = CARTESIAN_POINT('',(1.027278071288,-0.298754195848));
#3582 = CARTESIAN_POINT('',(0.770373029941,-0.295878900381));
#3583 = CARTESIAN_POINT('',(0.51349044924,-0.288579618562));
#3584 = CARTESIAN_POINT('',(0.256682202212,-0.276857310939));
#3585 = CARTESIAN_POINT('',(0.,-0.260717351646));
#3586 = ( GEOMETRIC_REPRESENTATION_CONTEXT(2) 
PARAMETRIC_REPRESENTATION_CONTEXT() REPRESENTATION_CONTEXT('2D SPACE',''
  ) );
#3587 = ORIENTED_EDGE('',*,*,#3588,.T.);
#3588 = EDGE_CURVE('',#3555,#3589,#3591,.T.);
#3589 = VERTEX_POINT('',#3590);
#3590 = CARTESIAN_POINT('',(-55.96071735164,-2.09716796875,
    7.310302834375));
#3591 = SURFACE_CURVE('',#3592,(#3598,#3607),.PCURVE_S1.);
#3592 = B_SPLINE_CURVE_WITH_KNOTS('',4,(#3593,#3594,#3595,#3596,#3597),
  .UNSPECIFIED.,.F.,.F.,(5,5),(0.,1.),.PIECEWISE_BEZIER_KNOTS.);
#3593 = CARTESIAN_POINT('',(-55.96071735164,-2.09716796875,
    6.770752053125));
#3594 = CARTESIAN_POINT('',(-55.96071735164,-2.09716796875,
    6.905639748438));
#3595 = CARTESIAN_POINT('',(-55.96071735164,-2.09716796875,7.04052744375
    ));
#3596 = CARTESIAN_POINT('',(-55.96071735164,-2.09716796875,
    7.175415139063));
#3597 = CARTESIAN_POINT('',(-55.96071735164,-2.09716796875,
    7.310302834375));
#3598 = PCURVE('',#2257,#3599);
#3599 = DEFINITIONAL_REPRESENTATION('',(#3600),#3606);
#3600 = B_SPLINE_CURVE_WITH_KNOTS('',4,(#3601,#3602,#3603,#3604,#3605),
  .UNSPECIFIED.,.F.,.F.,(5,5),(0.,1.),.PIECEWISE_BEZIER_KNOTS.);
#3601 = CARTESIAN_POINT('',(-1.5333381397,-9.229248046875));
#3602 = CARTESIAN_POINT('',(-1.5333381397,-9.094360351562));
#3603 = CARTESIAN_POINT('',(-1.5333381397,-8.95947265625));
#3604 = CARTESIAN_POINT('',(-1.5333381397,-8.824584960938));
#3605 = CARTESIAN_POINT('',(-1.5333381397,-8.689697265625));
#3606 = ( GEOMETRIC_REPRESENTATION_CONTEXT(2) 
PARAMETRIC_REPRESENTATION_CONTEXT() REPRESENTATION_CONTEXT('2D SPACE',''
  ) );
#3607 = PCURVE('',#3608,#3613);
#3608 = B_SPLINE_SURFACE_WITH_KNOTS('',1,1,(
    (#3609,#3610)
    ,(#3611,#3612
    )),.UNSPECIFIED.,.F.,.F.,.F.,(2,2),(2,2),(0.,0.53955078125),(-0.6,0.
    ),.PIECEWISE_BEZIER_KNOTS.);
#3609 = CARTESIAN_POINT('',(-56.3,-2.09716796875,7.310302834375));
#3610 = CARTESIAN_POINT('',(-55.7,-2.09716796875,7.310302834375));
#3611 = CARTESIAN_POINT('',(-56.3,-2.09716796875,6.770752053125));
#3612 = CARTESIAN_POINT('',(-55.7,-2.09716796875,6.770752053125));
#3613 = DEFINITIONAL_REPRESENTATION('',(#3614),#3620);
#3614 = B_SPLINE_CURVE_WITH_KNOTS('',4,(#3615,#3616,#3617,#3618,#3619),
  .UNSPECIFIED.,.F.,.F.,(5,5),(0.,1.),.PIECEWISE_BEZIER_KNOTS.);
#3615 = CARTESIAN_POINT('',(0.53955078125,-0.260717351646));
#3616 = CARTESIAN_POINT('',(0.404663085938,-0.260717351646));
#3617 = CARTESIAN_POINT('',(0.269775390625,-0.260717351646));
#3618 = CARTESIAN_POINT('',(0.134887695312,-0.260717351646));
#3619 = CARTESIAN_POINT('',(0.,-0.260717351646));
#3620 = ( GEOMETRIC_REPRESENTATION_CONTEXT(2) 
PARAMETRIC_REPRESENTATION_CONTEXT() REPRESENTATION_CONTEXT('2D SPACE',''
  ) );
#3621 = ORIENTED_EDGE('',*,*,#3622,.T.);
#3622 = EDGE_CURVE('',#3589,#3623,#3625,.T.);
#3623 = VERTEX_POINT('',#3624);
#3624 = CARTESIAN_POINT('',(-55.99821773954,-0.44677734375,
    6.795166115625));
#3625 = SURFACE_CURVE('',#3626,(#3632,#3641),.PCURVE_S1.);
#3626 = B_SPLINE_CURVE_WITH_KNOTS('',4,(#3627,#3628,#3629,#3630,#3631),
  .UNSPECIFIED.,.F.,.F.,(5,5),(0.,1.),.PIECEWISE_BEZIER_KNOTS.);
#3627 = CARTESIAN_POINT('',(-55.96071735164,-2.09716796875,
    7.310302834375));
#3628 = CARTESIAN_POINT('',(-55.97617157962,-1.684788180132,
    7.18158665775));
#3629 = CARTESIAN_POINT('',(-55.98757567302,-1.272211564396,
    7.052809045442));
#3630 = CARTESIAN_POINT('',(-55.9949247414,-0.859515431671,
    6.923994128275));
#3631 = CARTESIAN_POINT('',(-55.99821773954,-0.44677734375,
    6.795166115625));
#3632 = PCURVE('',#2257,#3633);
#3633 = DEFINITIONAL_REPRESENTATION('',(#3634),#3640);
#3634 = B_SPLINE_CURVE_WITH_KNOTS('',4,(#3635,#3636,#3637,#3638,#3639),
  .UNSPECIFIED.,.F.,.F.,(5,5),(0.,1.),.PIECEWISE_BEZIER_KNOTS.);
#3635 = CARTESIAN_POINT('',(-1.5333381397,-8.689697265625));
#3636 = CARTESIAN_POINT('',(-1.540707233739,-8.81841344225));
#3637 = CARTESIAN_POINT('',(-1.548077131534,-8.947191054558));
#3638 = CARTESIAN_POINT('',(-1.555447517729,-9.076005971725));
#3639 = CARTESIAN_POINT('',(-1.562818075303,-9.204833984375));
#3640 = ( GEOMETRIC_REPRESENTATION_CONTEXT(2) 
PARAMETRIC_REPRESENTATION_CONTEXT() REPRESENTATION_CONTEXT('2D SPACE',''
  ) );
#3641 = PCURVE('',#3642,#3647);
#3642 = B_SPLINE_SURFACE_WITH_KNOTS('',1,1,(
    (#3643,#3644)
    ,(#3645,#3646
    )),.UNSPECIFIED.,.F.,.F.,.F.,(2,2),(2,2),(0.,0.972786278057),(-0.6,
    0.),.PIECEWISE_BEZIER_KNOTS.);
#3643 = CARTESIAN_POINT('',(-56.3,-0.44677734375,6.795166115625));
#3644 = CARTESIAN_POINT('',(-55.7,-0.44677734375,6.795166115625));
#3645 = CARTESIAN_POINT('',(-56.3,-2.09716796875,7.310302834375));
#3646 = CARTESIAN_POINT('',(-55.7,-2.09716796875,7.310302834375));
#3647 = DEFINITIONAL_REPRESENTATION('',(#3648),#3654);
#3648 = B_SPLINE_CURVE_WITH_KNOTS('',4,(#3649,#3650,#3651,#3652,#3653),
  .UNSPECIFIED.,.F.,.F.,(5,5),(0.,1.),.PIECEWISE_BEZIER_KNOTS.);
#3649 = CARTESIAN_POINT('',(0.972786278057,-0.260717351646));
#3650 = CARTESIAN_POINT('',(0.729718125803,-0.276171579622));
#3651 = CARTESIAN_POINT('',(0.486533958155,-0.287575673024));
#3652 = CARTESIAN_POINT('',(0.243279343859,-0.294924741406));
#3653 = CARTESIAN_POINT('',(0.,-0.298217739542));
#3654 = ( GEOMETRIC_REPRESENTATION_CONTEXT(2) 
PARAMETRIC_REPRESENTATION_CONTEXT() REPRESENTATION_CONTEXT('2D SPACE',''
  ) );
#3655 = ORIENTED_EDGE('',*,*,#3656,.T.);
#3656 = EDGE_CURVE('',#3623,#3657,#3659,.T.);
#3657 = VERTEX_POINT('',#3658);
#3658 = CARTESIAN_POINT('',(-55.99821773954,-0.44677734375,
    9.141357521875));
#3659 = SURFACE_CURVE('',#3660,(#3666,#3675),.PCURVE_S1.);
#3660 = B_SPLINE_CURVE_WITH_KNOTS('',4,(#3661,#3662,#3663,#3664,#3665),
  .UNSPECIFIED.,.F.,.F.,(5,5),(0.,1.),.PIECEWISE_BEZIER_KNOTS.);
#3661 = CARTESIAN_POINT('',(-55.99821773954,-0.44677734375,
    6.795166115625));
#3662 = CARTESIAN_POINT('',(-55.99821773954,-0.44677734375,
    7.381713967188));
#3663 = CARTESIAN_POINT('',(-55.99821773954,-0.44677734375,7.96826181875
    ));
#3664 = CARTESIAN_POINT('',(-55.99821773954,-0.44677734375,
    8.554809670313));
#3665 = CARTESIAN_POINT('',(-55.99821773954,-0.44677734375,
    9.141357521875));
#3666 = PCURVE('',#2257,#3667);
#3667 = DEFINITIONAL_REPRESENTATION('',(#3668),#3674);
#3668 = B_SPLINE_CURVE_WITH_KNOTS('',4,(#3669,#3670,#3671,#3672,#3673),
  .UNSPECIFIED.,.F.,.F.,(5,5),(0.,1.),.PIECEWISE_BEZIER_KNOTS.);
#3669 = CARTESIAN_POINT('',(-1.562818075303,-9.204833984375));
#3670 = CARTESIAN_POINT('',(-1.562818075303,-8.618286132813));
#3671 = CARTESIAN_POINT('',(-1.562818075303,-8.03173828125));
#3672 = CARTESIAN_POINT('',(-1.562818075303,-7.445190429688));
#3673 = CARTESIAN_POINT('',(-1.562818075303,-6.858642578125));
#3674 = ( GEOMETRIC_REPRESENTATION_CONTEXT(2) 
PARAMETRIC_REPRESENTATION_CONTEXT() REPRESENTATION_CONTEXT('2D SPACE',''
  ) );
#3675 = PCURVE('',#3676,#3681);
#3676 = B_SPLINE_SURFACE_WITH_KNOTS('',1,1,(
    (#3677,#3678)
    ,(#3679,#3680
    )),.UNSPECIFIED.,.F.,.F.,.F.,(2,2),(2,2),(0.,2.34619140625),(-0.6,0.
    ),.PIECEWISE_BEZIER_KNOTS.);
#3677 = CARTESIAN_POINT('',(-56.3,-0.44677734375,9.141357521875));
#3678 = CARTESIAN_POINT('',(-55.7,-0.44677734375,9.141357521875));
#3679 = CARTESIAN_POINT('',(-56.3,-0.44677734375,6.795166115625));
#3680 = CARTESIAN_POINT('',(-55.7,-0.44677734375,6.795166115625));
#3681 = DEFINITIONAL_REPRESENTATION('',(#3682),#3688);
#3682 = B_SPLINE_CURVE_WITH_KNOTS('',4,(#3683,#3684,#3685,#3686,#3687),
  .UNSPECIFIED.,.F.,.F.,(5,5),(0.,1.),.PIECEWISE_BEZIER_KNOTS.);
#3683 = CARTESIAN_POINT('',(2.34619140625,-0.298217739542));
#3684 = CARTESIAN_POINT('',(1.759643554688,-0.298217739542));
#3685 = CARTESIAN_POINT('',(1.173095703125,-0.298217739542));
#3686 = CARTESIAN_POINT('',(0.586547851563,-0.298217739542));
#3687 = CARTESIAN_POINT('',(0.,-0.298217739542));
#3688 = ( GEOMETRIC_REPRESENTATION_CONTEXT(2) 
PARAMETRIC_REPRESENTATION_CONTEXT() REPRESENTATION_CONTEXT('2D SPACE',''
  ) );
#3689 = ORIENTED_EDGE('',*,*,#3690,.T.);
#3690 = EDGE_CURVE('',#3657,#3322,#3691,.T.);
#3691 = SURFACE_CURVE('',#3692,(#3698,#3707),.PCURVE_S1.);
#3692 = B_SPLINE_CURVE_WITH_KNOTS('',4,(#3693,#3694,#3695,#3696,#3697),
  .UNSPECIFIED.,.F.,.F.,(5,5),(0.,1.),.PIECEWISE_BEZIER_KNOTS.);
#3693 = CARTESIAN_POINT('',(-55.99821773954,-0.44677734375,
    9.141357521875));
#3694 = CARTESIAN_POINT('',(-55.99481722957,-0.872990759602,
    9.141357521875));
#3695 = CARTESIAN_POINT('',(-55.98709155827,-1.299148989203,
    9.141357521875));
#3696 = CARTESIAN_POINT('',(-55.97504251787,-1.725146623732,
    9.141357521875));
#3697 = CARTESIAN_POINT('',(-55.95867868285,-2.15087890625,
    9.141357521875));
#3698 = PCURVE('',#2257,#3699);
#3699 = DEFINITIONAL_REPRESENTATION('',(#3700),#3706);
#3700 = B_SPLINE_CURVE_WITH_KNOTS('',4,(#3701,#3702,#3703,#3704,#3705),
  .UNSPECIFIED.,.F.,.F.,(5,5),(0.,1.),.PIECEWISE_BEZIER_KNOTS.);
#3701 = CARTESIAN_POINT('',(-1.562818075303,-6.858642578125));
#3702 = CARTESIAN_POINT('',(-1.555206879214,-6.858642578125));
#3703 = CARTESIAN_POINT('',(-1.547596052495,-6.858642578125));
#3704 = CARTESIAN_POINT('',(-1.539986301099,-6.858642578125));
#3705 = CARTESIAN_POINT('',(-1.532378325132,-6.858642578125));
#3706 = ( GEOMETRIC_REPRESENTATION_CONTEXT(2) 
PARAMETRIC_REPRESENTATION_CONTEXT() REPRESENTATION_CONTEXT('2D SPACE',''
  ) );
#3707 = PCURVE('',#3708,#3713);
#3708 = B_SPLINE_SURFACE_WITH_KNOTS('',1,1,(
    (#3709,#3710)
    ,(#3711,#3712
    )),.UNSPECIFIED.,.F.,.F.,.F.,(2,2),(2,2),(0.,0.85205078125),(-0.6,0.
    ),.PIECEWISE_BEZIER_KNOTS.);
#3709 = CARTESIAN_POINT('',(-56.3,-2.15087890625,9.141357521875));
#3710 = CARTESIAN_POINT('',(-55.7,-2.15087890625,9.141357521875));
#3711 = CARTESIAN_POINT('',(-56.3,-0.44677734375,9.141357521875));
#3712 = CARTESIAN_POINT('',(-55.7,-0.44677734375,9.141357521875));
#3713 = DEFINITIONAL_REPRESENTATION('',(#3714),#3720);
#3714 = B_SPLINE_CURVE_WITH_KNOTS('',4,(#3715,#3716,#3717,#3718,#3719),
  .UNSPECIFIED.,.F.,.F.,(5,5),(0.,1.),.PIECEWISE_BEZIER_KNOTS.);
#3715 = CARTESIAN_POINT('',(0.85205078125,-0.298217739542));
#3716 = CARTESIAN_POINT('',(0.638944073324,-0.29481722957));
#3717 = CARTESIAN_POINT('',(0.425864958523,-0.287091558275));
#3718 = CARTESIAN_POINT('',(0.212866141259,-0.275042517877));
#3719 = CARTESIAN_POINT('',(0.,-0.258678682852));
#3720 = ( GEOMETRIC_REPRESENTATION_CONTEXT(2) 
PARAMETRIC_REPRESENTATION_CONTEXT() REPRESENTATION_CONTEXT('2D SPACE',''
  ) );
#3721 = FACE_BOUND('',#3722,.F.);
#3722 = EDGE_LOOP('',(#3723,#3759,#3820,#3854,#3897,#3948,#3987,#4023,
    #4062,#4101,#4152,#4227,#4302,#4377,#4452,#4486,#4537,#4612,#4729,
    #4780,#4849,#4900));
#3723 = ORIENTED_EDGE('',*,*,#3724,.T.);
#3724 = EDGE_CURVE('',#3725,#3727,#3729,.T.);
#3725 = VERTEX_POINT('',#3726);
#3726 = CARTESIAN_POINT('',(-55.92075046338,2.978198719254,
    9.175537209375));
#3727 = VERTEX_POINT('',#3728);
#3728 = CARTESIAN_POINT('',(-55.92075046338,2.978198719254,
    9.651611428125));
#3729 = SURFACE_CURVE('',#3730,(#3736,#3745),.PCURVE_S1.);
#3730 = B_SPLINE_CURVE_WITH_KNOTS('',4,(#3731,#3732,#3733,#3734,#3735),
  .UNSPECIFIED.,.F.,.F.,(5,5),(0.,1.),.PIECEWISE_BEZIER_KNOTS.);
#3731 = CARTESIAN_POINT('',(-55.92075046338,2.978198719254,
    9.175537209375));
#3732 = CARTESIAN_POINT('',(-55.92075046338,2.978198719254,
    9.294555764063));
#3733 = CARTESIAN_POINT('',(-55.92075046338,2.978198719254,9.41357431875
    ));
#3734 = CARTESIAN_POINT('',(-55.92075046338,2.978198719254,
    9.532592873438));
#3735 = CARTESIAN_POINT('',(-55.92075046338,2.978198719254,
    9.651611428125));
#3736 = PCURVE('',#2257,#3737);
#3737 = DEFINITIONAL_REPRESENTATION('',(#3738),#3744);
#3738 = B_SPLINE_CURVE_WITH_KNOTS('',4,(#3739,#3740,#3741,#3742,#3743),
  .UNSPECIFIED.,.F.,.F.,(5,5),(0.,1.),.PIECEWISE_BEZIER_KNOTS.);
#3739 = CARTESIAN_POINT('',(-1.624003548243,-6.824462890625));
#3740 = CARTESIAN_POINT('',(-1.624003548243,-6.705444335938));
#3741 = CARTESIAN_POINT('',(-1.624003548243,-6.58642578125));
#3742 = CARTESIAN_POINT('',(-1.624003548243,-6.467407226563));
#3743 = CARTESIAN_POINT('',(-1.624003548243,-6.348388671875));
#3744 = ( GEOMETRIC_REPRESENTATION_CONTEXT(2) 
PARAMETRIC_REPRESENTATION_CONTEXT() REPRESENTATION_CONTEXT('2D SPACE',''
  ) );
#3745 = PCURVE('',#3746,#3751);
#3746 = B_SPLINE_SURFACE_WITH_KNOTS('',1,1,(
    (#3747,#3748)
    ,(#3749,#3750
    )),.UNSPECIFIED.,.F.,.F.,.F.,(2,2),(2,2),(0.,0.47607421875),(-0.6,0.
    ),.PIECEWISE_BEZIER_KNOTS.);
#3747 = CARTESIAN_POINT('',(-56.27202673363,3.012268683884,
    9.651611428125));
#3748 = CARTESIAN_POINT('',(-55.67482904319,2.95434702531,9.651611428125
    ));
#3749 = CARTESIAN_POINT('',(-56.27202673363,3.012268683884,
    9.175537209375));
#3750 = CARTESIAN_POINT('',(-55.67482904319,2.95434702531,9.175537209375
    ));
#3751 = DEFINITIONAL_REPRESENTATION('',(#3752),#3758);
#3752 = B_SPLINE_CURVE_WITH_KNOTS('',4,(#3753,#3754,#3755,#3756,#3757),
  .UNSPECIFIED.,.F.,.F.,(5,5),(0.,1.),.PIECEWISE_BEZIER_KNOTS.);
#3753 = CARTESIAN_POINT('',(0.47607421875,-0.247075389739));
#3754 = CARTESIAN_POINT('',(0.357055664063,-0.247075389739));
#3755 = CARTESIAN_POINT('',(0.238037109375,-0.247075389739));
#3756 = CARTESIAN_POINT('',(0.119018554688,-0.247075389739));
#3757 = CARTESIAN_POINT('',(0.,-0.247075389739));
#3758 = ( GEOMETRIC_REPRESENTATION_CONTEXT(2) 
PARAMETRIC_REPRESENTATION_CONTEXT() REPRESENTATION_CONTEXT('2D SPACE',''
  ) );
#3759 = ORIENTED_EDGE('',*,*,#3760,.T.);
#3760 = EDGE_CURVE('',#3727,#3761,#3763,.T.);
#3761 = VERTEX_POINT('',#3762);
#3762 = CARTESIAN_POINT('',(-55.45828211796,7.770388955761,
    9.651611428125));
#3763 = SURFACE_CURVE('',#3764,(#3779,#3797),.PCURVE_S1.);
#3764 = B_SPLINE_CURVE_WITH_KNOTS('',4,(#3765,#3766,#3767,#3768,#3769,
    #3770,#3771,#3772,#3773,#3774,#3775,#3776,#3777,#3778),
  .UNSPECIFIED.,.F.,.F.,(5,3,3,3,5),(0.,0.250100003666,0.500010130971,
    0.751028110938,1.),.UNSPECIFIED.);
#3765 = CARTESIAN_POINT('',(-55.92075046338,2.978198719254,
    9.651611428125));
#3766 = CARTESIAN_POINT('',(-55.90474255781,3.278774395266,
    9.651611428125));
#3767 = CARTESIAN_POINT('',(-55.88657752987,3.579291398899,
    9.651611428125));
#3768 = CARTESIAN_POINT('',(-55.86625553737,3.879712700608,
    9.651611428125));
#3769 = CARTESIAN_POINT('',(-55.82131839771,4.480061730913,
    9.651611428125));
#3770 = CARTESIAN_POINT('',(-55.79670652143,4.779989668557,
    9.651611428125));
#3771 = CARTESIAN_POINT('',(-55.769944658,5.0797480079,9.651611428125));
#3772 = CARTESIAN_POINT('',(-55.71199989202,5.680179553422,
    9.651611428125));
#3773 = CARTESIAN_POINT('',(-55.68079791618,5.980850932028,
    9.651611428125));
#3774 = CARTESIAN_POINT('',(-55.64743401402,6.281276540522,
    9.651611428125));
#3775 = CARTESIAN_POINT('',(-55.5766824874,6.879115343685,9.651611428125
    ));
#3776 = CARTESIAN_POINT('',(-55.53932987654,7.176533139656,
    9.651611428125));
#3777 = CARTESIAN_POINT('',(-55.49986082164,7.473636310313,
    9.651611428125));
#3778 = CARTESIAN_POINT('',(-55.45828211796,7.770388955761,
    9.651611428125));
#3779 = PCURVE('',#2257,#3780);
#3780 = DEFINITIONAL_REPRESENTATION('',(#3781),#3796);
#3781 = B_SPLINE_CURVE_WITH_KNOTS('',4,(#3782,#3783,#3784,#3785,#3786,
    #3787,#3788,#3789,#3790,#3791,#3792,#3793,#3794,#3795),
  .UNSPECIFIED.,.F.,.F.,(5,3,3,3,5),(0.,0.250100003666,0.500010130971,
    0.751028110938,1.),.UNSPECIFIED.);
#3782 = CARTESIAN_POINT('',(-1.624003548243,-6.348388671875));
#3783 = CARTESIAN_POINT('',(-1.629378577611,-6.348388671875));
#3784 = CARTESIAN_POINT('',(-1.634754609296,-6.348388671875));
#3785 = CARTESIAN_POINT('',(-1.640131397081,-6.348388671875));
#3786 = CARTESIAN_POINT('',(-1.65088190586,-6.348388671875));
#3787 = CARTESIAN_POINT('',(-1.656255626172,-6.348388671875));
#3788 = CARTESIAN_POINT('',(-1.661629605925,-6.348388671875));
#3789 = CARTESIAN_POINT('',(-1.672401410413,-6.348388671875));
#3790 = CARTESIAN_POINT('',(-1.677799235335,-6.348388671875));
#3791 = CARTESIAN_POINT('',(-1.683196819743,-6.348388671875));
#3792 = CARTESIAN_POINT('',(-1.693947012745,-6.348388671875));
#3793 = CARTESIAN_POINT('',(-1.69929962941,-6.348388671875));
#3794 = CARTESIAN_POINT('',(-1.704651517578,-6.348388671875));
#3795 = CARTESIAN_POINT('',(-1.710002434233,-6.348388671875));
#3796 = ( GEOMETRIC_REPRESENTATION_CONTEXT(2) 
PARAMETRIC_REPRESENTATION_CONTEXT() REPRESENTATION_CONTEXT('2D SPACE',''
  ) );
#3797 = PCURVE('',#3798,#3803);
#3798 = B_SPLINE_SURFACE_WITH_KNOTS('',1,1,(
    (#3799,#3800)
    ,(#3801,#3802
    )),.UNSPECIFIED.,.F.,.F.,.F.,(2,2),(2,2),(0.,2.4072265625),(-0.6,0.)
  ,.PIECEWISE_BEZIER_KNOTS.);
#3799 = CARTESIAN_POINT('',(-55.80725821675,7.804235828861,
    9.651611428125));
#3800 = CARTESIAN_POINT('',(-55.21006052631,7.746314170287,
    9.651611428125));
#3801 = CARTESIAN_POINT('',(-56.27202673363,3.012268683884,
    9.651611428125));
#3802 = CARTESIAN_POINT('',(-55.67482904319,2.95434702531,9.651611428125
    ));
#3803 = DEFINITIONAL_REPRESENTATION('',(#3804),#3819);
#3804 = B_SPLINE_CURVE_WITH_KNOTS('',4,(#3805,#3806,#3807,#3808,#3809,
    #3810,#3811,#3812,#3813,#3814,#3815,#3816,#3817,#3818),
  .UNSPECIFIED.,.F.,.F.,(5,3,3,3,5),(0.,0.250100003666,0.500010130971,
    0.751028110938,1.),.UNSPECIFIED.);
#3805 = CARTESIAN_POINT('',(2.4072265625,-0.247075389739));
#3806 = CARTESIAN_POINT('',(2.256867975868,-0.260158652141));
#3807 = CARTESIAN_POINT('',(2.106434468323,-0.271089203056));
#3808 = CARTESIAN_POINT('',(1.955944475781,-0.279863624856));
#3809 = CARTESIAN_POINT('',(1.655002902433,-0.293091717426));
#3810 = CARTESIAN_POINT('',(1.504551375471,-0.297548663974));
#3811 = CARTESIAN_POINT('',(1.354080475918,-0.299849292559));
#3812 = CARTESIAN_POINT('',(1.052469984915,-0.300138476827));
#3813 = CARTESIAN_POINT('',(0.901330382351,-0.298107871871));
#3814 = CARTESIAN_POINT('',(0.750208738941,-0.293901712219));
#3815 = CARTESIAN_POINT('',(0.449270407047,-0.281193656796));
#3816 = CARTESIAN_POINT('',(0.299453118694,-0.272727055287));
#3817 = CARTESIAN_POINT('',(0.149690251644,-0.262123521929));
#3818 = CARTESIAN_POINT('',(0.,-0.249386354598));
#3819 = ( GEOMETRIC_REPRESENTATION_CONTEXT(2) 
PARAMETRIC_REPRESENTATION_CONTEXT() REPRESENTATION_CONTEXT('2D SPACE',''
  ) );
#3820 = ORIENTED_EDGE('',*,*,#3821,.T.);
#3821 = EDGE_CURVE('',#3761,#3822,#3824,.T.);
#3822 = VERTEX_POINT('',#3823);
#3823 = CARTESIAN_POINT('',(-55.45828211796,7.770388955761,
    9.087646584375));
#3824 = SURFACE_CURVE('',#3825,(#3831,#3840),.PCURVE_S1.);
#3825 = B_SPLINE_CURVE_WITH_KNOTS('',4,(#3826,#3827,#3828,#3829,#3830),
  .UNSPECIFIED.,.F.,.F.,(5,5),(0.,1.),.PIECEWISE_BEZIER_KNOTS.);
#3826 = CARTESIAN_POINT('',(-55.45828211796,7.770388955761,
    9.651611428125));
#3827 = CARTESIAN_POINT('',(-55.45828211796,7.770388955761,
    9.510620217188));
#3828 = CARTESIAN_POINT('',(-55.45828211796,7.770388955761,9.36962900625
    ));
#3829 = CARTESIAN_POINT('',(-55.45828211796,7.770388955761,
    9.228637795313));
#3830 = CARTESIAN_POINT('',(-55.45828211796,7.770388955761,
    9.087646584375));
#3831 = PCURVE('',#2257,#3832);
#3832 = DEFINITIONAL_REPRESENTATION('',(#3833),#3839);
#3833 = B_SPLINE_CURVE_WITH_KNOTS('',4,(#3834,#3835,#3836,#3837,#3838),
  .UNSPECIFIED.,.F.,.F.,(5,5),(0.,1.),.PIECEWISE_BEZIER_KNOTS.);
#3834 = CARTESIAN_POINT('',(-1.710002434233,-6.348388671875));
#3835 = CARTESIAN_POINT('',(-1.710002434233,-6.489379882812));
#3836 = CARTESIAN_POINT('',(-1.710002434233,-6.63037109375));
#3837 = CARTESIAN_POINT('',(-1.710002434233,-6.771362304688));
#3838 = CARTESIAN_POINT('',(-1.710002434233,-6.912353515625));
#3839 = ( GEOMETRIC_REPRESENTATION_CONTEXT(2) 
PARAMETRIC_REPRESENTATION_CONTEXT() REPRESENTATION_CONTEXT('2D SPACE',''
  ) );
#3840 = PCURVE('',#3841,#3846);
#3841 = B_SPLINE_SURFACE_WITH_KNOTS('',1,1,(
    (#3842,#3843)
    ,(#3844,#3845
    )),.UNSPECIFIED.,.F.,.F.,.F.,(2,2),(2,2),(0.,0.56396484375),(-0.6,0.
    ),.PIECEWISE_BEZIER_KNOTS.);
#3842 = CARTESIAN_POINT('',(-55.80725821675,7.804235828861,
    9.087646584375));
#3843 = CARTESIAN_POINT('',(-55.21006052631,7.746314170287,
    9.087646584375));
#3844 = CARTESIAN_POINT('',(-55.80725821675,7.804235828861,
    9.651611428125));
#3845 = CARTESIAN_POINT('',(-55.21006052631,7.746314170287,
    9.651611428125));
#3846 = DEFINITIONAL_REPRESENTATION('',(#3847),#3853);
#3847 = B_SPLINE_CURVE_WITH_KNOTS('',4,(#3848,#3849,#3850,#3851,#3852),
  .UNSPECIFIED.,.F.,.F.,(5,5),(0.,1.),.PIECEWISE_BEZIER_KNOTS.);
#3848 = CARTESIAN_POINT('',(0.56396484375,-0.249386354598));
#3849 = CARTESIAN_POINT('',(0.422973632812,-0.249386354598));
#3850 = CARTESIAN_POINT('',(0.281982421875,-0.249386354598));
#3851 = CARTESIAN_POINT('',(0.140991210937,-0.249386354598));
#3852 = CARTESIAN_POINT('',(0.,-0.249386354598));
#3853 = ( GEOMETRIC_REPRESENTATION_CONTEXT(2) 
PARAMETRIC_REPRESENTATION_CONTEXT() REPRESENTATION_CONTEXT('2D SPACE',''
  ) );
#3854 = ORIENTED_EDGE('',*,*,#3855,.T.);
#3855 = EDGE_CURVE('',#3822,#3856,#3858,.T.);
#3856 = VERTEX_POINT('',#3857);
#3857 = CARTESIAN_POINT('',(-55.81105973788,4.596260538172,
    9.087646584375));
#3858 = SURFACE_CURVE('',#3859,(#3868,#3880),.PCURVE_S1.);
#3859 = B_SPLINE_CURVE_WITH_KNOTS('',4,(#3860,#3861,#3862,#3863,#3864,
    #3865,#3866,#3867),.UNSPECIFIED.,.F.,.F.,(5,3,5),(0.,0.74630884387,
    1.),.UNSPECIFIED.);
#3860 = CARTESIAN_POINT('',(-55.45828211796,7.770388955761,
    9.087646584375));
#3861 = CARTESIAN_POINT('',(-55.54094073649,7.180443585997,
    9.087646584375));
#3862 = CARTESIAN_POINT('',(-55.61526170554,6.589112785673,
    9.087646584375));
#3863 = CARTESIAN_POINT('',(-55.68119156215,5.996678982218,
    9.087646584375));
#3864 = CARTESIAN_POINT('',(-55.75825200403,5.201767317494,
    9.087646584375));
#3865 = CARTESIAN_POINT('',(-55.776828739,5.000010978079,9.087646584375)
  );
#3866 = CARTESIAN_POINT('',(-55.794431565,4.79817162258,9.087646584375)
  );
#3867 = CARTESIAN_POINT('',(-55.81105973788,4.596260538172,
    9.087646584375));
#3868 = PCURVE('',#2257,#3869);
#3869 = DEFINITIONAL_REPRESENTATION('',(#3870),#3879);
#3870 = B_SPLINE_CURVE_WITH_KNOTS('',4,(#3871,#3872,#3873,#3874,#3875,
    #3876,#3877,#3878),.UNSPECIFIED.,.F.,.F.,(5,3,5),(0.,0.74630884387,
    1.),.UNSPECIFIED.);
#3871 = CARTESIAN_POINT('',(-1.710002434233,-6.912353515625));
#3872 = CARTESIAN_POINT('',(-1.699364791897,-6.912353515625));
#3873 = CARTESIAN_POINT('',(-1.688723308779,-6.912353515625));
#3874 = CARTESIAN_POINT('',(-1.678079897843,-6.912353515625));
#3875 = CARTESIAN_POINT('',(-1.663818502622,-6.912353515625));
#3876 = CARTESIAN_POINT('',(-1.660200513261,-6.912353515625));
#3877 = CARTESIAN_POINT('',(-1.656582600158,-6.912353515625));
#3878 = CARTESIAN_POINT('',(-1.652964838995,-6.912353515625));
#3879 = ( GEOMETRIC_REPRESENTATION_CONTEXT(2) 
PARAMETRIC_REPRESENTATION_CONTEXT() REPRESENTATION_CONTEXT('2D SPACE',''
  ) );
#3880 = PCURVE('',#3881,#3886);
#3881 = B_SPLINE_SURFACE_WITH_KNOTS('',1,1,(
    (#3882,#3883)
    ,(#3884,#3885
    )),.UNSPECIFIED.,.F.,.F.,.F.,(2,2),(2,2),(0.,1.5966796875),(-0.6,0.)
  ,.PIECEWISE_BEZIER_KNOTS.);
#3882 = CARTESIAN_POINT('',(-56.11553266912,4.625791089698,
    9.087646584375));
#3883 = CARTESIAN_POINT('',(-55.51833497868,4.567869431124,
    9.087646584375));
#3884 = CARTESIAN_POINT('',(-55.80725821675,7.804235828861,
    9.087646584375));
#3885 = CARTESIAN_POINT('',(-55.21006052631,7.746314170287,
    9.087646584375));
#3886 = DEFINITIONAL_REPRESENTATION('',(#3887),#3896);
#3887 = B_SPLINE_CURVE_WITH_KNOTS('',4,(#3888,#3889,#3890,#3891,#3892,
    #3893,#3894,#3895),.UNSPECIFIED.,.F.,.F.,(5,3,5),(0.,0.74630884387,
    1.),.UNSPECIFIED.);
#3888 = CARTESIAN_POINT('',(1.5966796875,-0.249386354598));
#3889 = CARTESIAN_POINT('',(1.299094907008,-0.274707890921));
#3890 = CARTESIAN_POINT('',(1.001223088647,-0.29159697483));
#3891 = CARTESIAN_POINT('',(0.703207367141,-0.300027657508));
#3892 = CARTESIAN_POINT('',(0.303888301406,-0.299990517304));
#3893 = CARTESIAN_POINT('',(0.202584622047,-0.299003719653));
#3894 = CARTESIAN_POINT('',(0.101286637195,-0.297039547654));
#3895 = CARTESIAN_POINT('',(0.,-0.294098350224));
#3896 = ( GEOMETRIC_REPRESENTATION_CONTEXT(2) 
PARAMETRIC_REPRESENTATION_CONTEXT() REPRESENTATION_CONTEXT('2D SPACE',''
  ) );
#3897 = ORIENTED_EDGE('',*,*,#3898,.T.);
#3898 = EDGE_CURVE('',#3856,#3899,#3901,.T.);
#3899 = VERTEX_POINT('',#3900);
#3900 = CARTESIAN_POINT('',(-55.77524172987,5.012226049754,
    8.789795021875));
#3901 = SURFACE_CURVE('',#3902,(#3913,#3927),.PCURVE_S1.);
#3902 = B_SPLINE_CURVE_WITH_KNOTS('',5,(#3903,#3904,#3905,#3906,#3907,
    #3908,#3909,#3910,#3911,#3912),.UNSPECIFIED.,.F.,.F.,(6,4,6),(0.,
    0.540048756635,1.),.UNSPECIFIED.);
#3903 = CARTESIAN_POINT('',(-55.81105973788,4.596260538172,
    9.087646584375));
#3904 = CARTESIAN_POINT('',(-55.80855867669,4.626630199361,
    9.052280476825));
#3905 = CARTESIAN_POINT('',(-55.80568467791,4.661275801295,
    9.017728908914));
#3906 = CARTESIAN_POINT('',(-55.80243873991,4.700042935757,
    8.984033649955));
#3907 = CARTESIAN_POINT('',(-55.79882309664,4.742732272148,
    8.951217486587));
#3908 = CARTESIAN_POINT('',(-55.79144910512,4.828641591383,
    8.892098143972));
#3909 = CARTESIAN_POINT('',(-55.78779143084,4.870844129615,
    8.865550641971));
#3910 = CARTESIAN_POINT('',(-55.783869574,4.915602022692,8.839653211268)
  );
#3911 = CARTESIAN_POINT('',(-55.77968563653,4.96277497435,8.814403711564
    ));
#3912 = CARTESIAN_POINT('',(-55.77524172987,5.012226049754,
    8.789795021875));
#3913 = PCURVE('',#2257,#3914);
#3914 = DEFINITIONAL_REPRESENTATION('',(#3915),#3926);
#3915 = B_SPLINE_CURVE_WITH_KNOTS('',5,(#3916,#3917,#3918,#3919,#3920,
    #3921,#3922,#3923,#3924,#3925),.UNSPECIFIED.,.F.,.F.,(6,4,6),(0.,
    0.540048756635,1.),.UNSPECIFIED.);
#3916 = CARTESIAN_POINT('',(-1.652964838995,-6.912353515625));
#3917 = CARTESIAN_POINT('',(-1.653508990303,-6.947719623175));
#3918 = CARTESIAN_POINT('',(-1.654129786671,-6.982271191086));
#3919 = CARTESIAN_POINT('',(-1.654824478979,-7.015966450045));
#3920 = CARTESIAN_POINT('',(-1.655589517403,-7.048782613413));
#3921 = CARTESIAN_POINT('',(-1.657129253301,-7.107901956028));
#3922 = CARTESIAN_POINT('',(-1.657885694937,-7.134449458029));
#3923 = CARTESIAN_POINT('',(-1.658688004919,-7.160346888732));
#3924 = CARTESIAN_POINT('',(-1.659533685282,-7.185596388436));
#3925 = CARTESIAN_POINT('',(-1.660420298659,-7.210205078125));
#3926 = ( GEOMETRIC_REPRESENTATION_CONTEXT(2) 
PARAMETRIC_REPRESENTATION_CONTEXT() REPRESENTATION_CONTEXT('2D SPACE',''
  ) );
#3927 = PCURVE('',#3928,#3935);
#3928 = B_SPLINE_SURFACE_WITH_KNOTS('',2,1,(
    (#3929,#3930)
    ,(#3931,#3932)
    ,(#3933,#3934
    )),.UNSPECIFIED.,.F.,.F.,.F.,(3,3),(2,2),(0.,1.),(-0.6,0.),
  .PIECEWISE_BEZIER_KNOTS.);
#3929 = CARTESIAN_POINT('',(-56.07523073384,5.041321709268,
    8.789795021875));
#3930 = CARTESIAN_POINT('',(-55.47803304339,4.983400050693,
    8.789795021875));
#3931 = CARTESIAN_POINT('',(-56.10233437453,4.761871292598,
    8.928955178125));
#3932 = CARTESIAN_POINT('',(-55.50513668409,4.703949634024,
    8.928955178125));
#3933 = CARTESIAN_POINT('',(-56.11553266912,4.625791089698,
    9.087646584375));
#3934 = CARTESIAN_POINT('',(-55.51833497868,4.567869431124,
    9.087646584375));
#3935 = DEFINITIONAL_REPRESENTATION('',(#3936),#3947);
#3936 = B_SPLINE_CURVE_WITH_KNOTS('',5,(#3937,#3938,#3939,#3940,#3941,
    #3942,#3943,#3944,#3945,#3946),.UNSPECIFIED.,.F.,.F.,(6,4,6),(0.,
    0.540048756635,1.),.UNSPECIFIED.);
#3937 = CARTESIAN_POINT('',(1.,-0.294098350224));
#3938 = CARTESIAN_POINT('',(0.888569556519,-0.294540738861));
#3939 = CARTESIAN_POINT('',(0.777795260297,-0.295024714345));
#3940 = CARTESIAN_POINT('',(0.667853778562,-0.295536364434));
#3941 = CARTESIAN_POINT('',(0.558885374396,-0.296058670021));
#3942 = CARTESIAN_POINT('',(0.35911568451,-0.297012469277));
#3943 = CARTESIAN_POINT('',(0.268016224133,-0.297445946577));
#3944 = CARTESIAN_POINT('',(0.177768040382,-0.297863159165));
#3945 = CARTESIAN_POINT('',(8.841859032098E-02,-0.298252655514));
#3946 = CARTESIAN_POINT('',(0.,-0.298603318032));
#3947 = ( GEOMETRIC_REPRESENTATION_CONTEXT(2) 
PARAMETRIC_REPRESENTATION_CONTEXT() REPRESENTATION_CONTEXT('2D SPACE',''
  ) );
#3948 = ORIENTED_EDGE('',*,*,#3949,.T.);
#3949 = EDGE_CURVE('',#3899,#3950,#3952,.T.);
#3950 = VERTEX_POINT('',#3951);
#3951 = CARTESIAN_POINT('',(-55.7160743731,5.631967369481,8.513916115625
    ));
#3952 = SURFACE_CURVE('',#3953,(#3960,#3970),.PCURVE_S1.);
#3953 = B_SPLINE_CURVE_WITH_KNOTS('',5,(#3954,#3955,#3956,#3957,#3958,
    #3959),.UNSPECIFIED.,.F.,.F.,(6,6),(0.,1.),
  .PIECEWISE_BEZIER_KNOTS.);
#3954 = CARTESIAN_POINT('',(-55.77524172987,5.012226049754,
    8.789795021875));
#3955 = CARTESIAN_POINT('',(-55.76495151864,5.126733857935,8.73281168844
    ));
#3956 = CARTESIAN_POINT('',(-55.75391303486,5.246271972767,
    8.676737096279));
#3957 = CARTESIAN_POINT('',(-55.74210248463,5.370522423778,
    8.621569868157));
#3958 = CARTESIAN_POINT('',(-55.72949689273,5.499180715536,
    8.567301007396));
#3959 = CARTESIAN_POINT('',(-55.7160743731,5.631967369481,8.513916115625
    ));
#3960 = PCURVE('',#2257,#3961);
#3961 = DEFINITIONAL_REPRESENTATION('',(#3962),#3969);
#3962 = B_SPLINE_CURVE_WITH_KNOTS('',5,(#3963,#3964,#3965,#3966,#3967,
    #3968),.UNSPECIFIED.,.F.,.F.,(6,6),(0.,1.),
  .PIECEWISE_BEZIER_KNOTS.);
#3963 = CARTESIAN_POINT('',(-1.660420298659,-7.210205078125));
#3964 = CARTESIAN_POINT('',(-1.662473320836,-7.26718841156));
#3965 = CARTESIAN_POINT('',(-1.664617005353,-7.323263003721));
#3966 = CARTESIAN_POINT('',(-1.666845752973,-7.378430231843));
#3967 = CARTESIAN_POINT('',(-1.669154212543,-7.432699092604));
#3968 = CARTESIAN_POINT('',(-1.671537486229,-7.486083984375));
#3969 = ( GEOMETRIC_REPRESENTATION_CONTEXT(2) 
PARAMETRIC_REPRESENTATION_CONTEXT() REPRESENTATION_CONTEXT('2D SPACE',''
  ) );
#3970 = PCURVE('',#3971,#3978);
#3971 = B_SPLINE_SURFACE_WITH_KNOTS('',2,1,(
    (#3972,#3973)
    ,(#3974,#3975)
    ,(#3976,#3977
    )),.UNSPECIFIED.,.F.,.F.,.F.,(3,3),(2,2),(0.,1.),(-0.6,0.),
  .PIECEWISE_BEZIER_KNOTS.);
#3972 = CARTESIAN_POINT('',(-56.01513135665,5.660972633187,
    8.513916115625));
#3973 = CARTESIAN_POINT('',(-55.41793366621,5.603050974613,
    8.513916115625));
#3974 = CARTESIAN_POINT('',(-56.04812709315,5.320772125937,
    8.650634865625));
#3975 = CARTESIAN_POINT('',(-55.4509294027,5.262850467363,8.650634865625
    ));
#3976 = CARTESIAN_POINT('',(-56.07523073384,5.041321709268,
    8.789795021875));
#3977 = CARTESIAN_POINT('',(-55.47803304339,4.983400050693,
    8.789795021875));
#3978 = DEFINITIONAL_REPRESENTATION('',(#3979),#3986);
#3979 = B_SPLINE_CURVE_WITH_KNOTS('',5,(#3980,#3981,#3982,#3983,#3984,
    #3985),.UNSPECIFIED.,.F.,.F.,(6,6),(0.,1.),
  .PIECEWISE_BEZIER_KNOTS.);
#3980 = CARTESIAN_POINT('',(1.,-0.298603318032));
#3981 = CARTESIAN_POINT('',(0.795259882674,-0.299415304342));
#3982 = CARTESIAN_POINT('',(0.592865587641,-0.299968119103));
#3983 = CARTESIAN_POINT('',(0.392854319016,-0.300207383906));
#3984 = CARTESIAN_POINT('',(0.195236175621,-0.300080836035));
#3985 = CARTESIAN_POINT('',(0.,-0.299539711883));
#3986 = ( GEOMETRIC_REPRESENTATION_CONTEXT(2) 
PARAMETRIC_REPRESENTATION_CONTEXT() REPRESENTATION_CONTEXT('2D SPACE',''
  ) );
#3987 = ORIENTED_EDGE('',*,*,#3988,.T.);
#3988 = EDGE_CURVE('',#3950,#3989,#3991,.T.);
#3989 = VERTEX_POINT('',#3990);
#3990 = CARTESIAN_POINT('',(-55.64068977185,6.333533114495,
    8.233154396875));
#3991 = SURFACE_CURVE('',#3992,(#3998,#4007),.PCURVE_S1.);
#3992 = B_SPLINE_CURVE_WITH_KNOTS('',4,(#3993,#3994,#3995,#3996,#3997),
  .UNSPECIFIED.,.F.,.F.,(5,5),(0.,1.),.PIECEWISE_BEZIER_KNOTS.);
#3993 = CARTESIAN_POINT('',(-55.7160743731,5.631967369481,8.513916115625
    ));
#3994 = CARTESIAN_POINT('',(-55.69868144582,5.804032576268,
    8.444739868096));
#3995 = CARTESIAN_POINT('',(-55.68034082943,5.978392326383,
    8.374863505826));
#3996 = CARTESIAN_POINT('',(-55.66102017999,6.154928548591,
    8.304323843273));
#3997 = CARTESIAN_POINT('',(-55.64068977185,6.333533114495,
    8.233154396875));
#3998 = PCURVE('',#2257,#3999);
#3999 = DEFINITIONAL_REPRESENTATION('',(#4000),#4006);
#4000 = B_SPLINE_CURVE_WITH_KNOTS('',4,(#4001,#4002,#4003,#4004,#4005),
  .UNSPECIFIED.,.F.,.F.,(5,5),(0.,1.),.PIECEWISE_BEZIER_KNOTS.);
#4001 = CARTESIAN_POINT('',(-1.671537486229,-7.486083984375));
#4002 = CARTESIAN_POINT('',(-1.674625736949,-7.555260231904));
#4003 = CARTESIAN_POINT('',(-1.677756455859,-7.625136594174));
#4004 = CARTESIAN_POINT('',(-1.680927681971,-7.695676256727));
#4005 = CARTESIAN_POINT('',(-1.684137645159,-7.766845703125));
#4006 = ( GEOMETRIC_REPRESENTATION_CONTEXT(2) 
PARAMETRIC_REPRESENTATION_CONTEXT() REPRESENTATION_CONTEXT('2D SPACE',''
  ) );
#4007 = PCURVE('',#4008,#4015);
#4008 = B_SPLINE_SURFACE_WITH_KNOTS('',2,1,(
    (#4009,#4010)
    ,(#4011,#4012)
    ,(#4013,#4014
    )),.UNSPECIFIED.,.F.,.F.,.F.,(3,3),(2,2),(0.,1.),(-0.6,0.),
  .PIECEWISE_BEZIER_KNOTS.);
#4009 = CARTESIAN_POINT('',(-55.94701872918,6.363243680296,
    8.233154396875));
#4010 = CARTESIAN_POINT('',(-55.34982103874,6.305322021721,
    8.233154396875));
#4011 = CARTESIAN_POINT('',(-55.98213562016,6.001173140437,
    8.377197365625));
#4012 = CARTESIAN_POINT('',(-55.38493792972,5.943251481863,
    8.377197365625));
#4013 = CARTESIAN_POINT('',(-56.01513135665,5.660972633187,
    8.513916115625));
#4014 = CARTESIAN_POINT('',(-55.41793366621,5.603050974613,
    8.513916115625));
#4015 = DEFINITIONAL_REPRESENTATION('',(#4016),#4022);
#4016 = B_SPLINE_CURVE_WITH_KNOTS('',4,(#4017,#4018,#4019,#4020,#4021),
  .UNSPECIFIED.,.F.,.F.,(5,5),(0.,1.),.PIECEWISE_BEZIER_KNOTS.);
#4017 = CARTESIAN_POINT('',(1.,-0.299539711883));
#4018 = CARTESIAN_POINT('',(0.747012580464,-0.298838522144));
#4019 = CARTESIAN_POINT('',(0.496036359922,-0.297415575761));
#4020 = CARTESIAN_POINT('',(0.247042417326,-0.295227281705));
#4021 = CARTESIAN_POINT('',(0.,-0.292233614865));
#4022 = ( GEOMETRIC_REPRESENTATION_CONTEXT(2) 
PARAMETRIC_REPRESENTATION_CONTEXT() REPRESENTATION_CONTEXT('2D SPACE',''
  ) );
#4023 = ORIENTED_EDGE('',*,*,#4024,.T.);
#4024 = EDGE_CURVE('',#3989,#4025,#4027,.T.);
#4025 = VERTEX_POINT('',#4026);
#4026 = CARTESIAN_POINT('',(-55.56195815563,6.990622712693,7.92431650625
    ));
#4027 = SURFACE_CURVE('',#4028,(#4035,#4045),.PCURVE_S1.);
#4028 = B_SPLINE_CURVE_WITH_KNOTS('',5,(#4029,#4030,#4031,#4032,#4033,
    #4034),.UNSPECIFIED.,.F.,.F.,(6,6),(0.,1.),
  .PIECEWISE_BEZIER_KNOTS.);
#4029 = CARTESIAN_POINT('',(-55.64068977185,6.333533114495,
    8.233154396875));
#4030 = CARTESIAN_POINT('',(-55.62454988776,6.475323528631,
    8.176654467954));
#4031 = CARTESIAN_POINT('',(-55.60850680682,6.612244309593,
    8.117572030698));
#4032 = CARTESIAN_POINT('',(-55.59265837218,6.743981726852,
    8.055847390421));
#4033 = CARTESIAN_POINT('',(-55.57710786307,6.870211778634,
    7.991435322966));
#4034 = CARTESIAN_POINT('',(-55.56195815563,6.990622712693,7.92431650625
    ));
#4035 = PCURVE('',#2257,#4036);
#4036 = DEFINITIONAL_REPRESENTATION('',(#4037),#4044);
#4037 = B_SPLINE_CURVE_WITH_KNOTS('',5,(#4038,#4039,#4040,#4041,#4042,
    #4043),.UNSPECIFIED.,.F.,.F.,(6,6),(0.,1.),
  .PIECEWISE_BEZIER_KNOTS.);
#4038 = CARTESIAN_POINT('',(-1.684137645159,-7.766845703125));
#4039 = CARTESIAN_POINT('',(-1.686685967523,-7.823345632046));
#4040 = CARTESIAN_POINT('',(-1.689147694578,-7.882428069302));
#4041 = CARTESIAN_POINT('',(-1.691517096885,-7.944152709579));
#4042 = CARTESIAN_POINT('',(-1.693788237393,-8.008564777034));
#4043 = CARTESIAN_POINT('',(-1.695955384449,-8.07568359375));
#4044 = ( GEOMETRIC_REPRESENTATION_CONTEXT(2) 
PARAMETRIC_REPRESENTATION_CONTEXT() REPRESENTATION_CONTEXT('2D SPACE',''
  ) );
#4045 = PCURVE('',#4046,#4053);
#4046 = B_SPLINE_SURFACE_WITH_KNOTS('',2,1,(
    (#4047,#4048)
    ,(#4049,#4050)
    ,(#4051,#4052
    )),.UNSPECIFIED.,.F.,.F.,.F.,(3,3),(2,2),(0.,1.),(-0.6,0.),
  .PIECEWISE_BEZIER_KNOTS.);
#4047 = CARTESIAN_POINT('',(-55.88314841068,7.021774662187,7.92431650625
    ));
#4048 = CARTESIAN_POINT('',(-55.28595072024,6.963853003612,7.92431650625
    ));
#4049 = CARTESIAN_POINT('',(-55.9119018382,6.725314220155,8.089111428125
    ));
#4050 = CARTESIAN_POINT('',(-55.31470414776,6.66739256158,8.089111428125
    ));
#4051 = CARTESIAN_POINT('',(-55.94701872918,6.363243680296,
    8.233154396875));
#4052 = CARTESIAN_POINT('',(-55.34982103874,6.305322021721,
    8.233154396875));
#4053 = DEFINITIONAL_REPRESENTATION('',(#4054),#4061);
#4054 = B_SPLINE_CURVE_WITH_KNOTS('',5,(#4055,#4056,#4057,#4058,#4059,
    #4060),.UNSPECIFIED.,.F.,.F.,(6,6),(0.,1.),
  .PIECEWISE_BEZIER_KNOTS.);
#4055 = CARTESIAN_POINT('',(1.,-0.292233614865));
#4056 = CARTESIAN_POINT('',(0.80387821283,-0.289857005628));
#4057 = CARTESIAN_POINT('',(0.605718829885,-0.287106652023));
#4058 = CARTESIAN_POINT('',(0.405602265973,-0.284049653926));
#4059 = CARTESIAN_POINT('',(0.20364346168,-0.280757530314));
#4060 = CARTESIAN_POINT('',(0.,-0.277302581516));
#4061 = ( GEOMETRIC_REPRESENTATION_CONTEXT(2) 
PARAMETRIC_REPRESENTATION_CONTEXT() REPRESENTATION_CONTEXT('2D SPACE',''
  ) );
#4062 = ORIENTED_EDGE('',*,*,#4063,.T.);
#4063 = EDGE_CURVE('',#4025,#4064,#4066,.T.);
#4064 = VERTEX_POINT('',#4065);
#4065 = CARTESIAN_POINT('',(-55.49885810677,7.47507517315,7.564209084375
    ));
#4066 = SURFACE_CURVE('',#4067,(#4074,#4084),.PCURVE_S1.);
#4067 = B_SPLINE_CURVE_WITH_KNOTS('',5,(#4068,#4069,#4070,#4071,#4072,
    #4073),.UNSPECIFIED.,.F.,.F.,(6,6),(0.,1.),
  .PIECEWISE_BEZIER_KNOTS.);
#4068 = CARTESIAN_POINT('',(-55.56195815563,6.990622712693,7.92431650625
    ));
#4069 = CARTESIAN_POINT('',(-55.54741540117,7.106209542082,
    7.859886716072));
#4070 = CARTESIAN_POINT('',(-55.53365378953,7.213161146494,
    7.791660262545));
#4071 = CARTESIAN_POINT('',(-55.52085904422,7.310722436155,
    7.719593749092));
#4072 = CARTESIAN_POINT('',(-55.50921336301,7.398192348109,
    7.643720262436));
#4073 = CARTESIAN_POINT('',(-55.49885810677,7.47507517315,7.564209084375
    ));
#4074 = PCURVE('',#2257,#4075);
#4075 = DEFINITIONAL_REPRESENTATION('',(#4076),#4083);
#4076 = B_SPLINE_CURVE_WITH_KNOTS('',5,(#4077,#4078,#4079,#4080,#4081,
    #4082),.UNSPECIFIED.,.F.,.F.,(6,6),(0.,1.),
  .PIECEWISE_BEZIER_KNOTS.);
#4077 = CARTESIAN_POINT('',(-1.695955384449,-8.07568359375));
#4078 = CARTESIAN_POINT('',(-1.698035707628,-8.140113383928));
#4079 = CARTESIAN_POINT('',(-1.699961295222,-8.208339837455));
#4080 = CARTESIAN_POINT('',(-1.701718373935,-8.280406350908));
#4081 = CARTESIAN_POINT('',(-1.703294117769,-8.356279837564));
#4082 = CARTESIAN_POINT('',(-1.704679422398,-8.435791015625));
#4083 = ( GEOMETRIC_REPRESENTATION_CONTEXT(2) 
PARAMETRIC_REPRESENTATION_CONTEXT() REPRESENTATION_CONTEXT('2D SPACE',''
  ) );
#4084 = PCURVE('',#4085,#4092);
#4085 = B_SPLINE_SURFACE_WITH_KNOTS('',2,1,(
    (#4086,#4087)
    ,(#4088,#4089)
    ,(#4090,#4091
    )),.UNSPECIFIED.,.F.,.F.,.F.,(3,3),(2,2),(0.,1.),(-0.6,0.),
  .PIECEWISE_BEZIER_KNOTS.);
#4086 = CARTESIAN_POINT('',(-55.83601164426,7.507775386829,
    7.564209084375));
#4087 = CARTESIAN_POINT('',(-55.23881395382,7.449853728255,
    7.564209084375));
#4088 = CARTESIAN_POINT('',(-55.85439498317,7.318235104219,
    7.759521584375));
#4089 = CARTESIAN_POINT('',(-55.25719729273,7.260313445644,
    7.759521584375));
#4090 = CARTESIAN_POINT('',(-55.88314841068,7.021774662187,7.92431650625
    ));
#4091 = CARTESIAN_POINT('',(-55.28595072024,6.963853003612,7.92431650625
    ));
#4092 = DEFINITIONAL_REPRESENTATION('',(#4093),#4100);
#4093 = B_SPLINE_CURVE_WITH_KNOTS('',5,(#4094,#4095,#4096,#4097,#4098,
    #4099),.UNSPECIFIED.,.F.,.F.,(6,6),(0.,1.),
  .PIECEWISE_BEZIER_KNOTS.);
#4094 = CARTESIAN_POINT('',(1.,-0.277302581516));
#4095 = CARTESIAN_POINT('',(0.804515244024,-0.273986050668));
#4096 = CARTESIAN_POINT('',(0.606357180288,-0.270613403374));
#4097 = CARTESIAN_POINT('',(0.405877053433,-0.267296602309));
#4098 = CARTESIAN_POINT('',(0.203548615837,-0.264149316399));
#4099 = CARTESIAN_POINT('',(0.,-0.261264392452));
#4100 = ( GEOMETRIC_REPRESENTATION_CONTEXT(2) 
PARAMETRIC_REPRESENTATION_CONTEXT() REPRESENTATION_CONTEXT('2D SPACE',''
  ) );
#4101 = ORIENTED_EDGE('',*,*,#4102,.T.);
#4102 = EDGE_CURVE('',#4064,#4103,#4105,.T.);
#4103 = VERTEX_POINT('',#4104);
#4104 = CARTESIAN_POINT('',(-55.47309831333,7.663900020172,
    7.127197365625));
#4105 = SURFACE_CURVE('',#4106,(#4117,#4131),.PCURVE_S1.);
#4106 = B_SPLINE_CURVE_WITH_KNOTS('',5,(#4107,#4108,#4109,#4110,#4111,
    #4112,#4113,#4114,#4115,#4116),.UNSPECIFIED.,.F.,.F.,(6,4,6),(0.,
    0.45150781192,1.),.UNSPECIFIED.);
#4107 = CARTESIAN_POINT('',(-55.49885810677,7.47507517315,7.564209084375
    ));
#4108 = CARTESIAN_POINT('',(-55.49429404301,7.508961163711,
    7.529164651138));
#4109 = CARTESIAN_POINT('',(-55.49018997045,7.539236416963,
    7.492988470708));
#4110 = CARTESIAN_POINT('',(-55.48657663435,7.565756063134,
    7.455721296296));
#4111 = CARTESIAN_POINT('',(-55.48347673542,7.588423328258,
    7.417421706382));
#4112 = CARTESIAN_POINT('',(-55.4777741039,7.630013803973,7.330486048828
    ));
#4113 = CARTESIAN_POINT('',(-55.47542097359,7.647088434914,
    7.281393686393));
#4114 = CARTESIAN_POINT('',(-55.47386399686,7.658357711395,
    7.231037078223));
#4115 = CARTESIAN_POINT('',(-55.47309831333,7.663900020172,
    7.179580026395));
#4116 = CARTESIAN_POINT('',(-55.47309831333,7.663900020172,
    7.127197365625));
#4117 = PCURVE('',#2257,#4118);
#4118 = DEFINITIONAL_REPRESENTATION('',(#4119),#4130);
#4119 = B_SPLINE_CURVE_WITH_KNOTS('',5,(#4120,#4121,#4122,#4123,#4124,
    #4125,#4126,#4127,#4128,#4129),.UNSPECIFIED.,.F.,.F.,(6,4,6),(0.,
    0.45150781192,1.),.UNSPECIFIED.);
#4120 = CARTESIAN_POINT('',(-1.704679422398,-8.435791015625));
#4121 = CARTESIAN_POINT('',(-1.705289993349,-8.470835448862));
#4122 = CARTESIAN_POINT('',(-1.705835567404,-8.507011629292));
#4123 = CARTESIAN_POINT('',(-1.706313507941,-8.544278803704));
#4124 = CARTESIAN_POINT('',(-1.706722048078,-8.582578393618));
#4125 = CARTESIAN_POINT('',(-1.707471683975,-8.669514051172));
#4126 = CARTESIAN_POINT('',(-1.707779469905,-8.718606413607));
#4127 = CARTESIAN_POINT('',(-1.707982618583,-8.768963021777));
#4128 = CARTESIAN_POINT('',(-1.708082528388,-8.820420073605));
#4129 = CARTESIAN_POINT('',(-1.708082528388,-8.872802734375));
#4130 = ( GEOMETRIC_REPRESENTATION_CONTEXT(2) 
PARAMETRIC_REPRESENTATION_CONTEXT() REPRESENTATION_CONTEXT('2D SPACE',''
  ) );
#4131 = PCURVE('',#4132,#4139);
#4132 = B_SPLINE_SURFACE_WITH_KNOTS('',2,1,(
    (#4133,#4134)
    ,(#4135,#4136)
    ,(#4137,#4138
    )),.UNSPECIFIED.,.F.,.F.,.F.,(3,3),(2,2),(0.,1.),(-0.6,0.),
  .PIECEWISE_BEZIER_KNOTS.);
#4133 = CARTESIAN_POINT('',(-55.81762830536,7.69731566944,7.127197365625
    ));
#4134 = CARTESIAN_POINT('',(-55.22043061492,7.639394010866,
    7.127197365625));
#4135 = CARTESIAN_POINT('',(-55.81762830536,7.69731566944,7.368896584375
    ));
#4136 = CARTESIAN_POINT('',(-55.22043061492,7.639394010866,
    7.368896584375));
#4137 = CARTESIAN_POINT('',(-55.83601164426,7.507775386829,
    7.564209084375));
#4138 = CARTESIAN_POINT('',(-55.23881395382,7.449853728255,
    7.564209084375));
#4139 = DEFINITIONAL_REPRESENTATION('',(#4140),#4151);
#4140 = B_SPLINE_CURVE_WITH_KNOTS('',5,(#4141,#4142,#4143,#4144,#4145,
    #4146,#4147,#4148,#4149,#4150),.UNSPECIFIED.,.F.,.F.,(6,4,6),(0.,
    0.45150781192,1.),.UNSPECIFIED.);
#4141 = CARTESIAN_POINT('',(1.,-0.261264392452));
#4142 = CARTESIAN_POINT('',(0.910286250914,-0.259992866522));
#4143 = CARTESIAN_POINT('',(0.820064639759,-0.258830616899));
#4144 = CARTESIAN_POINT('',(0.729493628292,-0.257794260092));
#4145 = CARTESIAN_POINT('',(0.638744039035,-0.256897048606));
#4146 = CARTESIAN_POINT('',(0.437763967912,-0.25523603355));
#4147 = CARTESIAN_POINT('',(0.327528865813,-0.254542211806));
#4148 = CARTESIAN_POINT('',(0.217628882897,-0.254080398934));
#4149 = CARTESIAN_POINT('',(0.108363322482,-0.253853324405));
#4150 = CARTESIAN_POINT('',(0.,-0.253853324405));
#4151 = ( GEOMETRIC_REPRESENTATION_CONTEXT(2) 
PARAMETRIC_REPRESENTATION_CONTEXT() REPRESENTATION_CONTEXT('2D SPACE',''
  ) );
#4152 = ORIENTED_EDGE('',*,*,#4153,.T.);
#4153 = EDGE_CURVE('',#4103,#4154,#4156,.T.);
#4154 = VERTEX_POINT('',#4155);
#4155 = CARTESIAN_POINT('',(-55.55153056698,7.073008671409,
    6.414306740625));
#4156 = SURFACE_CURVE('',#4157,(#4176,#4198),.PCURVE_S1.);
#4157 = B_SPLINE_CURVE_WITH_KNOTS('',5,(#4158,#4159,#4160,#4161,#4162,
    #4163,#4164,#4165,#4166,#4167,#4168,#4169,#4170,#4171,#4172,#4173,
    #4174,#4175),.UNSPECIFIED.,.F.,.F.,(6,4,4,4,6),(0.,0.140694697044,
    0.422653307486,0.793226097635,1.),.UNSPECIFIED.);
#4158 = CARTESIAN_POINT('',(-55.47309831333,7.663900020172,
    7.127197365625));
#4159 = CARTESIAN_POINT('',(-55.47309831333,7.663900020172,
    7.102191427907));
#4160 = CARTESIAN_POINT('',(-55.47324963935,7.662804660449,
    7.077327028995));
#4161 = CARTESIAN_POINT('',(-55.47355822203,7.660571122177,
    7.052632246043));
#4162 = CARTESIAN_POINT('',(-55.47402887592,7.657162788056,
    7.028137835443));
#4163 = CARTESIAN_POINT('',(-55.47594072153,7.643303485536,
    6.955257875132));
#4164 = CARTESIAN_POINT('',(-55.47788191495,7.629217029771,
    6.907570416705));
#4165 = CARTESIAN_POINT('',(-55.48051748662,7.61005380903,6.861099977979
    ));
#4166 = CARTESIAN_POINT('',(-55.48385045727,7.585724400364,
    6.816124966679));
#4167 = CARTESIAN_POINT('',(-55.49309435068,7.517844967173,
    6.716063474881));
#4168 = CARTESIAN_POINT('',(-55.49948855853,7.470640847474,
    6.662217619131));
#4169 = CARTESIAN_POINT('',(-55.50694589731,7.415155134858,
    6.611925490436));
#4170 = CARTESIAN_POINT('',(-55.51529432736,7.352342746357,6.56536559742
    ));
#4171 = CARTESIAN_POINT('',(-55.52940312763,7.244784174419,
    6.498613340254));
#4172 = CARTESIAN_POINT('',(-55.53467741262,7.204316574509,6.47585784558
    ));
#4173 = CARTESIAN_POINT('',(-55.54014259063,7.162082300187,
    6.454244504732));
#4174 = CARTESIAN_POINT('',(-55.54576898511,7.118260233515,
    6.433741277993));
#4175 = CARTESIAN_POINT('',(-55.55153056698,7.073008671409,
    6.414306740625));
#4176 = PCURVE('',#2257,#4177);
#4177 = DEFINITIONAL_REPRESENTATION('',(#4178),#4197);
#4178 = B_SPLINE_CURVE_WITH_KNOTS('',5,(#4179,#4180,#4181,#4182,#4183,
    #4184,#4185,#4186,#4187,#4188,#4189,#4190,#4191,#4192,#4193,#4194,
    #4195,#4196),.UNSPECIFIED.,.F.,.F.,(6,4,4,4,6),(0.,0.140694697044,
    0.422653307486,0.793226097635,1.),.UNSPECIFIED.);
#4179 = CARTESIAN_POINT('',(-1.708082528388,-8.872802734375));
#4180 = CARTESIAN_POINT('',(-1.708082528388,-8.897808672093));
#4181 = CARTESIAN_POINT('',(-1.708062782614,-8.922673071005));
#4182 = CARTESIAN_POINT('',(-1.708022519147,-8.947367853957));
#4183 = CARTESIAN_POINT('',(-1.707961078491,-8.971862264557));
#4184 = CARTESIAN_POINT('',(-1.707711247285,-9.044742224868));
#4185 = CARTESIAN_POINT('',(-1.707457326211,-9.092429683295));
#4186 = CARTESIAN_POINT('',(-1.707111904602,-9.138900122021));
#4187 = CARTESIAN_POINT('',(-1.706673393219,-9.183875133321));
#4188 = CARTESIAN_POINT('',(-1.705450072444,-9.283936625119));
#4189 = CARTESIAN_POINT('',(-1.704599443593,-9.337782480869));
#4190 = CARTESIAN_POINT('',(-1.703599719381,-9.388074609564));
#4191 = CARTESIAN_POINT('',(-1.702468207537,-9.43463450258));
#4192 = CARTESIAN_POINT('',(-1.700531065153,-9.501386759746));
#4193 = CARTESIAN_POINT('',(-1.69980231789,-9.52414225442));
#4194 = CARTESIAN_POINT('',(-1.699041846789,-9.545755595268));
#4195 = CARTESIAN_POINT('',(-1.698252886837,-9.566258822007));
#4196 = CARTESIAN_POINT('',(-1.697438299702,-9.585693359375));
#4197 = ( GEOMETRIC_REPRESENTATION_CONTEXT(2) 
PARAMETRIC_REPRESENTATION_CONTEXT() REPRESENTATION_CONTEXT('2D SPACE',''
  ) );
#4198 = PCURVE('',#4199,#4206);
#4199 = B_SPLINE_SURFACE_WITH_KNOTS('',2,1,(
    (#4200,#4201)
    ,(#4202,#4203)
    ,(#4204,#4205
    )),.UNSPECIFIED.,.F.,.F.,.F.,(3,3),(2,2),(0.,1.),(-0.6,0.),
  .PIECEWISE_BEZIER_KNOTS.);
#4200 = CARTESIAN_POINT('',(-55.87513516039,7.104394785376,
    6.414306740625));
#4201 = CARTESIAN_POINT('',(-55.27793746995,7.046473126802,
    6.414306740625));
#4202 = CARTESIAN_POINT('',(-55.81762830536,7.69731566944,6.668212990625
    ));
#4203 = CARTESIAN_POINT('',(-55.22043061492,7.639394010866,
    6.668212990625));
#4204 = CARTESIAN_POINT('',(-55.81762830536,7.69731566944,7.127197365625
    ));
#4205 = CARTESIAN_POINT('',(-55.22043061492,7.639394010866,
    7.127197365625));
#4206 = DEFINITIONAL_REPRESENTATION('',(#4207),#4226);
#4207 = B_SPLINE_CURVE_WITH_KNOTS('',5,(#4208,#4209,#4210,#4211,#4212,
    #4213,#4214,#4215,#4216,#4217,#4218,#4219,#4220,#4221,#4222,#4223,
    #4224,#4225),.UNSPECIFIED.,.F.,.F.,(6,4,4,4,6),(0.,0.140694697044,
    0.422653307486,0.793226097635,1.),.UNSPECIFIED.);
#4208 = CARTESIAN_POINT('',(1.,-0.253853324405));
#4209 = CARTESIAN_POINT('',(0.972759489124,-0.253853324405));
#4210 = CARTESIAN_POINT('',(0.945258816706,-0.253898201906));
#4211 = CARTESIAN_POINT('',(0.917512371032,-0.253989726274));
#4212 = CARTESIAN_POINT('',(0.889539814325,-0.254129154692));
#4213 = CARTESIAN_POINT('',(0.804904635566,-0.25469414801));
#4214 = CARTESIAN_POINT('',(0.747627350509,-0.255266423594));
#4215 = CARTESIAN_POINT('',(0.689755673755,-0.256039743237));
#4216 = CARTESIAN_POINT('',(0.631559403338,-0.257008481017));
#4217 = CARTESIAN_POINT('',(0.496883916576,-0.259656385092));
#4218 = CARTESIAN_POINT('',(0.420374711783,-0.261463827182));
#4219 = CARTESIAN_POINT('',(0.344607003782,-0.263529962177));
#4220 = CARTESIAN_POINT('',(0.270137927749,-0.265775737881));
#4221 = CARTESIAN_POINT('',(0.156760904155,-0.269435357967));
#4222 = CARTESIAN_POINT('',(0.116675464911,-0.270778425158));
#4223 = CARTESIAN_POINT('',(7.716787862062E-02,-0.272140945931));
#4224 = CARTESIAN_POINT('',(3.827108897067E-02,-0.273510650942));
#4225 = CARTESIAN_POINT('',(0.,-0.274876914032));
#4226 = ( GEOMETRIC_REPRESENTATION_CONTEXT(2) 
PARAMETRIC_REPRESENTATION_CONTEXT() REPRESENTATION_CONTEXT('2D SPACE',''
  ) );
#4227 = ORIENTED_EDGE('',*,*,#4228,.T.);
#4228 = EDGE_CURVE('',#4154,#4229,#4231,.T.);
#4229 = VERTEX_POINT('',#4230);
#4230 = CARTESIAN_POINT('',(-55.74150604572,5.374430551602,
    6.160400490625));
#4231 = SURFACE_CURVE('',#4232,(#4251,#4273),.PCURVE_S1.);
#4232 = B_SPLINE_CURVE_WITH_KNOTS('',5,(#4233,#4234,#4235,#4236,#4237,
    #4238,#4239,#4240,#4241,#4242,#4243,#4244,#4245,#4246,#4247,#4248,
    #4249,#4250),.UNSPECIFIED.,.F.,.F.,(6,4,4,4,6),(0.,0.218984874545,
    0.455615989407,0.715214973087,1.),.UNSPECIFIED.);
#4233 = CARTESIAN_POINT('',(-55.55153056698,7.073008671409,
    6.414306740625));
#4234 = CARTESIAN_POINT('',(-55.5593561144,7.011546688636,6.387910188875
    ));
#4235 = CARTESIAN_POINT('',(-55.56741370352,6.947583882948,
    6.363648615794));
#4236 = CARTESIAN_POINT('',(-55.57564833391,6.881441883427,
    6.341456079619));
#4237 = CARTESIAN_POINT('',(-55.58401029936,6.813422171991,
    6.321225426198));
#4238 = CARTESIAN_POINT('',(-55.60158950571,6.668507510006,
    6.282977502795));
#4239 = CARTESIAN_POINT('',(-55.61082104713,6.591341670094,
    6.265270596935));
#4240 = CARTESIAN_POINT('',(-55.6201036853,6.512582117436,6.249574748814
    ));
#4241 = CARTESIAN_POINT('',(-55.62939707807,6.432485299408,
    6.235738732006));
#4242 = CARTESIAN_POINT('',(-55.64884521534,6.262114146023,
    6.210332075088));
#4243 = CARTESIAN_POINT('',(-55.65899537643,6.17161120179,6.199112318338
    ));
#4244 = CARTESIAN_POINT('',(-55.66908199625,6.079987354941,6.18977948376
    ));
#4245 = CARTESIAN_POINT('',(-55.67907485602,5.98743948468,6.182170311479
    ));
#4246 = CARTESIAN_POINT('',(-55.6997896717,5.791720902352,6.169530717418
    ));
#4247 = CARTESIAN_POINT('',(-55.71048768269,5.68839540317,6.164822400233
    ));
#4248 = CARTESIAN_POINT('',(-55.72101879092,5.58431845398,6.161830664206
    ));
#4249 = CARTESIAN_POINT('',(-55.73136294107,5.479630893073,
    6.160400490625));
#4250 = CARTESIAN_POINT('',(-55.74150604572,5.374430551602,
    6.160400490625));
#4251 = PCURVE('',#2257,#4252);
#4252 = DEFINITIONAL_REPRESENTATION('',(#4253),#4272);
#4253 = B_SPLINE_CURVE_WITH_KNOTS('',5,(#4254,#4255,#4256,#4257,#4258,
    #4259,#4260,#4261,#4262,#4263,#4264,#4265,#4266,#4267,#4268,#4269,
    #4270,#4271),.UNSPECIFIED.,.F.,.F.,(6,4,4,4,6),(0.,0.218984874545,
    0.455615989407,0.715214973087,1.),.UNSPECIFIED.);
#4254 = CARTESIAN_POINT('',(-1.697438299702,-9.585693359375));
#4255 = CARTESIAN_POINT('',(-1.696331903854,-9.612089911125));
#4256 = CARTESIAN_POINT('',(-1.695180684736,-9.636351484206));
#4257 = CARTESIAN_POINT('',(-1.693990460962,-9.658544020381));
#4258 = CARTESIAN_POINT('',(-1.692766680914,-9.678774673802));
#4259 = CARTESIAN_POINT('',(-1.690159948574,-9.717022597205));
#4260 = CARTESIAN_POINT('',(-1.688772163425,-9.734729503065));
#4261 = CARTESIAN_POINT('',(-1.687356011175,-9.750425351186));
#4262 = CARTESIAN_POINT('',(-1.685916117965,-9.764261367994));
#4263 = CARTESIAN_POINT('',(-1.682854018348,-9.789668024912));
#4264 = CARTESIAN_POINT('',(-1.68122776531,-9.800887781662));
#4265 = CARTESIAN_POINT('',(-1.679581745276,-9.81022061624));
#4266 = CARTESIAN_POINT('',(-1.677919502669,-9.817829788521));
#4267 = CARTESIAN_POINT('',(-1.674405007038,-9.830469382582));
#4268 = CARTESIAN_POINT('',(-1.672550050375,-9.835177699767));
#4269 = CARTESIAN_POINT('',(-1.670682050224,-9.838169435794));
#4270 = CARTESIAN_POINT('',(-1.668803531016,-9.839599609375));
#4271 = CARTESIAN_POINT('',(-1.666916241832,-9.839599609375));
#4272 = ( GEOMETRIC_REPRESENTATION_CONTEXT(2) 
PARAMETRIC_REPRESENTATION_CONTEXT() REPRESENTATION_CONTEXT('2D SPACE',''
  ) );
#4273 = PCURVE('',#4274,#4281);
#4274 = B_SPLINE_SURFACE_WITH_KNOTS('',2,1,(
    (#4275,#4276)
    ,(#4277,#4278)
    ,(#4279,#4280
    )),.UNSPECIFIED.,.F.,.F.,.F.,(3,3),(2,2),(0.,1.),(-0.6,0.),
  .PIECEWISE_BEZIER_KNOTS.);
#4275 = CARTESIAN_POINT('',(-56.04011384285,5.403392249126,
    6.160400490625));
#4276 = CARTESIAN_POINT('',(-55.44291615241,5.345470590552,
    6.160400490625));
#4277 = CARTESIAN_POINT('',(-55.93264201542,6.511473901312,
    6.160400490625));
#4278 = CARTESIAN_POINT('',(-55.33544432498,6.453552242737,
    6.160400490625));
#4279 = CARTESIAN_POINT('',(-55.87513516039,7.104394785376,
    6.414306740625));
#4280 = CARTESIAN_POINT('',(-55.27793746995,7.046473126802,
    6.414306740625));
#4281 = DEFINITIONAL_REPRESENTATION('',(#4282),#4301);
#4282 = B_SPLINE_CURVE_WITH_KNOTS('',5,(#4283,#4284,#4285,#4286,#4287,
    #4288,#4289,#4290,#4291,#4292,#4293,#4294,#4295,#4296,#4297,#4298,
    #4299,#4300),.UNSPECIFIED.,.F.,.F.,(6,4,4,4,6),(0.,0.218984874545,
    0.455615989407,0.715214973087,1.),.UNSPECIFIED.);
#4283 = CARTESIAN_POINT('',(1.,-0.274876914032));
#4284 = CARTESIAN_POINT('',(0.948019098092,-0.276732612146));
#4285 = CARTESIAN_POINT('',(0.89686481961,-0.278577848508));
#4286 = CARTESIAN_POINT('',(0.846622954504,-0.280388928405));
#4287 = CARTESIAN_POINT('',(0.797332326148,-0.282145481656));
#4288 = CARTESIAN_POINT('',(0.696772928192,-0.285653088089));
#4289 = CARTESIAN_POINT('',(0.645666588634,-0.287392224389));
#4290 = CARTESIAN_POINT('',(0.595686766695,-0.289028367987));
#4291 = CARTESIAN_POINT('',(0.546811399153,-0.290546121576));
#4292 = CARTESIAN_POINT('',(0.446547709082,-0.293456459713));
#4293 = CARTESIAN_POINT('',(0.395378631933,-0.294822413256));
#4294 = CARTESIAN_POINT('',(0.345438752204,-0.296016914736));
#4295 = CARTESIAN_POINT('',(0.296667922425,-0.297028892459));
#4296 = CARTESIAN_POINT('',(0.196706870626,-0.298753051088));
#4297 = CARTESIAN_POINT('',(0.145743386099,-0.29942645637));
#4298 = CARTESIAN_POINT('',(9.602278447325E-02,-0.299861196368));
#4299 = CARTESIAN_POINT('',(4.746697087604E-02,-0.300050905399));
#4300 = CARTESIAN_POINT('',(0.,-0.299991006084));
#4301 = ( GEOMETRIC_REPRESENTATION_CONTEXT(2) 
PARAMETRIC_REPRESENTATION_CONTEXT() REPRESENTATION_CONTEXT('2D SPACE',''
  ) );
#4302 = ORIENTED_EDGE('',*,*,#4303,.T.);
#4303 = EDGE_CURVE('',#4229,#4304,#4306,.T.);
#4304 = VERTEX_POINT('',#4305);
#4305 = CARTESIAN_POINT('',(-55.87421745937,3.751242901053,
    6.411865334375));
#4306 = SURFACE_CURVE('',#4307,(#4326,#4348),.PCURVE_S1.);
#4307 = B_SPLINE_CURVE_WITH_KNOTS('',5,(#4308,#4309,#4310,#4311,#4312,
    #4313,#4314,#4315,#4316,#4317,#4318,#4319,#4320,#4321,#4322,#4323,
    #4324,#4325),.UNSPECIFIED.,.F.,.F.,(6,4,4,4,6),(0.,0.279653329127,
    0.537205012096,0.775950718217,1.),.UNSPECIFIED.);
#4308 = CARTESIAN_POINT('',(-55.74150604572,5.374430551602,
    6.160400490625));
#4309 = CARTESIAN_POINT('',(-55.75098800593,5.27608734347,6.160400490625
    ));
#4310 = CARTESIAN_POINT('',(-55.76020758939,5.178195836641,
    6.161845857408));
#4311 = CARTESIAN_POINT('',(-55.76915965039,5.080850067826,
    6.164853894077));
#4312 = CARTESIAN_POINT('',(-55.7778379568,4.984179646219,6.169559872669
    ));
#4313 = CARTESIAN_POINT('',(-55.79396877075,4.800093517731,
    6.182155968073));
#4314 = CARTESIAN_POINT('',(-55.80146379389,4.712552681073,
    6.189764947953));
#4315 = CARTESIAN_POINT('',(-55.80871481103,4.625855747509,
    6.199063639124));
#4316 = CARTESIAN_POINT('',(-55.81571469815,4.540173082907,
    6.210184574266));
#4317 = CARTESIAN_POINT('',(-55.82870548416,4.377420786958,
    6.235393501373));
#4318 = CARTESIAN_POINT('',(-55.83473258215,4.300181037441,
    6.249205271311));
#4319 = CARTESIAN_POINT('',(-55.84053169492,4.224160777369,
    6.264811985285));
#4320 = CARTESIAN_POINT('',(-55.84609590342,4.149568517337,6.28232675099
    ));
#4321 = CARTESIAN_POINT('',(-55.85641410223,4.008205608805,
    6.320170216387));
#4322 = CARTESIAN_POINT('',(-55.86119684177,3.941236715856,
    6.340259182159));
#4323 = CARTESIAN_POINT('',(-55.86576159743,3.875934699452,
    6.362197568788));
#4324 = CARTESIAN_POINT('',(-55.87010307437,3.812526067239,
    6.386054741428));
#4325 = CARTESIAN_POINT('',(-55.87421745937,3.751242901053,
    6.411865334375));
#4326 = PCURVE('',#2257,#4327);
#4327 = DEFINITIONAL_REPRESENTATION('',(#4328),#4347);
#4328 = B_SPLINE_CURVE_WITH_KNOTS('',5,(#4329,#4330,#4331,#4332,#4333,
    #4334,#4335,#4336,#4337,#4338,#4339,#4340,#4341,#4342,#4343,#4344,
    #4345,#4346),.UNSPECIFIED.,.F.,.F.,(6,4,4,4,6),(0.,0.279653329127,
    0.537205012096,0.775950718217,1.),.UNSPECIFIED.);
#4329 = CARTESIAN_POINT('',(-1.666916241832,-9.839599609375));
#4330 = CARTESIAN_POINT('',(-1.665151969297,-9.839599609375));
#4331 = CARTESIAN_POINT('',(-1.663396175327,-9.838154242592));
#4332 = CARTESIAN_POINT('',(-1.661650528602,-9.835146205923));
#4333 = CARTESIAN_POINT('',(-1.659917333017,-9.830440227331));
#4334 = CARTESIAN_POINT('',(-1.656617484445,-9.817844131927));
#4335 = CARTESIAN_POINT('',(-1.655048539292,-9.810235152047));
#4336 = CARTESIAN_POINT('',(-1.653494978424,-9.800936460876));
#4337 = CARTESIAN_POINT('',(-1.651959836115,-9.789815525734));
#4338 = CARTESIAN_POINT('',(-1.649044301634,-9.764606598627));
#4339 = CARTESIAN_POINT('',(-1.647660829836,-9.750794828689));
#4340 = CARTESIAN_POINT('',(-1.646299383776,-9.735188114715));
#4341 = CARTESIAN_POINT('',(-1.644963680063,-9.71767334901));
#4342 = CARTESIAN_POINT('',(-1.642432626932,-9.679829883613));
#4343 = CARTESIAN_POINT('',(-1.641233709456,-9.659740917841));
#4344 = CARTESIAN_POINT('',(-1.640064758187,-9.637802531212));
#4345 = CARTESIAN_POINT('',(-1.638929811234,-9.613945358572));
#4346 = CARTESIAN_POINT('',(-1.637833005427,-9.588134765625));
#4347 = ( GEOMETRIC_REPRESENTATION_CONTEXT(2) 
PARAMETRIC_REPRESENTATION_CONTEXT() REPRESENTATION_CONTEXT('2D SPACE',''
  ) );
#4348 = PCURVE('',#4349,#4356);
#4349 = B_SPLINE_SURFACE_WITH_KNOTS('',2,1,(
    (#4350,#4351)
    ,(#4352,#4353)
    ,(#4354,#4355
    )),.UNSPECIFIED.,.F.,.F.,.F.,(3,3),(2,2),(0.,1.),(-0.6,0.),
  .PIECEWISE_BEZIER_KNOTS.);
#4350 = CARTESIAN_POINT('',(-56.19731495886,3.782579832443,
    6.411865334375));
#4351 = CARTESIAN_POINT('',(-55.60011726842,3.724658173869,
    6.411865334375));
#4352 = CARTESIAN_POINT('',(-56.13957242,4.37793072013,6.160400490625));
#4353 = CARTESIAN_POINT('',(-55.54237472956,4.320009061556,
    6.160400490625));
#4354 = CARTESIAN_POINT('',(-56.04011384285,5.403392249126,
    6.160400490625));
#4355 = CARTESIAN_POINT('',(-55.44291615241,5.345470590552,
    6.160400490625));
#4356 = DEFINITIONAL_REPRESENTATION('',(#4357),#4376);
#4357 = B_SPLINE_CURVE_WITH_KNOTS('',5,(#4358,#4359,#4360,#4361,#4362,
    #4363,#4364,#4365,#4366,#4367,#4368,#4369,#4370,#4371,#4372,#4373,
    #4374,#4375),.UNSPECIFIED.,.F.,.F.,(6,4,4,4,6),(0.,0.279653329127,
    0.537205012096,0.775950718217,1.),.UNSPECIFIED.);
#4358 = CARTESIAN_POINT('',(1.,-0.299991006084));
#4359 = CARTESIAN_POINT('',(0.95205192988,-0.299935011106));
#4360 = CARTESIAN_POINT('',(0.903128941301,-0.299661470291));
#4361 = CARTESIAN_POINT('',(0.853178870994,-0.299174339903));
#4362 = CARTESIAN_POINT('',(0.802151803911,-0.298479928895));
#4363 = CARTESIAN_POINT('',(0.701970013837,-0.296764447151));
#4364 = CARTESIAN_POINT('',(0.652987317587,-0.295773613903));
#4365 = CARTESIAN_POINT('',(0.603014514469,-0.294621381412));
#4366 = CARTESIAN_POINT('',(0.552023702943,-0.293317105377));
#4367 = CARTESIAN_POINT('',(0.451775348403,-0.290535746186));
#4368 = CARTESIAN_POINT('',(0.402664297885,-0.289078270514));
#4369 = CARTESIAN_POINT('',(0.352656052114,-0.287511599187));
#4370 = CARTESIAN_POINT('',(0.301757325397,-0.285848974272));
#4371 = CARTESIAN_POINT('',(0.201429239447,-0.28247235823));
#4372 = CARTESIAN_POINT('',(0.15210270537,-0.280767844316));
#4373 = CARTESIAN_POINT('',(0.102049181619,-0.279007278388));
#4374 = CARTESIAN_POINT('',(5.132047995614E-02,-0.277207256477));
#4375 = CARTESIAN_POINT('',(0.,-0.275386387461));
#4376 = ( GEOMETRIC_REPRESENTATION_CONTEXT(2) 
PARAMETRIC_REPRESENTATION_CONTEXT() REPRESENTATION_CONTEXT('2D SPACE',''
  ) );
#4377 = ORIENTED_EDGE('',*,*,#4378,.T.);
#4378 = EDGE_CURVE('',#4304,#4379,#4381,.T.);
#4379 = VERTEX_POINT('',#4380);
#4380 = CARTESIAN_POINT('',(-55.91760077982,3.03676193151,7.141845803125
    ));
#4381 = SURFACE_CURVE('',#4382,(#4401,#4423),.PCURVE_S1.);
#4382 = B_SPLINE_CURVE_WITH_KNOTS('',5,(#4383,#4384,#4385,#4386,#4387,
    #4388,#4389,#4390,#4391,#4392,#4393,#4394,#4395,#4396,#4397,#4398,
    #4399,#4400),.UNSPECIFIED.,.F.,.F.,(6,4,4,4,6),(0.,0.173511068511,
    0.521788125336,0.757960116758,1.),.UNSPECIFIED.);
#4383 = CARTESIAN_POINT('',(-55.87421745937,3.751242901053,
    6.411865334375));
#4384 = CARTESIAN_POINT('',(-55.87687840507,3.711608501776,
    6.428558129641));
#4385 = CARTESIAN_POINT('',(-55.87944160769,3.672904060097,
    6.446039751924));
#4386 = CARTESIAN_POINT('',(-55.88190542214,3.635203936216,
    6.464326475123));
#4387 = CARTESIAN_POINT('',(-55.88426847928,3.598582987106,
    6.483427561642));
#4388 = CARTESIAN_POINT('',(-55.89106845333,3.491927214225,
    6.543324718772));
#4389 = CARTESIAN_POINT('',(-55.89519760247,3.425377526308,
    6.586599718694));
#4390 = CARTESIAN_POINT('',(-55.89890660565,3.364098329325,6.63316938799
    ));
#4391 = CARTESIAN_POINT('',(-55.90219613912,3.308612375509,
    6.682914112022));
#4392 = CARTESIAN_POINT('',(-55.90702942866,3.225707151111,
    6.771197375247));
#4393 = CARTESIAN_POINT('',(-55.90879451847,3.194998645229,
    6.808193100365));
#4394 = CARTESIAN_POINT('',(-55.91037487301,3.167171493999,
    6.846416713209));
#4395 = CARTESIAN_POINT('',(-55.91177665824,3.142247392735,
    6.885755818166));
#4396 = CARTESIAN_POINT('',(-55.91426831666,3.09759760285,6.967415975704
    ));
#4397 = CARTESIAN_POINT('',(-55.91534963262,3.078015432981,
    7.009788808917));
#4398 = CARTESIAN_POINT('',(-55.91625913532,3.061416868241,
    7.053070680314));
#4399 = CARTESIAN_POINT('',(-55.91700640334,3.047706518998,
    7.097129834725));
#4400 = CARTESIAN_POINT('',(-55.91760077982,3.03676193151,7.141845803125
    ));
#4401 = PCURVE('',#2257,#4402);
#4402 = DEFINITIONAL_REPRESENTATION('',(#4403),#4422);
#4403 = B_SPLINE_CURVE_WITH_KNOTS('',5,(#4404,#4405,#4406,#4407,#4408,
    #4409,#4410,#4411,#4412,#4413,#4414,#4415,#4416,#4417,#4418,#4419,
    #4420,#4421),.UNSPECIFIED.,.F.,.F.,(6,4,4,4,6),(0.,0.173511068511,
    0.521788125336,0.757960116758,1.),.UNSPECIFIED.);
#4404 = CARTESIAN_POINT('',(-1.637833005427,-9.588134765625));
#4405 = CARTESIAN_POINT('',(-1.637123655013,-9.571441970359));
#4406 = CARTESIAN_POINT('',(-1.636430990605,-9.553960348076));
#4407 = CARTESIAN_POINT('',(-1.635756338301,-9.535673624877));
#4408 = CARTESIAN_POINT('',(-1.635101032943,-9.516572538358));
#4409 = CARTESIAN_POINT('',(-1.633192598594,-9.456675381228));
#4410 = CARTESIAN_POINT('',(-1.632001927768,-9.413400381306));
#4411 = CARTESIAN_POINT('',(-1.630905655141,-9.36683071201));
#4412 = CARTESIAN_POINT('',(-1.629913095258,-9.317085987978));
#4413 = CARTESIAN_POINT('',(-1.628430131101,-9.228802724753));
#4414 = CARTESIAN_POINT('',(-1.627880860003,-9.191806999635));
#4415 = CARTESIAN_POINT('',(-1.627383145997,-9.153583386791));
#4416 = CARTESIAN_POINT('',(-1.626937369435,-9.114244281834));
#4417 = CARTESIAN_POINT('',(-1.626138811244,-9.032584124296));
#4418 = CARTESIAN_POINT('',(-1.625788596982,-8.990211291083));
#4419 = CARTESIAN_POINT('',(-1.625491749431,-8.946929419686));
#4420 = CARTESIAN_POINT('',(-1.625246558389,-8.902870265275));
#4421 = CARTESIAN_POINT('',(-1.625050831331,-8.858154296875));
#4422 = ( GEOMETRIC_REPRESENTATION_CONTEXT(2) 
PARAMETRIC_REPRESENTATION_CONTEXT() REPRESENTATION_CONTEXT('2D SPACE',''
  ) );
#4423 = PCURVE('',#4424,#4431);
#4424 = B_SPLINE_SURFACE_WITH_KNOTS('',2,1,(
    (#4425,#4426)
    ,(#4427,#4428)
    ,(#4429,#4430
    )),.UNSPECIFIED.,.F.,.F.,.F.,(3,3),(2,2),(0.,1.),(-0.6,0.),
  .PIECEWISE_BEZIER_KNOTS.);
#4425 = CARTESIAN_POINT('',(-56.26637032166,3.070588770842,
    7.141845803125));
#4426 = CARTESIAN_POINT('',(-55.66917263122,3.012667112267,
    7.141845803125));
#4427 = CARTESIAN_POINT('',(-56.25505749772,3.187228944756,
    6.663330178125));
#4428 = CARTESIAN_POINT('',(-55.65785980728,3.129307286181,
    6.663330178125));
#4429 = CARTESIAN_POINT('',(-56.19731495886,3.782579832443,
    6.411865334375));
#4430 = CARTESIAN_POINT('',(-55.60011726842,3.724658173869,
    6.411865334375));
#4431 = DEFINITIONAL_REPRESENTATION('',(#4432),#4451);
#4432 = B_SPLINE_CURVE_WITH_KNOTS('',5,(#4433,#4434,#4435,#4436,#4437,
    #4438,#4439,#4440,#4441,#4442,#4443,#4444,#4445,#4446,#4447,#4448,
    #4449,#4450),.UNSPECIFIED.,.F.,.F.,(6,4,4,4,6),(0.,0.173511068511,
    0.521788125336,0.757960116758,1.),.UNSPECIFIED.);
#4433 = CARTESIAN_POINT('',(1.,-0.275386387461));
#4434 = CARTESIAN_POINT('',(0.966808888635,-0.274208754938));
#4435 = CARTESIAN_POINT('',(0.933292390423,-0.273023610317));
#4436 = CARTESIAN_POINT('',(0.899468058613,-0.271836494644));
#4437 = CARTESIAN_POINT('',(0.865360220369,-0.27065327157));
#4438 = CARTESIAN_POINT('',(0.762030978921,-0.267125354124));
#4439 = CARTESIAN_POINT('',(0.692034695443,-0.264810770846));
#4440 = CARTESIAN_POINT('',(0.621290016782,-0.262586796522));
#4441 = CARTESIAN_POINT('',(0.550139006427,-0.260504568715));
#4442 = CARTESIAN_POINT('',(0.430759325586,-0.257311937463));
#4443 = CARTESIAN_POINT('',(0.382518660223,-0.256104304072));
#4444 = CARTESIAN_POINT('',(0.334403886707,-0.254990952959));
#4445 = CARTESIAN_POINT('',(0.286529561151,-0.253980115656));
#4446 = CARTESIAN_POINT('',(0.190289073506,-0.252149820271));
#4447 = CARTESIAN_POINT('',(0.141937939783,-0.251335699659));
#4448 = CARTESIAN_POINT('',(9.405578511309E-02,-0.250638593851));
#4449 = CARTESIAN_POINT('',(4.672362412425E-02,-0.250058828125));
#4450 = CARTESIAN_POINT('',(0.,-0.249593880793));
#4451 = ( GEOMETRIC_REPRESENTATION_CONTEXT(2) 
PARAMETRIC_REPRESENTATION_CONTEXT() REPRESENTATION_CONTEXT('2D SPACE',''
  ) );
#4452 = ORIENTED_EDGE('',*,*,#4453,.T.);
#4453 = EDGE_CURVE('',#4379,#4454,#4456,.T.);
#4454 = VERTEX_POINT('',#4455);
#4455 = CARTESIAN_POINT('',(-55.82559932986,4.416158903589,
    7.180908303125));
#4456 = SURFACE_CURVE('',#4457,(#4463,#4472),.PCURVE_S1.);
#4457 = B_SPLINE_CURVE_WITH_KNOTS('',4,(#4458,#4459,#4460,#4461,#4462),
  .UNSPECIFIED.,.F.,.F.,(5,5),(0.,1.),.PIECEWISE_BEZIER_KNOTS.);
#4458 = CARTESIAN_POINT('',(-55.91760077982,3.03676193151,7.141845803125
    ));
#4459 = CARTESIAN_POINT('',(-55.89886302252,3.381790766739,7.15160484885
    ));
#4460 = CARTESIAN_POINT('',(-55.8772827914,3.726737170248,7.161369332161
    ));
#4461 = CARTESIAN_POINT('',(-55.85286045767,4.071545217404,
    7.171137678521));
#4462 = CARTESIAN_POINT('',(-55.82559932986,4.416158903589,
    7.180908303125));
#4463 = PCURVE('',#2257,#4464);
#4464 = DEFINITIONAL_REPRESENTATION('',(#4465),#4471);
#4465 = B_SPLINE_CURVE_WITH_KNOTS('',4,(#4466,#4467,#4468,#4469,#4470),
  .UNSPECIFIED.,.F.,.F.,(5,5),(0.,1.),.PIECEWISE_BEZIER_KNOTS.);
#4466 = CARTESIAN_POINT('',(-1.625050831331,-8.858154296875));
#4467 = CARTESIAN_POINT('',(-1.631221139614,-8.84839525115));
#4468 = CARTESIAN_POINT('',(-1.637392730547,-8.838630767839));
#4469 = CARTESIAN_POINT('',(-1.643565233307,-8.828862421479));
#4470 = CARTESIAN_POINT('',(-1.649738273817,-8.819091796875));
#4471 = ( GEOMETRIC_REPRESENTATION_CONTEXT(2) 
PARAMETRIC_REPRESENTATION_CONTEXT() REPRESENTATION_CONTEXT('2D SPACE',''
  ) );
#4472 = PCURVE('',#4473,#4478);
#4473 = B_SPLINE_SURFACE_WITH_KNOTS('',1,1,(
    (#4474,#4475)
    ,(#4476,#4477
    )),.UNSPECIFIED.,.F.,.F.,.F.,(2,2),(2,2),(0.,0.69202132803),(-0.6,0.
    ),.PIECEWISE_BEZIER_KNOTS.);
#4474 = CARTESIAN_POINT('',(-56.1329732727,4.44597082158,7.180908303125)
  );
#4475 = CARTESIAN_POINT('',(-55.53577558226,4.388049163006,
    7.180908303125));
#4476 = CARTESIAN_POINT('',(-56.26637032166,3.070588770842,
    7.141845803125));
#4477 = CARTESIAN_POINT('',(-55.66917263122,3.012667112267,
    7.141845803125));
#4478 = DEFINITIONAL_REPRESENTATION('',(#4479),#4485);
#4479 = B_SPLINE_CURVE_WITH_KNOTS('',4,(#4480,#4481,#4482,#4483,#4484),
  .UNSPECIFIED.,.F.,.F.,(5,5),(0.,1.),.PIECEWISE_BEZIER_KNOTS.);
#4480 = CARTESIAN_POINT('',(0.69202132803,-0.249593880793));
#4481 = CARTESIAN_POINT('',(0.519132552785,-0.26425137581));
#4482 = CARTESIAN_POINT('',(0.346147446647,-0.276071715188));
#4483 = CARTESIAN_POINT('',(0.173093903724,-0.28504986966));
#4484 = CARTESIAN_POINT('',(0.,-0.291183725831));
#4485 = ( GEOMETRIC_REPRESENTATION_CONTEXT(2) 
PARAMETRIC_REPRESENTATION_CONTEXT() REPRESENTATION_CONTEXT('2D SPACE',''
  ) );
#4486 = ORIENTED_EDGE('',*,*,#4487,.T.);
#4487 = EDGE_CURVE('',#4454,#4488,#4490,.T.);
#4488 = VERTEX_POINT('',#4489);
#4489 = CARTESIAN_POINT('',(-55.80111281412,4.71548605188,6.82568369375)
  );
#4490 = SURFACE_CURVE('',#4491,(#4502,#4516),.PCURVE_S1.);
#4491 = B_SPLINE_CURVE_WITH_KNOTS('',5,(#4492,#4493,#4494,#4495,#4496,
    #4497,#4498,#4499,#4500,#4501),.UNSPECIFIED.,.F.,.F.,(6,4,6),(0.,
    0.820544085449,1.),.UNSPECIFIED.);
#4492 = CARTESIAN_POINT('',(-55.82559932986,4.416158903589,
    7.180908303125));
#4493 = CARTESIAN_POINT('',(-55.82389550331,4.437697335517,
    7.106071704588));
#4494 = CARTESIAN_POINT('',(-55.8213338759,4.469944276621,7.036785374635
    ));
#4495 = CARTESIAN_POINT('',(-55.8178259477,4.513774269599,6.974193056027
    ));
#4496 = CARTESIAN_POINT('',(-55.81328794787,4.569619891961,
    6.919336376943));
#4497 = CARTESIAN_POINT('',(-55.80649070991,4.651431143043,
    6.862508300309));
#4498 = CARTESIAN_POINT('',(-55.80522112456,4.666653318601,
    6.852702992454));
#4499 = CARTESIAN_POINT('',(-55.80390160737,4.682409299744,
    6.843295228155));
#4500 = CARTESIAN_POINT('',(-55.80253213547,4.698690389674,
    6.834288223506));
#4501 = CARTESIAN_POINT('',(-55.80111281412,4.71548605188,6.82568369375)
  );
#4502 = PCURVE('',#2257,#4503);
#4503 = DEFINITIONAL_REPRESENTATION('',(#4504),#4515);
#4504 = B_SPLINE_CURVE_WITH_KNOTS('',5,(#4505,#4506,#4507,#4508,#4509,
    #4510,#4511,#4512,#4513,#4514),.UNSPECIFIED.,.F.,.F.,(6,4,6),(0.,
    0.820544085449,1.),.UNSPECIFIED.);
#4505 = CARTESIAN_POINT('',(-1.649738273817,-8.819091796875));
#4506 = CARTESIAN_POINT('',(-1.65012409022,-8.893928395412));
#4507 = CARTESIAN_POINT('',(-1.650701742417,-8.963214725365));
#4508 = CARTESIAN_POINT('',(-1.651486923524,-9.025807043973));
#4509 = CARTESIAN_POINT('',(-1.65248745222,-9.080663723057));
#4510 = CARTESIAN_POINT('',(-1.653953401107,-9.137491799691));
#4511 = CARTESIAN_POINT('',(-1.654226169448,-9.147297107546));
#4512 = CARTESIAN_POINT('',(-1.654508511164,-9.156704871846));
#4513 = CARTESIAN_POINT('',(-1.65480027158,-9.165711876494));
#4514 = CARTESIAN_POINT('',(-1.655101263107,-9.17431640625));
#4515 = ( GEOMETRIC_REPRESENTATION_CONTEXT(2) 
PARAMETRIC_REPRESENTATION_CONTEXT() REPRESENTATION_CONTEXT('2D SPACE',''
  ) );
#4516 = PCURVE('',#4517,#4524);
#4517 = B_SPLINE_SURFACE_WITH_KNOTS('',2,1,(
    (#4518,#4519)
    ,(#4520,#4521)
    ,(#4522,#4523
    )),.UNSPECIFIED.,.F.,.F.,.F.,(3,3),(2,2),(0.,1.),(-0.6,0.),
  .PIECEWISE_BEZIER_KNOTS.);
#4518 = CARTESIAN_POINT('',(-56.10398416135,4.744861267236,6.82568369375
    ));
#4519 = CARTESIAN_POINT('',(-55.50678647091,4.686939608661,6.82568369375
    ));
#4520 = CARTESIAN_POINT('',(-56.1263741254,4.51401092303,6.944091896875)
  );
#4521 = CARTESIAN_POINT('',(-55.52917643496,4.456089264456,
    6.944091896875));
#4522 = CARTESIAN_POINT('',(-56.1329732727,4.44597082158,7.180908303125)
  );
#4523 = CARTESIAN_POINT('',(-55.53577558226,4.388049163006,
    7.180908303125));
#4524 = DEFINITIONAL_REPRESENTATION('',(#4525),#4536);
#4525 = B_SPLINE_CURVE_WITH_KNOTS('',5,(#4526,#4527,#4528,#4529,#4530,
    #4531,#4532,#4533,#4534,#4535),.UNSPECIFIED.,.F.,.F.,(6,4,6),(0.,
    0.820544085449,1.),.UNSPECIFIED.);
#4526 = CARTESIAN_POINT('',(1.,-0.291183725831));
#4527 = CARTESIAN_POINT('',(0.841994480615,-0.291567093204));
#4528 = CARTESIAN_POINT('',(0.680102916223,-0.292130423767));
#4529 = CARTESIAN_POINT('',(0.51521152725,-0.29287005588));
#4530 = CARTESIAN_POINT('',(0.348584898337,-0.293744369306));
#4531 = CARTESIAN_POINT('',(0.145567296989,-0.294876616878));
#4532 = CARTESIAN_POINT('',(0.109134239435,-0.295082450568));
#4533 = CARTESIAN_POINT('',(7.271768120147E-02,-0.29529011714));
#4534 = CARTESIAN_POINT('',(3.633417925935E-02,-0.295498754266));
#4535 = CARTESIAN_POINT('',(0.,-0.295707449563));
#4536 = ( GEOMETRIC_REPRESENTATION_CONTEXT(2) 
PARAMETRIC_REPRESENTATION_CONTEXT() REPRESENTATION_CONTEXT('2D SPACE',''
  ) );
#4537 = ORIENTED_EDGE('',*,*,#4538,.T.);
#4538 = EDGE_CURVE('',#4488,#4539,#4541,.T.);
#4539 = VERTEX_POINT('',#4540);
#4540 = CARTESIAN_POINT('',(-55.74056797175,5.384151018195,
    6.707275490625));
#4541 = SURFACE_CURVE('',#4542,(#4561,#4583),.PCURVE_S1.);
#4542 = B_SPLINE_CURVE_WITH_KNOTS('',5,(#4543,#4544,#4545,#4546,#4547,
    #4548,#4549,#4550,#4551,#4552,#4553,#4554,#4555,#4556,#4557,#4558,
    #4559,#4560),.UNSPECIFIED.,.F.,.F.,(6,4,4,4,6),(0.,0.282770690042,
    0.512366371663,0.751449360853,1.),.UNSPECIFIED.);
#4543 = CARTESIAN_POINT('',(-55.80111281412,4.71548605188,6.82568369375)
  );
#4544 = CARTESIAN_POINT('',(-55.79876453128,4.743274660308,
    6.811447404334));
#4545 = CARTESIAN_POINT('',(-55.79625175452,4.772803665021,6.79834558618
    ));
#4546 = CARTESIAN_POINT('',(-55.79357661729,4.803996101722,
    6.786380565792));
#4547 = CARTESIAN_POINT('',(-55.79074238492,4.836759784661,
    6.775538152055));
#4548 = CARTESIAN_POINT('',(-55.78532593293,4.898794667618,6.75788203616
    ));
#4549 = CARTESIAN_POINT('',(-55.78279652109,4.927564376719,
    6.750694206366));
#4550 = CARTESIAN_POINT('',(-55.78016701126,4.957252573911,
    6.744216731802));
#4551 = CARTESIAN_POINT('',(-55.7774397054,4.987806303012,6.738432444406
    ));
#4552 = CARTESIAN_POINT('',(-55.77167775999,5.051834845056,
    6.727997682357));
#4553 = CARTESIAN_POINT('',(-55.76863505681,5.085378496391,
    6.723404164847));
#4554 = CARTESIAN_POINT('',(-55.76549168067,5.119743974083,
    6.719516804397));
#4555 = CARTESIAN_POINT('',(-55.76225032845,5.154874793711,
    6.716310636009));
#4556 = CARTESIAN_POINT('',(-55.75544484967,5.227979543603,
    6.711106421298));
#4557 = CARTESIAN_POINT('',(-55.75187301369,5.266011092802,
    6.709161444433));
#4558 = CARTESIAN_POINT('',(-55.74820110376,5.304752442967,
    6.707894335021));
#4559 = CARTESIAN_POINT('',(-55.74443189316,5.344148950356,
    6.707275490625));
#4560 = CARTESIAN_POINT('',(-55.74056797175,5.384151018195,
    6.707275490625));
#4561 = PCURVE('',#2257,#4562);
#4562 = DEFINITIONAL_REPRESENTATION('',(#4563),#4582);
#4563 = B_SPLINE_CURVE_WITH_KNOTS('',5,(#4564,#4565,#4566,#4567,#4568,
    #4569,#4570,#4571,#4572,#4573,#4574,#4575,#4576,#4577,#4578,#4579,
    #4580,#4581),.UNSPECIFIED.,.F.,.F.,(6,4,4,4,6),(0.,0.282770690042,
    0.512366371663,0.751449360853,1.),.UNSPECIFIED.);
#4564 = CARTESIAN_POINT('',(-1.655101263107,-9.17431640625));
#4565 = CARTESIAN_POINT('',(-1.655599256911,-9.188552695666));
#4566 = CARTESIAN_POINT('',(-1.656128466187,-9.201654513821));
#4567 = CARTESIAN_POINT('',(-1.6566875185,-9.213619534208));
#4568 = CARTESIAN_POINT('',(-1.65727476907,-9.224461947945));
#4569 = CARTESIAN_POINT('',(-1.65838674938,-9.24211806384));
#4570 = CARTESIAN_POINT('',(-1.658902475842,-9.249305893634));
#4571 = CARTESIAN_POINT('',(-1.659434697447,-9.255783368198));
#4572 = CARTESIAN_POINT('',(-1.659982468927,-9.261567655594));
#4573 = CARTESIAN_POINT('',(-1.661130456047,-9.272002417643));
#4574 = CARTESIAN_POINT('',(-1.661731908904,-9.276595935153));
#4575 = CARTESIAN_POINT('',(-1.662348139714,-9.280483295603));
#4576 = CARTESIAN_POINT('',(-1.662978140122,-9.283689463991));
#4577 = CARTESIAN_POINT('',(-1.66428922646,-9.288893678702));
#4578 = CARTESIAN_POINT('',(-1.664971349628,-9.290838655567));
#4579 = CARTESIAN_POINT('',(-1.665666259515,-9.292105764979));
#4580 = CARTESIAN_POINT('',(-1.666372980717,-9.292724609375));
#4581 = CARTESIAN_POINT('',(-1.667090628013,-9.292724609375));
#4582 = ( GEOMETRIC_REPRESENTATION_CONTEXT(2) 
PARAMETRIC_REPRESENTATION_CONTEXT() REPRESENTATION_CONTEXT('2D SPACE',''
  ) );
#4583 = PCURVE('',#4584,#4591);
#4584 = B_SPLINE_SURFACE_WITH_KNOTS('',2,1,(
    (#4585,#4586)
    ,(#4587,#4588)
    ,(#4589,#4590
    )),.UNSPECIFIED.,.F.,.F.,.F.,(3,3),(2,2),(0.,1.),(-0.6,0.),
  .PIECEWISE_BEZIER_KNOTS.);
#4585 = CARTESIAN_POINT('',(-56.03917110753,5.413112263619,
    6.707275490625));
#4586 = CARTESIAN_POINT('',(-55.44197341709,5.355190605045,
    6.707275490625));
#4587 = CARTESIAN_POINT('',(-56.0815941973,4.975711611441,6.707275490625
    ));
#4588 = CARTESIAN_POINT('',(-55.48439650686,4.917789952867,
    6.707275490625));
#4589 = CARTESIAN_POINT('',(-56.10398416135,4.744861267236,6.82568369375
    ));
#4590 = CARTESIAN_POINT('',(-55.50678647091,4.686939608661,6.82568369375
    ));
#4591 = DEFINITIONAL_REPRESENTATION('',(#4592),#4611);
#4592 = B_SPLINE_CURVE_WITH_KNOTS('',5,(#4593,#4594,#4595,#4596,#4597,
    #4598,#4599,#4600,#4601,#4602,#4603,#4604,#4605,#4606,#4607,#4608,
    #4609,#4610),.UNSPECIFIED.,.F.,.F.,(6,4,4,4,6),(0.,0.282770690042,
    0.512366371663,0.751449360853,1.),.UNSPECIFIED.);
#4593 = CARTESIAN_POINT('',(1.,-0.295707449563));
#4594 = CARTESIAN_POINT('',(0.939884699539,-0.296052738236));
#4595 = CARTESIAN_POINT('',(0.88004258096,-0.296402312319));
#4596 = CARTESIAN_POINT('',(0.820565677029,-0.296750865475));
#4597 = CARTESIAN_POINT('',(0.761530445713,-0.297092748529));
#4598 = CARTESIAN_POINT('',(0.655476199931,-0.297690199682));
#4599 = CARTESIAN_POINT('',(0.608284879197,-0.297949916939));
#4600 = CARTESIAN_POINT('',(0.561458888802,-0.298198670981));
#4601 = CARTESIAN_POINT('',(0.515024218682,-0.298433640829));
#4602 = CARTESIAN_POINT('',(0.421073972287,-0.298879672262));
#4603 = CARTESIAN_POINT('',(0.37359312837,-0.29908935327));
#4604 = CARTESIAN_POINT('',(0.326578646218,-0.299278167428));
#4605 = CARTESIAN_POINT('',(0.280045007312,-0.299443346229));
#4606 = CARTESIAN_POINT('',(0.186131605256,-0.29972689982));
#4607 = CARTESIAN_POINT('',(0.138791566782,-0.299843163503));
#4608 = CARTESIAN_POINT('',(9.198840985208E-02,-0.299928342043));
#4609 = CARTESIAN_POINT('',(4.57252925879E-02,-0.299979920689));
#4610 = CARTESIAN_POINT('',(0.,-0.299995689307));
#4611 = ( GEOMETRIC_REPRESENTATION_CONTEXT(2) 
PARAMETRIC_REPRESENTATION_CONTEXT() REPRESENTATION_CONTEXT('2D SPACE',''
  ) );
#4612 = ORIENTED_EDGE('',*,*,#4613,.T.);
#4613 = EDGE_CURVE('',#4539,#4614,#4616,.T.);
#4614 = VERTEX_POINT('',#4615);
#4615 = CARTESIAN_POINT('',(-55.64646572979,6.282583209341,
    7.156494240625));
#4616 = SURFACE_CURVE('',#4617,(#4650,#4686),.PCURVE_S1.);
#4617 = B_SPLINE_CURVE_WITH_KNOTS('',6,(#4618,#4619,#4620,#4621,#4622,
    #4623,#4624,#4625,#4626,#4627,#4628,#4629,#4630,#4631,#4632,#4633,
    #4634,#4635,#4636,#4637,#4638,#4639,#4640,#4641,#4642,#4643,#4644,
    #4645,#4646,#4647,#4648,#4649),.UNSPECIFIED.,.F.,.F.,(7,5,5,5,5,5,7)
  ,(0.,0.35344781393,0.478463205666,0.548587611042,0.691398614745,
    0.888205211557,1.),.UNSPECIFIED.);
#4618 = CARTESIAN_POINT('',(-55.74056797175,5.384151018195,
    6.707275490625));
#4619 = CARTESIAN_POINT('',(-55.73258531277,5.466793192187,
    6.707275490625));
#4620 = CARTESIAN_POINT('',(-55.72456381297,5.54830098963,6.70955236544)
  );
#4621 = CARTESIAN_POINT('',(-55.71653368278,5.628440397446,
    6.714462065958));
#4622 = CARTESIAN_POINT('',(-55.70855755338,5.706666212227,
    6.722469333655));
#4623 = CARTESIAN_POINT('',(-55.70073859242,5.782118616501,
    6.734151849065));
#4624 = CARTESIAN_POINT('',(-55.69055885473,5.878971161972,
    6.755798966148));
#4625 = CARTESIAN_POINT('',(-55.68793723932,5.903781137955,
    6.761992388378));
#4626 = CARTESIAN_POINT('',(-55.68536060219,5.928040139468,
    6.768749230567));
#4627 = CARTESIAN_POINT('',(-55.68283674554,5.951685362496,
    6.776094845601));
#4628 = CARTESIAN_POINT('',(-55.68037421857,5.974648600275,
    6.784051444419));
#4629 = CARTESIAN_POINT('',(-55.67664020478,6.009317142267,
    6.797450789788));
#4630 = CARTESIAN_POINT('',(-55.6753205027,6.021538524222,6.802463317201
    ));
#4631 = CARTESIAN_POINT('',(-55.67402455322,6.03351020468,6.80767622965)
  );
#4632 = CARTESIAN_POINT('',(-55.67275398409,6.045219441636,
    6.813091733693));
#4633 = CARTESIAN_POINT('',(-55.6715104315,6.05665353065,6.818711266946)
  );
#4634 = CARTESIAN_POINT('',(-55.66782136797,6.090499613795,
    6.836396765062));
#4635 = CARTESIAN_POINT('',(-55.66546578632,6.112008274782,
    6.849108083781));
#4636 = CARTESIAN_POINT('',(-55.66324303702,6.132215385958,
    6.862672215077));
#4637 = CARTESIAN_POINT('',(-55.66116606172,6.151024090289,
    6.877077933814));
#4638 = CARTESIAN_POINT('',(-55.65924555941,6.168357703199,6.8922960354)
  );
#4639 = CARTESIAN_POINT('',(-55.6550684053,6.205952084832,6.930296285584
    ));
#4640 = CARTESIAN_POINT('',(-55.65295835396,6.224849074724,
    6.953770491588));
#4641 = CARTESIAN_POINT('',(-55.65117961285,6.240718304365,
    6.978560471417));
#4642 = CARTESIAN_POINT('',(-55.64973557358,6.25356693252,7.004494751391
    ));
#4643 = CARTESIAN_POINT('',(-55.64861703347,6.263503380692,
    7.031385277911));
#4644 = CARTESIAN_POINT('',(-55.64734676002,6.274776128101,
    7.074756658019));
#4645 = CARTESIAN_POINT('',(-55.64698603283,6.277974084892,
    7.090719490083));
#4646 = CARTESIAN_POINT('',(-55.64672159595,6.280316937409,
    7.106902134378));
#4647 = CARTESIAN_POINT('',(-55.64654958019,6.281840523904,7.12327562411
    ));
#4648 = CARTESIAN_POINT('',(-55.64646572979,6.282583209341,
    7.139813856692));
#4649 = CARTESIAN_POINT('',(-55.64646572979,6.282583209341,
    7.156494240625));
#4650 = PCURVE('',#2257,#4651);
#4651 = DEFINITIONAL_REPRESENTATION('',(#4652),#4685);
#4652 = B_SPLINE_CURVE_WITH_KNOTS('',6,(#4653,#4654,#4655,#4656,#4657,
    #4658,#4659,#4660,#4661,#4662,#4663,#4664,#4665,#4666,#4667,#4668,
    #4669,#4670,#4671,#4672,#4673,#4674,#4675,#4676,#4677,#4678,#4679,
    #4680,#4681,#4682,#4683,#4684),.UNSPECIFIED.,.F.,.F.,(7,5,5,5,5,5,7)
  ,(0.,0.35344781393,0.478463205666,0.548587611042,0.691398614745,
    0.888205211557,1.),.UNSPECIFIED.);
#4653 = CARTESIAN_POINT('',(-1.667090628013,-9.292724609375));
#4654 = CARTESIAN_POINT('',(-1.668573249683,-9.292724609375));
#4655 = CARTESIAN_POINT('',(-1.670035775163,-9.29044773456));
#4656 = CARTESIAN_POINT('',(-1.671473998973,-9.285538034042));
#4657 = CARTESIAN_POINT('',(-1.672878128086,-9.277530766345));
#4658 = CARTESIAN_POINT('',(-1.674232706161,-9.265848250935));
#4659 = CARTESIAN_POINT('',(-1.675971742758,-9.244201133852));
#4660 = CARTESIAN_POINT('',(-1.676417244504,-9.238007711622));
#4661 = CARTESIAN_POINT('',(-1.676852877532,-9.231250869433));
#4662 = CARTESIAN_POINT('',(-1.677277512058,-9.223905254399));
#4663 = CARTESIAN_POINT('',(-1.677689920912,-9.215948655581));
#4664 = CARTESIAN_POINT('',(-1.678312582523,-9.202549310212));
#4665 = CARTESIAN_POINT('',(-1.678532090161,-9.197536782799));
#4666 = CARTESIAN_POINT('',(-1.678747119083,-9.19232387035));
#4667 = CARTESIAN_POINT('',(-1.678957439965,-9.186908366307));
#4668 = CARTESIAN_POINT('',(-1.67916282413,-9.181288833054));
#4669 = CARTESIAN_POINT('',(-1.679770797967,-9.163603334938));
#4670 = CARTESIAN_POINT('',(-1.680157177658,-9.150892016219));
#4671 = CARTESIAN_POINT('',(-1.680520195335,-9.137327884923));
#4672 = CARTESIAN_POINT('',(-1.680858106605,-9.122922166186));
#4673 = CARTESIAN_POINT('',(-1.681169529461,-9.1077040646));
#4674 = CARTESIAN_POINT('',(-1.681844988995,-9.069703814416));
#4675 = CARTESIAN_POINT('',(-1.682184532337,-9.046229608412));
#4676 = CARTESIAN_POINT('',(-1.682469685984,-9.021439628583));
#4677 = CARTESIAN_POINT('',(-1.682700570272,-8.995505348609));
#4678 = CARTESIAN_POINT('',(-1.682879127532,-8.968614822089));
#4679 = CARTESIAN_POINT('',(-1.683081700607,-8.925243441981));
#4680 = CARTESIAN_POINT('',(-1.683139169131,-8.909280609917));
#4681 = CARTESIAN_POINT('',(-1.68318127143,-8.893097965622));
#4682 = CARTESIAN_POINT('',(-1.683208651184,-8.87672447589));
#4683 = CARTESIAN_POINT('',(-1.683221997681,-8.860186243308));
#4684 = CARTESIAN_POINT('',(-1.683221997681,-8.843505859375));
#4685 = ( GEOMETRIC_REPRESENTATION_CONTEXT(2) 
PARAMETRIC_REPRESENTATION_CONTEXT() REPRESENTATION_CONTEXT('2D SPACE',''
  ) );
#4686 = PCURVE('',#4687,#4694);
#4687 = B_SPLINE_SURFACE_WITH_KNOTS('',2,1,(
    (#4688,#4689)
    ,(#4690,#4691)
    ,(#4692,#4693
    )),.UNSPECIFIED.,.F.,.F.,.F.,(3,3),(2,2),(0.,1.),(-0.6,0.),
  .PIECEWISE_BEZIER_KNOTS.);
#4688 = CARTESIAN_POINT('',(-55.95196808965,6.312213604208,
    7.156494240625));
#4689 = CARTESIAN_POINT('',(-55.35477039921,6.254291945634,
    7.156494240625));
#4690 = CARTESIAN_POINT('',(-55.95196808965,6.312213604208,
    6.707275490625));
#4691 = CARTESIAN_POINT('',(-55.35477039921,6.254291945634,
    6.707275490625));
#4692 = CARTESIAN_POINT('',(-56.03917110753,5.413112263619,
    6.707275490625));
#4693 = CARTESIAN_POINT('',(-55.44197341709,5.355190605045,
    6.707275490625));
#4694 = DEFINITIONAL_REPRESENTATION('',(#4695),#4728);
#4695 = B_SPLINE_CURVE_WITH_KNOTS('',6,(#4696,#4697,#4698,#4699,#4700,
    #4701,#4702,#4703,#4704,#4705,#4706,#4707,#4708,#4709,#4710,#4711,
    #4712,#4713,#4714,#4715,#4716,#4717,#4718,#4719,#4720,#4721,#4722,
    #4723,#4724,#4725,#4726,#4727),.UNSPECIFIED.,.F.,.F.,(7,5,5,5,5,5,7)
  ,(0.,0.35344781393,0.478463205666,0.548587611042,0.691398614745,
    0.888205211557,1.),.UNSPECIFIED.);
#4696 = CARTESIAN_POINT('',(1.,-0.299995689307));
#4697 = CARTESIAN_POINT('',(0.954043540259,-0.300028266443));
#4698 = CARTESIAN_POINT('',(0.9061757046,-0.299912675879));
#4699 = CARTESIAN_POINT('',(0.856130842903,-0.299656396236));
#4700 = CARTESIAN_POINT('',(0.803695392337,-0.299269134371));
#4701 = CARTESIAN_POINT('',(0.748705579805,-0.298770572652));
#4702 = CARTESIAN_POINT('',(0.670708642709,-0.297988146372));
#4703 = CARTESIAN_POINT('',(0.650006492616,-0.29777383353));
#4704 = CARTESIAN_POINT('',(0.628983182423,-0.297551099955));
#4705 = CARTESIAN_POINT('',(0.607645510677,-0.297321648579));
#4706 = CARTESIAN_POINT('',(0.586006789494,-0.297087404244));
#4707 = CARTESIAN_POINT('',(0.551793330506,-0.296717595984));
#4708 = CARTESIAN_POINT('',(0.539410547126,-0.296583862109));
#4709 = CARTESIAN_POINT('',(0.526943563313,-0.296449664699));
#4710 = CARTESIAN_POINT('',(0.514397029978,-0.296315393818));
#4711 = CARTESIAN_POINT('',(0.501776433659,-0.296181451597));
#4712 = CARTESIAN_POINT('',(0.463247818054,-0.295776986689));
#4713 = CARTESIAN_POINT('',(0.437123968963,-0.295508769016));
#4714 = CARTESIAN_POINT('',(0.410775060813,-0.295247116754));
#4715 = CARTESIAN_POINT('',(0.384267640478,-0.294995560916));
#4716 = CARTESIAN_POINT('',(0.357677033332,-0.294757347699));
#4717 = CARTESIAN_POINT('',(0.294446090987,-0.294228917943));
#4718 = CARTESIAN_POINT('',(0.25779464364,-0.293952963289));
#4719 = CARTESIAN_POINT('',(0.221364464928,-0.293714483328));
#4720 = CARTESIAN_POINT('',(0.185342649773,-0.293517544882));
#4721 = CARTESIAN_POINT('',(0.149878285797,-0.29336345487));
#4722 = CARTESIAN_POINT('',(9.532570239883E-02,-0.293187341293));
#4723 = CARTESIAN_POINT('',(7.577725620415E-02,-0.293137017155));
#4724 = CARTESIAN_POINT('',(5.64603957802E-02,-0.293099985173));
#4725 = CARTESIAN_POINT('',(3.738741137442E-02,-0.29307585391));
#4726 = CARTESIAN_POINT('',(1.856599255157E-02,-0.293064091089));
#4727 = CARTESIAN_POINT('',(0.,-0.293064091089));
#4728 = ( GEOMETRIC_REPRESENTATION_CONTEXT(2) 
PARAMETRIC_REPRESENTATION_CONTEXT() REPRESENTATION_CONTEXT('2D SPACE',''
  ) );
#4729 = ORIENTED_EDGE('',*,*,#4730,.T.);
#4730 = EDGE_CURVE('',#4614,#4731,#4733,.T.);
#4731 = VERTEX_POINT('',#4732);
#4732 = CARTESIAN_POINT('',(-55.67831340634,5.993781462846,
    7.530029396875));
#4733 = SURFACE_CURVE('',#4734,(#4745,#4759),.PCURVE_S1.);
#4734 = B_SPLINE_CURVE_WITH_KNOTS('',5,(#4735,#4736,#4737,#4738,#4739,
    #4740,#4741,#4742,#4743,#4744),.UNSPECIFIED.,.F.,.F.,(6,4,6),(0.,
    0.485502132589,1.),.UNSPECIFIED.);
#4735 = CARTESIAN_POINT('',(-55.64646572979,6.282583209341,
    7.156494240625));
#4736 = CARTESIAN_POINT('',(-55.64646572979,6.282583209341,
    7.193717778973));
#4737 = CARTESIAN_POINT('',(-55.64730768595,6.275125480899,
    7.231095103662));
#4738 = CARTESIAN_POINT('',(-55.64898858677,6.26023872908,7.268396247383
    ));
#4739 = CARTESIAN_POINT('',(-55.65145297654,6.238316904665,
    7.305430292259));
#4740 = CARTESIAN_POINT('',(-55.65797836532,6.179835021505,
    7.380838446177));
#4741 = CARTESIAN_POINT('',(-55.66212651663,6.142474185072,
    7.419165718365));
#4742 = CARTESIAN_POINT('',(-55.66697201114,6.098499474436,
    7.456855741157));
#4743 = CARTESIAN_POINT('',(-55.6724005636,6.048707908478,7.493821198073
    ));
#4744 = CARTESIAN_POINT('',(-55.67831340634,5.993781462846,
    7.530029396875));
#4745 = PCURVE('',#2257,#4746);
#4746 = DEFINITIONAL_REPRESENTATION('',(#4747),#4758);
#4747 = B_SPLINE_CURVE_WITH_KNOTS('',5,(#4748,#4749,#4750,#4751,#4752,
    #4753,#4754,#4755,#4756,#4757),.UNSPECIFIED.,.F.,.F.,(6,4,6),(0.,
    0.485502132589,1.),.UNSPECIFIED.);
#4748 = CARTESIAN_POINT('',(-1.683221997681,-8.843505859375));
#4749 = CARTESIAN_POINT('',(-1.683221997681,-8.806282321027));
#4750 = CARTESIAN_POINT('',(-1.683087977952,-8.768904996338));
#4751 = CARTESIAN_POINT('',(-1.682820453842,-8.731603852617));
#4752 = CARTESIAN_POINT('',(-1.682426527019,-8.694569807741));
#4753 = CARTESIAN_POINT('',(-1.681375726887,-8.619161653823));
#4754 = CARTESIAN_POINT('',(-1.680704469578,-8.580834381635));
#4755 = CARTESIAN_POINT('',(-1.679914454606,-8.543144358843));
#4756 = CARTESIAN_POINT('',(-1.679020051563,-8.506178901927));
#4757 = CARTESIAN_POINT('',(-1.678033555344,-8.469970703125));
#4758 = ( GEOMETRIC_REPRESENTATION_CONTEXT(2) 
PARAMETRIC_REPRESENTATION_CONTEXT() REPRESENTATION_CONTEXT('2D SPACE',''
  ) );
#4759 = PCURVE('',#4760,#4767);
#4760 = B_SPLINE_SURFACE_WITH_KNOTS('',2,1,(
    (#4761,#4762)
    ,(#4763,#4764)
    ,(#4765,#4766
    )),.UNSPECIFIED.,.F.,.F.,.F.,(3,3),(2,2),(0.,1.),(-0.6,0.),
  .PIECEWISE_BEZIER_KNOTS.);
#4761 = CARTESIAN_POINT('',(-55.98001446567,6.023043173046,
    7.530029396875));
#4762 = CARTESIAN_POINT('',(-55.38281677523,5.965121514472,
    7.530029396875));
#4763 = CARTESIAN_POINT('',(-55.95196808965,6.312213604208,
    7.339599709375));
#4764 = CARTESIAN_POINT('',(-55.35477039921,6.254291945634,
    7.339599709375));
#4765 = CARTESIAN_POINT('',(-55.95196808965,6.312213604208,
    7.156494240625));
#4766 = CARTESIAN_POINT('',(-55.35477039921,6.254291945634,
    7.156494240625));
#4767 = DEFINITIONAL_REPRESENTATION('',(#4768),#4779);
#4768 = B_SPLINE_CURVE_WITH_KNOTS('',5,(#4769,#4770,#4771,#4772,#4773,
    #4774,#4775,#4776,#4777,#4778),.UNSPECIFIED.,.F.,.F.,(6,4,6),(0.,
    0.485502132589,1.),.UNSPECIFIED.);
#4769 = CARTESIAN_POINT('',(1.,-0.293064091089));
#4770 = CARTESIAN_POINT('',(0.898354924619,-0.293064091089));
#4771 = CARTESIAN_POINT('',(0.796806500011,-0.293182174871));
#4772 = CARTESIAN_POINT('',(0.695980703393,-0.293418116096));
#4773 = CARTESIAN_POINT('',(0.596371506269,-0.293754748511));
#4774 = CARTESIAN_POINT('',(0.394507448351,-0.294604047572));
#4775 = CARTESIAN_POINT('',(0.292435930912,-0.29512615553));
#4776 = CARTESIAN_POINT('',(0.192562338233,-0.295703872115));
#4777 = CARTESIAN_POINT('',(9.506973224008E-02,-0.296300386961));
#4778 = CARTESIAN_POINT('',(0.,-0.296883228965));
#4779 = ( GEOMETRIC_REPRESENTATION_CONTEXT(2) 
PARAMETRIC_REPRESENTATION_CONTEXT() REPRESENTATION_CONTEXT('2D SPACE',''
  ) );
#4780 = ORIENTED_EDGE('',*,*,#4781,.T.);
#4781 = EDGE_CURVE('',#4731,#4782,#4784,.T.);
#4782 = VERTEX_POINT('',#4783);
#4783 = CARTESIAN_POINT('',(-55.77763905282,4.985477077706,
    8.013427834375));
#4784 = SURFACE_CURVE('',#4785,(#4802,#4822),.PCURVE_S1.);
#4785 = B_SPLINE_CURVE_WITH_KNOTS('',8,(#4786,#4787,#4788,#4789,#4790,
    #4791,#4792,#4793,#4794,#4795,#4796,#4797,#4798,#4799,#4800,#4801),
  .UNSPECIFIED.,.F.,.F.,(9,7,9),(0.,0.846353609742,1.),.UNSPECIFIED.);
#4786 = CARTESIAN_POINT('',(-55.67831340634,5.993781462846,
    7.530029396875));
#4787 = CARTESIAN_POINT('',(-55.68651426488,5.917600845596,
    7.580248610999));
#4788 = CARTESIAN_POINT('',(-55.69591328204,5.829170734864,
    7.631354095342));
#4789 = CARTESIAN_POINT('',(-55.7061095234,5.731586095455,7.682895752403
    ));
#4790 = CARTESIAN_POINT('',(-55.71681537297,5.627003835051,
    7.734544192664));
#4791 = CARTESIAN_POINT('',(-55.72781625439,5.517070865519,
    7.786081531938));
#4792 = CARTESIAN_POINT('',(-55.73896725446,5.402894952661,
    7.837403434546));
#4793 = CARTESIAN_POINT('',(-55.75017539139,5.285143080447,
    7.888515220281));
#4794 = CARTESIAN_POINT('',(-55.76342751059,5.142046267252,
    7.948795011595));
#4795 = CARTESIAN_POINT('',(-55.76546306307,5.11995840111,7.95804985352)
  );
#4796 = CARTESIAN_POINT('',(-55.76749755424,5.097772373197,7.96729764633
    ));
#4797 = CARTESIAN_POINT('',(-55.76953053252,5.075491413735,
    7.976538287258));
#4798 = CARTESIAN_POINT('',(-55.77156156827,5.053118587598,
    7.985771689467));
#4799 = CARTESIAN_POINT('',(-55.77359025378,5.030656794317,
    7.994997782052));
#4800 = CARTESIAN_POINT('',(-55.77561620325,5.008108768073,
    8.004216510037));
#4801 = CARTESIAN_POINT('',(-55.77763905282,4.985477077706,
    8.013427834375));
#4802 = PCURVE('',#2257,#4803);
#4803 = DEFINITIONAL_REPRESENTATION('',(#4804),#4821);
#4804 = B_SPLINE_CURVE_WITH_KNOTS('',8,(#4805,#4806,#4807,#4808,#4809,
    #4810,#4811,#4812,#4813,#4814,#4815,#4816,#4817,#4818,#4819,#4820),
  .UNSPECIFIED.,.F.,.F.,(9,7,9),(0.,0.846353609742,1.),.UNSPECIFIED.);
#4805 = CARTESIAN_POINT('',(-1.678033555344,-8.469970703125));
#4806 = CARTESIAN_POINT('',(-1.676665327527,-8.419751489001));
#4807 = CARTESIAN_POINT('',(-1.67507732527,-8.368646004658));
#4808 = CARTESIAN_POINT('',(-1.673325260725,-8.317104347597));
#4809 = CARTESIAN_POINT('',(-1.671447969386,-8.265455907335));
#4810 = CARTESIAN_POINT('',(-1.669475086781,-8.213918568063));
#4811 = CARTESIAN_POINT('',(-1.667426540594,-8.162596665454));
#4812 = CARTESIAN_POINT('',(-1.665314331596,-8.111484879719));
#4813 = CARTESIAN_POINT('',(-1.662748096972,-8.051205088405));
#4814 = CARTESIAN_POINT('',(-1.662351999457,-8.04195024648));
#4815 = CARTESIAN_POINT('',(-1.661954158176,-8.03270245367));
#4816 = CARTESIAN_POINT('',(-1.661554631213,-8.023461812742));
#4817 = CARTESIAN_POINT('',(-1.661153473671,-8.014228410533));
#4818 = CARTESIAN_POINT('',(-1.660750737675,-8.005002317948));
#4819 = CARTESIAN_POINT('',(-1.660346472371,-7.995783589963));
#4820 = CARTESIAN_POINT('',(-1.659940723925,-7.986572265625));
#4821 = ( GEOMETRIC_REPRESENTATION_CONTEXT(2) 
PARAMETRIC_REPRESENTATION_CONTEXT() REPRESENTATION_CONTEXT('2D SPACE',''
  ) );
#4822 = PCURVE('',#4823,#4830);
#4823 = B_SPLINE_SURFACE_WITH_KNOTS('',2,1,(
    (#4824,#4825)
    ,(#4826,#4827)
    ,(#4828,#4829
    )),.UNSPECIFIED.,.F.,.F.,.F.,(3,3),(2,2),(0.,1.),(-0.6,0.),
  .PIECEWISE_BEZIER_KNOTS.);
#4824 = CARTESIAN_POINT('',(-56.07782325599,5.014591669412,
    8.013427834375));
#4825 = CARTESIAN_POINT('',(-55.48062556555,4.956670010838,
    8.013427834375));
#4826 = CARTESIAN_POINT('',(-56.00806084169,5.733872741883,
    7.720459084375));
#4827 = CARTESIAN_POINT('',(-55.41086315125,5.675951083309,
    7.720459084375));
#4828 = CARTESIAN_POINT('',(-55.98001446567,6.023043173046,
    7.530029396875));
#4829 = CARTESIAN_POINT('',(-55.38281677523,5.965121514472,
    7.530029396875));
#4830 = DEFINITIONAL_REPRESENTATION('',(#4831),#4848);
#4831 = B_SPLINE_CURVE_WITH_KNOTS('',8,(#4832,#4833,#4834,#4835,#4836,
    #4837,#4838,#4839,#4840,#4841,#4842,#4843,#4844,#4845,#4846,#4847),
  .UNSPECIFIED.,.F.,.F.,(9,7,9),(0.,0.846353609742,1.),.UNSPECIFIED.);
#4832 = CARTESIAN_POINT('',(1.,-0.296883228965));
#4833 = CARTESIAN_POINT('',(0.868142371121,-0.297691605752));
#4834 = CARTESIAN_POINT('',(0.744656801848,-0.298510026858));
#4835 = CARTESIAN_POINT('',(0.628349561493,-0.299238206229));
#4836 = CARTESIAN_POINT('',(0.518452621709,-0.299798090658));
#4837 = CARTESIAN_POINT('',(0.414241655037,-0.300135092406));
#4838 = CARTESIAN_POINT('',(0.315055642033,-0.300211914488));
#4839 = CARTESIAN_POINT('',(0.22021561095,-0.300000397405));
#4840 = CARTESIAN_POINT('',(0.112472486663,-0.299376614437));
#4841 = CARTESIAN_POINT('',(9.604532578323E-02,-0.299270383432));
#4842 = CARTESIAN_POINT('',(7.974248950048E-02,-0.299153619923));
#4843 = CARTESIAN_POINT('',(6.356121839114E-02,-0.299026186273));
#4844 = CARTESIAN_POINT('',(4.749885025413E-02,-0.298887950713));
#4845 = CARTESIAN_POINT('',(3.155282011061E-02,-0.29873878734));
#4846 = CARTESIAN_POINT('',(1.572066020401E-02,-0.298578576117));
#4847 = CARTESIAN_POINT('',(0.,-0.298407202872));
#4848 = ( GEOMETRIC_REPRESENTATION_CONTEXT(2) 
PARAMETRIC_REPRESENTATION_CONTEXT() REPRESENTATION_CONTEXT('2D SPACE',''
  ) );
#4849 = ORIENTED_EDGE('',*,*,#4850,.T.);
#4850 = EDGE_CURVE('',#4782,#4851,#4853,.T.);
#4851 = VERTEX_POINT('',#4852);
#4852 = CARTESIAN_POINT('',(-55.87487106323,3.741494843963,
    8.599365334375));
#4853 = SURFACE_CURVE('',#4854,(#4865,#4879),.PCURVE_S1.);
#4854 = B_SPLINE_CURVE_WITH_KNOTS('',5,(#4855,#4856,#4857,#4858,#4859,
    #4860,#4861,#4862,#4863,#4864),.UNSPECIFIED.,.F.,.F.,(6,4,6),(0.,
    0.526719133177,1.),.UNSPECIFIED.);
#4855 = CARTESIAN_POINT('',(-55.77763905282,4.985477077706,
    8.013427834375));
#4856 = CARTESIAN_POINT('',(-55.79034952249,4.843272033295,8.07136934924
    ));
#4857 = CARTESIAN_POINT('',(-55.80240506367,4.703283536832,
    8.130183660089));
#4858 = CARTESIAN_POINT('',(-55.81380942646,4.565794149709,8.18993345674
    ));
#4859 = CARTESIAN_POINT('',(-55.82456468922,4.431174623578,8.2506812606)
  );
#4860 = CARTESIAN_POINT('',(-55.84375615453,4.181972207224,
    8.368046977282));
#4861 = CARTESIAN_POINT('',(-55.85231650187,4.066747825686,8.42445595155
    ));
#4862 = CARTESIAN_POINT('',(-55.86035620622,3.954594075312,
    8.481781767784));
#4863 = CARTESIAN_POINT('',(-55.8678747985,3.845975915225,8.540070381037
    ));
#4864 = CARTESIAN_POINT('',(-55.87487106323,3.741494843963,
    8.599365334375));
#4865 = PCURVE('',#2257,#4866);
#4866 = DEFINITIONAL_REPRESENTATION('',(#4867),#4878);
#4867 = B_SPLINE_CURVE_WITH_KNOTS('',5,(#4868,#4869,#4870,#4871,#4872,
    #4873,#4874,#4875,#4876,#4877),.UNSPECIFIED.,.F.,.F.,(6,4,6),(0.,
    0.526719133177,1.),.UNSPECIFIED.);
#4868 = CARTESIAN_POINT('',(-1.659940723925,-7.986572265625));
#4869 = CARTESIAN_POINT('',(-1.657391224756,-7.92863075076));
#4870 = CARTESIAN_POINT('',(-1.654882190804,-7.869816439911));
#4871 = CARTESIAN_POINT('',(-1.652418607334,-7.810066643261));
#4872 = CARTESIAN_POINT('',(-1.6500070372,-7.7493188394));
#4873 = CARTESIAN_POINT('',(-1.645543817446,-7.631953122718));
#4874 = CARTESIAN_POINT('',(-1.643480576228,-7.57554414845));
#4875 = CARTESIAN_POINT('',(-1.641472700083,-7.518218332216));
#4876 = CARTESIAN_POINT('',(-1.639528453763,-7.459929718963));
#4877 = CARTESIAN_POINT('',(-1.637658542133,-7.400634765625));
#4878 = ( GEOMETRIC_REPRESENTATION_CONTEXT(2) 
PARAMETRIC_REPRESENTATION_CONTEXT() REPRESENTATION_CONTEXT('2D SPACE',''
  ) );
#4879 = PCURVE('',#4880,#4887);
#4880 = B_SPLINE_SURFACE_WITH_KNOTS('',2,1,(
    (#4881,#4882)
    ,(#4883,#4884)
    ,(#4885,#4886
    )),.UNSPECIFIED.,.F.,.F.,.F.,(3,3),(2,2),(0.,1.),(-0.6,0.),
  .PIECEWISE_BEZIER_KNOTS.);
#4881 = CARTESIAN_POINT('',(-56.19825769419,3.77285981795,8.599365334375
    ));
#4882 = CARTESIAN_POINT('',(-55.60106000375,3.714938159376,
    8.599365334375));
#4883 = CARTESIAN_POINT('',(-56.15041387627,4.266150553463,
    8.318603615625));
#4884 = CARTESIAN_POINT('',(-55.55321618583,4.208228894888,
    8.318603615625));
#4885 = CARTESIAN_POINT('',(-56.07782325599,5.014591669412,
    8.013427834375));
#4886 = CARTESIAN_POINT('',(-55.48062556555,4.956670010838,
    8.013427834375));
#4887 = DEFINITIONAL_REPRESENTATION('',(#4888),#4899);
#4888 = B_SPLINE_CURVE_WITH_KNOTS('',5,(#4889,#4890,#4891,#4892,#4893,
    #4894,#4895,#4896,#4897,#4898),.UNSPECIFIED.,.F.,.F.,(6,4,6),(0.,
    0.526719133177,1.),.UNSPECIFIED.);
#4889 = CARTESIAN_POINT('',(1.,-0.298407202872));
#4890 = CARTESIAN_POINT('',(0.905068622046,-0.297330388037));
#4891 = CARTESIAN_POINT('',(0.807806096603,-0.295815680462));
#4892 = CARTESIAN_POINT('',(0.708020952949,-0.293894090091));
#4893 = CARTESIAN_POINT('',(0.605504151513,-0.291603476508));
#4894 = CARTESIAN_POINT('',(0.405199997061,-0.286648278981));
#4895 = CARTESIAN_POINT('',(0.307992554152,-0.284045332943));
#4896 = CARTESIAN_POINT('',(0.208188995242,-0.281220602331));
#4897 = CARTESIAN_POINT('',(0.105596577771,-0.278218505597));
#4898 = CARTESIAN_POINT('',(0.,-0.27509589926));
#4899 = ( GEOMETRIC_REPRESENTATION_CONTEXT(2) 
PARAMETRIC_REPRESENTATION_CONTEXT() REPRESENTATION_CONTEXT('2D SPACE',''
  ) );
#4900 = ORIENTED_EDGE('',*,*,#4901,.T.);
#4901 = EDGE_CURVE('',#4851,#3725,#4902,.T.);
#4902 = SURFACE_CURVE('',#4903,(#4914,#4928),.PCURVE_S1.);
#4903 = B_SPLINE_CURVE_WITH_KNOTS('',5,(#4904,#4905,#4906,#4907,#4908,
    #4909,#4910,#4911,#4912,#4913),.UNSPECIFIED.,.F.,.F.,(6,4,6),(0.,
    0.517300706819,1.),.UNSPECIFIED.);
#4904 = CARTESIAN_POINT('',(-55.87487106323,3.741494843963,
    8.599365334375));
#4905 = CARTESIAN_POINT('',(-55.88124805881,3.646261836667,
    8.653411839217));
#4906 = CARTESIAN_POINT('',(-55.88719337441,3.554432099492,
    8.708834062194));
#4907 = CARTESIAN_POINT('',(-55.89271210214,3.466365118582,
    8.765683696423));
#4908 = CARTESIAN_POINT('',(-55.8978091258,3.382489062572,8.823997933822
    ));
#4909 = CARTESIAN_POINT('',(-55.90685792962,3.22935279874,8.939581064455
    ));
#4910 = CARTESIAN_POINT('',(-55.91086343343,3.159491518706,
    8.996658037993));
#4911 = CARTESIAN_POINT('',(-55.91451099389,3.094068229817,
    9.055028268636));
#4912 = CARTESIAN_POINT('',(-55.91780510842,3.033502772233,
    9.114674113024));
#4913 = CARTESIAN_POINT('',(-55.92075046338,2.978198719254,
    9.175537209375));
#4914 = PCURVE('',#2257,#4915);
#4915 = DEFINITIONAL_REPRESENTATION('',(#4916),#4927);
#4916 = B_SPLINE_CURVE_WITH_KNOTS('',5,(#4917,#4918,#4919,#4920,#4921,
    #4922,#4923,#4924,#4925,#4926),.UNSPECIFIED.,.F.,.F.,(6,4,6),(0.,
    0.517300706819,1.),.UNSPECIFIED.);
#4917 = CARTESIAN_POINT('',(-1.637658542133,-7.400634765625));
#4918 = CARTESIAN_POINT('',(-1.635954144333,-7.346588260783));
#4919 = CARTESIAN_POINT('',(-1.634310898454,-7.291166037806));
#4920 = CARTESIAN_POINT('',(-1.632735193126,-7.234316403577));
#4921 = CARTESIAN_POINT('',(-1.631234645531,-7.176002166178));
#4922 = CARTESIAN_POINT('',(-1.628495299509,-7.060419035546));
#4923 = CARTESIAN_POINT('',(-1.627245729751,-7.003342062007));
#4924 = CARTESIAN_POINT('',(-1.626075644028,-6.944971831364));
#4925 = CARTESIAN_POINT('',(-1.624992520182,-6.885325986976));
#4926 = CARTESIAN_POINT('',(-1.624003548243,-6.824462890625));
#4927 = ( GEOMETRIC_REPRESENTATION_CONTEXT(2) 
PARAMETRIC_REPRESENTATION_CONTEXT() REPRESENTATION_CONTEXT('2D SPACE',''
  ) );
#4928 = PCURVE('',#4929,#4936);
#4929 = B_SPLINE_SURFACE_WITH_KNOTS('',2,1,(
    (#4930,#4931)
    ,(#4932,#4933)
    ,(#4934,#4935
    )),.UNSPECIFIED.,.F.,.F.,.F.,(3,3),(2,2),(0.,1.),(-0.6,0.),
  .PIECEWISE_BEZIER_KNOTS.);
#4930 = CARTESIAN_POINT('',(-56.27202673363,3.012268683884,
    9.175537209375));
#4931 = CARTESIAN_POINT('',(-55.67482904319,2.95434702531,9.175537209375
    ));
#4932 = CARTESIAN_POINT('',(-56.2461015121,3.279569082438,8.880127053125
    ));
#4933 = CARTESIAN_POINT('',(-55.64890382166,3.221647423864,
    8.880127053125));
#4934 = CARTESIAN_POINT('',(-56.19825769419,3.77285981795,8.599365334375
    ));
#4935 = CARTESIAN_POINT('',(-55.60106000375,3.714938159376,
    8.599365334375));
#4936 = DEFINITIONAL_REPRESENTATION('',(#4937),#4948);
#4937 = B_SPLINE_CURVE_WITH_KNOTS('',5,(#4938,#4939,#4940,#4941,#4942,
    #4943,#4944,#4945,#4946,#4947),.UNSPECIFIED.,.F.,.F.,(6,4,6),(0.,
    0.517300706819,1.),.UNSPECIFIED.);
#4938 = CARTESIAN_POINT('',(1.,-0.27509589926));
#4939 = CARTESIAN_POINT('',(0.903750224421,-0.272249688091));
#4940 = CARTESIAN_POINT('',(0.805654661554,-0.269302351532));
#4941 = CARTESIAN_POINT('',(0.705667521221,-0.266293661285));
#4942 = CARTESIAN_POINT('',(0.603773251069,-0.263269812088));
#4943 = CARTESIAN_POINT('',(0.403167953273,-0.257493176012));
#4944 = CARTESIAN_POINT('',(0.304701520482,-0.254735836706));
#4945 = CARTESIAN_POINT('',(0.204626634882,-0.252050652166));
#4946 = CARTESIAN_POINT('',(0.10301456308,-0.249482628564));
#4947 = CARTESIAN_POINT('',(0.,-0.247075389739));
#4948 = ( GEOMETRIC_REPRESENTATION_CONTEXT(2) 
PARAMETRIC_REPRESENTATION_CONTEXT() REPRESENTATION_CONTEXT('2D SPACE',''
  ) );
#4949 = ADVANCED_FACE('',(#4950),#2312,.F.);
#4950 = FACE_BOUND('',#4951,.T.);
#4951 = EDGE_LOOP('',(#4952,#4975,#5002,#5003));
#4952 = ORIENTED_EDGE('',*,*,#4953,.T.);
#4953 = EDGE_CURVE('',#2273,#4954,#4956,.T.);
#4954 = VERTEX_POINT('',#4955);
#4955 = CARTESIAN_POINT('',(5.329070518201E-15,-48.,14.0000001));
#4956 = SEAM_CURVE('',#4957,(#4961,#4968),.PCURVE_S1.);
#4957 = LINE('',#4958,#4959);
#4958 = CARTESIAN_POINT('',(5.329070518201E-15,-48.,16.0000001));
#4959 = VECTOR('',#4960,1.);
#4960 = DIRECTION('',(0.,-1.224646799147E-16,-1.));
#4961 = PCURVE('',#2312,#4962);
#4962 = DEFINITIONAL_REPRESENTATION('',(#4963),#4967);
#4963 = LINE('',#4964,#4965);
#4964 = CARTESIAN_POINT('',(-0.,0.));
#4965 = VECTOR('',#4966,1.);
#4966 = DIRECTION('',(-0.,-1.));
#4967 = ( GEOMETRIC_REPRESENTATION_CONTEXT(2) 
PARAMETRIC_REPRESENTATION_CONTEXT() REPRESENTATION_CONTEXT('2D SPACE',''
  ) );
#4968 = PCURVE('',#2312,#4969);
#4969 = DEFINITIONAL_REPRESENTATION('',(#4970),#4974);
#4970 = LINE('',#4971,#4972);
#4971 = CARTESIAN_POINT('',(-6.28318530718,0.));
#4972 = VECTOR('',#4973,1.);
#4973 = DIRECTION('',(-0.,-1.));
#4974 = ( GEOMETRIC_REPRESENTATION_CONTEXT(2) 
PARAMETRIC_REPRESENTATION_CONTEXT() REPRESENTATION_CONTEXT('2D SPACE',''
  ) );
#4975 = ORIENTED_EDGE('',*,*,#4976,.T.);
#4976 = EDGE_CURVE('',#4954,#4954,#4977,.T.);
#4977 = SURFACE_CURVE('',#4978,(#4983,#4990),.PCURVE_S1.);
#4978 = CIRCLE('',#4979,42.5);
#4979 = AXIS2_PLACEMENT_3D('',#4980,#4981,#4982);
#4980 = CARTESIAN_POINT('',(6.106226635438E-16,-5.5,14.0000001));
#4981 = DIRECTION('',(0.,-1.224646799147E-16,-1.));
#4982 = DIRECTION('',(1.110223024625E-16,-1.,1.224646799147E-16));
#4983 = PCURVE('',#2312,#4984);
#4984 = DEFINITIONAL_REPRESENTATION('',(#4985),#4989);
#4985 = LINE('',#4986,#4987);
#4986 = CARTESIAN_POINT('',(-0.,-2.));
#4987 = VECTOR('',#4988,1.);
#4988 = DIRECTION('',(-1.,0.));
#4989 = ( GEOMETRIC_REPRESENTATION_CONTEXT(2) 
PARAMETRIC_REPRESENTATION_CONTEXT() REPRESENTATION_CONTEXT('2D SPACE',''
  ) );
#4990 = PCURVE('',#4991,#4996);
#4991 = PLANE('',#4992);
#4992 = AXIS2_PLACEMENT_3D('',#4993,#4994,#4995);
#4993 = CARTESIAN_POINT('',(-1.506128860756E-15,-5.5,14.0000001));
#4994 = DIRECTION('',(0.,-1.224646799147E-16,-1.));
#4995 = DIRECTION('',(1.110223024625E-16,-1.,1.224646799147E-16));
#4996 = DEFINITIONAL_REPRESENTATION('',(#4997),#5001);
#4997 = CIRCLE('',#4998,42.5);
#4998 = AXIS2_PLACEMENT_2D('',#4999,#5000);
#4999 = CARTESIAN_POINT('',(2.6645352591E-15,-2.1167515243E-15));
#5000 = DIRECTION('',(1.,1.665067842118E-48));
#5001 = ( GEOMETRIC_REPRESENTATION_CONTEXT(2) 
PARAMETRIC_REPRESENTATION_CONTEXT() REPRESENTATION_CONTEXT('2D SPACE',''
  ) );
#5002 = ORIENTED_EDGE('',*,*,#4953,.F.);
#5003 = ORIENTED_EDGE('',*,*,#2297,.F.);
#5004 = ADVANCED_FACE('',(#5005),#2559,.T.);
#5005 = FACE_BOUND('',#5006,.F.);
#5006 = EDGE_LOOP('',(#5007,#5030,#5031,#5032));
#5007 = ORIENTED_EDGE('',*,*,#5008,.T.);
#5008 = EDGE_CURVE('',#5009,#2520,#5011,.T.);
#5009 = VERTEX_POINT('',#5010);
#5010 = CARTESIAN_POINT('',(6.661338147751E-15,-60.,2.0000001));
#5011 = SEAM_CURVE('',#5012,(#5016,#5023),.PCURVE_S1.);
#5012 = LINE('',#5013,#5014);
#5013 = CARTESIAN_POINT('',(6.661338147751E-15,-60.,2.0000001));
#5014 = VECTOR('',#5015,1.);
#5015 = DIRECTION('',(0.,-1.224646799147E-16,-1.));
#5016 = PCURVE('',#2559,#5017);
#5017 = DEFINITIONAL_REPRESENTATION('',(#5018),#5022);
#5018 = LINE('',#5019,#5020);
#5019 = CARTESIAN_POINT('',(-0.,0.));
#5020 = VECTOR('',#5021,1.);
#5021 = DIRECTION('',(-0.,-1.));
#5022 = ( GEOMETRIC_REPRESENTATION_CONTEXT(2) 
PARAMETRIC_REPRESENTATION_CONTEXT() REPRESENTATION_CONTEXT('2D SPACE',''
  ) );
#5023 = PCURVE('',#2559,#5024);
#5024 = DEFINITIONAL_REPRESENTATION('',(#5025),#5029);
#5025 = LINE('',#5026,#5027);
#5026 = CARTESIAN_POINT('',(-6.28318530718,0.));
#5027 = VECTOR('',#5028,1.);
#5028 = DIRECTION('',(-0.,-1.));
#5029 = ( GEOMETRIC_REPRESENTATION_CONTEXT(2) 
PARAMETRIC_REPRESENTATION_CONTEXT() REPRESENTATION_CONTEXT('2D SPACE',''
  ) );
#5030 = ORIENTED_EDGE('',*,*,#2544,.T.);
#5031 = ORIENTED_EDGE('',*,*,#5008,.F.);
#5032 = ORIENTED_EDGE('',*,*,#5033,.F.);
#5033 = EDGE_CURVE('',#5009,#5009,#5034,.T.);
#5034 = SURFACE_CURVE('',#5035,(#5040,#5047),.PCURVE_S1.);
#5035 = CIRCLE('',#5036,60.);
#5036 = AXIS2_PLACEMENT_3D('',#5037,#5038,#5039);
#5037 = CARTESIAN_POINT('',(0.,-1.714505518806E-15,2.0000001));
#5038 = DIRECTION('',(0.,-1.224646799147E-16,-1.));
#5039 = DIRECTION('',(1.110223024625E-16,-1.,1.224646799147E-16));
#5040 = PCURVE('',#2559,#5041);
#5041 = DEFINITIONAL_REPRESENTATION('',(#5042),#5046);
#5042 = LINE('',#5043,#5044);
#5043 = CARTESIAN_POINT('',(-0.,0.));
#5044 = VECTOR('',#5045,1.);
#5045 = DIRECTION('',(-1.,0.));
#5046 = ( GEOMETRIC_REPRESENTATION_CONTEXT(2) 
PARAMETRIC_REPRESENTATION_CONTEXT() REPRESENTATION_CONTEXT('2D SPACE',''
  ) );
#5047 = PCURVE('',#2903,#5048);
#5048 = DEFINITIONAL_REPRESENTATION('',(#5049),#5053);
#5049 = CIRCLE('',#5050,60.);
#5050 = AXIS2_PLACEMENT_2D('',#5051,#5052);
#5051 = CARTESIAN_POINT('',(2.917205616084E-15,-4.679120177894E-16));
#5052 = DIRECTION('',(1.,1.665067842118E-48));
#5053 = ( GEOMETRIC_REPRESENTATION_CONTEXT(2) 
PARAMETRIC_REPRESENTATION_CONTEXT() REPRESENTATION_CONTEXT('2D SPACE',''
  ) );
#5054 = ADVANCED_FACE('',(#5055),#2618,.F.);
#5055 = FACE_BOUND('',#5056,.T.);
#5056 = EDGE_LOOP('',(#5057,#5058,#5059,#5060));
#5057 = ORIENTED_EDGE('',*,*,#2655,.F.);
#5058 = ORIENTED_EDGE('',*,*,#2601,.F.);
#5059 = ORIENTED_EDGE('',*,*,#2837,.F.);
#5060 = ORIENTED_EDGE('',*,*,#5061,.T.);
#5061 = EDGE_CURVE('',#2815,#2656,#5062,.T.);
#5062 = SURFACE_CURVE('',#5063,(#5096,#5132),.PCURVE_S1.);
#5063 = B_SPLINE_CURVE_WITH_KNOTS('',7,(#5064,#5065,#5066,#5067,#5068,
    #5069,#5070,#5071,#5072,#5073,#5074,#5075,#5076,#5077,#5078,#5079,
    #5080,#5081,#5082,#5083,#5084,#5085,#5086,#5087,#5088,#5089,#5090,
    #5091,#5092,#5093,#5094,#5095),.UNSPECIFIED.,.F.,.F.,(8,6,6,6,6,8),(
    0.,0.258943469754,0.435865010488,0.594631206161,0.74138565069,1.),
  .UNSPECIFIED.);
#5064 = CARTESIAN_POINT('',(4.818,38.738409510289,7.3325001));
#5065 = CARTESIAN_POINT('',(4.818,38.738409510289,7.815339812386));
#5066 = CARTESIAN_POINT('',(4.761546978014,38.744557717358,
    8.297533502123));
#5067 = CARTESIAN_POINT('',(4.648914234106,38.756824952258,
    8.775628953316));
#5068 = CARTESIAN_POINT('',(4.478621519375,38.774911328039,
    9.245884068455));
#5069 = CARTESIAN_POINT('',(4.247903269096,38.798215362915,
    9.703159010048));
#5070 = CARTESIAN_POINT('',(3.952994431188,38.825573745997,
    10.140212067338));
#5071 = CARTESIAN_POINT('',(3.341929250672,38.875031652888,
    10.822907876897));
#5072 = CARTESIAN_POINT('',(3.060265158059,38.896200200527,
    11.087371647315));
#5073 = CARTESIAN_POINT('',(2.744474179656,38.917709020559,
    11.333421241079));
#5074 = CARTESIAN_POINT('',(2.394910637567,38.938562931318,
    11.555030614772));
#5075 = CARTESIAN_POINT('',(2.01278789335,38.957556211552,
    11.745913658258));
#5076 = CARTESIAN_POINT('',(1.600317491155,38.973386769234,
    11.899448935179));
#5077 = CARTESIAN_POINT('',(0.766731004892,38.995142022374,
    12.106414996537));
#5078 = CARTESIAN_POINT('',(0.353885647318,39.001837747813,
    12.167746955019));
#5079 = CARTESIAN_POINT('',(-6.889491679542E-02,39.004023745073,
    12.187000478512));
#5080 = CARTESIAN_POINT('',(-0.491997221047,39.001249931319,
    12.162086254857));
#5081 = CARTESIAN_POINT('',(-0.905698399482,38.993776735007,
    12.094282001047));
#5082 = CARTESIAN_POINT('',(-1.30094878995,38.982513317492,
    11.988198992821));
#5083 = CARTESIAN_POINT('',(-2.011306686541,38.955834681238,
    11.725687666964));
#5084 = CARTESIAN_POINT('',(-2.331305337045,38.940757669144,
    11.573272871511));
#5085 = CARTESIAN_POINT('',(-2.628980539857,38.924141529317,
    11.398586401342));
#5086 = CARTESIAN_POINT('',(-2.903725908001,38.906685501012,
    11.205291337646));
#5087 = CARTESIAN_POINT('',(-3.155343266371,38.889009925235,
    10.996724629027));
#5088 = CARTESIAN_POINT('',(-3.38396138835,38.871629689206,
    10.775948624145));
#5089 = CARTESIAN_POINT('',(-3.952992809488,38.825573877253,
    10.140213879138));
#5090 = CARTESIAN_POINT('',(-4.24790356224,38.798215369108,
    9.703159640205));
#5091 = CARTESIAN_POINT('',(-4.478622448652,38.774911219613,
    9.245882601777));
#5092 = CARTESIAN_POINT('',(-4.648914882069,38.756824885007,
    8.775626747538));
#5093 = CARTESIAN_POINT('',(-4.761546923092,38.744557722504,
    8.297532012357));
#5094 = CARTESIAN_POINT('',(-4.818,38.738409510289,7.815340056386));
#5095 = CARTESIAN_POINT('',(-4.818,38.738409510289,7.3325001));
#5096 = PCURVE('',#2618,#5097);
#5097 = DEFINITIONAL_REPRESENTATION('',(#5098),#5131);
#5098 = B_SPLINE_CURVE_WITH_KNOTS('',7,(#5099,#5100,#5101,#5102,#5103,
    #5104,#5105,#5106,#5107,#5108,#5109,#5110,#5111,#5112,#5113,#5114,
    #5115,#5116,#5117,#5118,#5119,#5120,#5121,#5122,#5123,#5124,#5125,
    #5126,#5127,#5128,#5129,#5130),.UNSPECIFIED.,.F.,.F.,(8,6,6,6,6,8),(
    0.,0.258943469754,0.435865010488,0.594631206161,0.74138565069,1.),
  .UNSPECIFIED.);
#5099 = CARTESIAN_POINT('',(-3.14159265359,-2.468190489711));
#5100 = CARTESIAN_POINT('',(-3.241808451096,-2.468190489711));
#5101 = CARTESIAN_POINT('',(-3.341889997085,-2.462042282642));
#5102 = CARTESIAN_POINT('',(-3.442765841895,-2.449775047742));
#5103 = CARTESIAN_POINT('',(-3.545279756879,-2.431688671961));
#5104 = CARTESIAN_POINT('',(-3.650289568994,-2.408384637085));
#5105 = CARTESIAN_POINT('',(-3.758704137938,-2.381026254003));
#5106 = CARTESIAN_POINT('',(-3.948871896209,-2.331568347112));
#5107 = CARTESIAN_POINT('',(-4.028761823018,-2.310399799473));
#5108 = CARTESIAN_POINT('',(-4.111277581504,-2.288890979441));
#5109 = CARTESIAN_POINT('',(-4.196430230752,-2.268037068682));
#5110 = CARTESIAN_POINT('',(-4.284304408968,-2.249043788448));
#5111 = CARTESIAN_POINT('',(-4.375071419537,-2.233213230766));
#5112 = CARTESIAN_POINT('',(-4.553339464826,-2.211457977626));
#5113 = CARTESIAN_POINT('',(-4.639569874442,-2.204762252187));
#5114 = CARTESIAN_POINT('',(-4.726677011108,-2.202576254927));
#5115 = CARTESIAN_POINT('',(-4.813796561895,-2.205350068681));
#5116 = CARTESIAN_POINT('',(-4.900107458485,-2.212823264993));
#5117 = CARTESIAN_POINT('',(-4.984689474737,-2.224086682508));
#5118 = CARTESIAN_POINT('',(-5.141873241316,-2.250765318762));
#5119 = CARTESIAN_POINT('',(-5.215138434274,-2.265842330856));
#5120 = CARTESIAN_POINT('',(-5.286362278981,-2.282458470683));
#5121 = CARTESIAN_POINT('',(-5.355680813179,-2.299914498988));
#5122 = CARTESIAN_POINT('',(-5.423196420175,-2.317590074765));
#5123 = CARTESIAN_POINT('',(-5.488986759799,-2.334970310794));
#5124 = CARTESIAN_POINT('',(-5.666073318147,-2.381026122747));
#5125 = CARTESIAN_POINT('',(-5.774488332803,-2.408384630892));
#5126 = CARTESIAN_POINT('',(-5.879498537504,-2.431688780387));
#5127 = CARTESIAN_POINT('',(-5.982012582927,-2.449775114993));
#5128 = CARTESIAN_POINT('',(-6.082888270853,-2.462042277496));
#5129 = CARTESIAN_POINT('',(-6.18296945903,-2.468190489711));
#5130 = CARTESIAN_POINT('',(-6.28318530718,-2.468190489711));
#5131 = ( GEOMETRIC_REPRESENTATION_CONTEXT(2) 
PARAMETRIC_REPRESENTATION_CONTEXT() REPRESENTATION_CONTEXT('2D SPACE',''
  ) );
#5132 = PCURVE('',#2721,#5133);
#5133 = DEFINITIONAL_REPRESENTATION('',(#5134),#5167);
#5134 = B_SPLINE_CURVE_WITH_KNOTS('',7,(#5135,#5136,#5137,#5138,#5139,
    #5140,#5141,#5142,#5143,#5144,#5145,#5146,#5147,#5148,#5149,#5150,
    #5151,#5152,#5153,#5154,#5155,#5156,#5157,#5158,#5159,#5160,#5161,
    #5162,#5163,#5164,#5165,#5166),.UNSPECIFIED.,.F.,.F.,(8,6,6,6,6,8),(
    0.,0.258943469754,0.435865010488,0.594631206161,0.74138565069,1.),
  .UNSPECIFIED.);
#5135 = CARTESIAN_POINT('',(-3.250074968786,-8.6675));
#5136 = CARTESIAN_POINT('',(-3.250074968786,-8.184660287614));
#5137 = CARTESIAN_POINT('',(-3.248798860694,-7.702466597877));
#5138 = CARTESIAN_POINT('',(-3.246252817444,-7.224371146685));
#5139 = CARTESIAN_POINT('',(-3.24240451381,-6.754116031545));
#5140 = CARTESIAN_POINT('',(-3.237193592079,-6.296841089952));
#5141 = CARTESIAN_POINT('',(-3.230538429812,-5.859788032662));
#5142 = CARTESIAN_POINT('',(-3.216761724066,-5.177092223103));
#5143 = CARTESIAN_POINT('',(-3.210414451954,-4.912628452685));
#5144 = CARTESIAN_POINT('',(-3.203301864605,-4.666578858921));
#5145 = CARTESIAN_POINT('',(-3.195433114017,-4.444969485228));
#5146 = CARTESIAN_POINT('',(-3.186836286952,-4.254086441742));
#5147 = CARTESIAN_POINT('',(-3.177561166695,-4.100551164821));
#5148 = CARTESIAN_POINT('',(-3.158822507676,-3.893585103463));
#5149 = CARTESIAN_POINT('',(-3.149544305674,-3.832253144981));
#5150 = CARTESIAN_POINT('',(-3.140044471573,-3.812999621488));
#5151 = CARTESIAN_POINT('',(-3.130537472102,-3.837913845143));
#5152 = CARTESIAN_POINT('',(-3.12124016561,-3.905718098953));
#5153 = CARTESIAN_POINT('',(-3.112354881681,-4.011801107179));
#5154 = CARTESIAN_POINT('',(-3.09638052888,-4.274312433036));
#5155 = CARTESIAN_POINT('',(-3.089181899296,-4.426727228489));
#5156 = CARTESIAN_POINT('',(-3.082482527041,-4.601413698658));
#5157 = CARTESIAN_POINT('',(-3.076296303285,-4.794708762354));
#5158 = CARTESIAN_POINT('',(-3.070628200261,-5.003275470973));
#5159 = CARTESIAN_POINT('',(-3.065475951975,-5.224051475855));
#5160 = CARTESIAN_POINT('',(-3.05264691393,-5.859786220862));
#5161 = CARTESIAN_POINT('',(-3.045991708547,-6.296840459795));
#5162 = CARTESIAN_POINT('',(-3.040780772361,-6.754117498222));
#5163 = CARTESIAN_POINT('',(-3.036932475089,-7.224373352462));
#5164 = CARTESIAN_POINT('',(-3.034386447727,-7.702468087643));
#5165 = CARTESIAN_POINT('',(-3.033110338393,-8.184660043614));
#5166 = CARTESIAN_POINT('',(-3.033110338393,-8.6675));
#5167 = ( GEOMETRIC_REPRESENTATION_CONTEXT(2) 
PARAMETRIC_REPRESENTATION_CONTEXT() REPRESENTATION_CONTEXT('2D SPACE',''
  ) );
#5168 = ADVANCED_FACE('',(#5169,#5222,#6311),#2721,.F.);
#5169 = FACE_BOUND('',#5170,.T.);
#5170 = EDGE_LOOP('',(#5171,#5172,#5173,#5196,#5218,#5219,#5220,#5221));
#5171 = ORIENTED_EDGE('',*,*,#2814,.F.);
#5172 = ORIENTED_EDGE('',*,*,#2762,.T.);
#5173 = ORIENTED_EDGE('',*,*,#5174,.F.);
#5174 = EDGE_CURVE('',#5175,#2739,#5177,.T.);
#5175 = VERTEX_POINT('',#5176);
#5176 = CARTESIAN_POINT('',(5.551115123126E-15,-50.,14.0000001));
#5177 = SEAM_CURVE('',#5178,(#5182,#5189),.PCURVE_S1.);
#5178 = LINE('',#5179,#5180);
#5179 = CARTESIAN_POINT('',(5.551115123126E-15,-50.,16.0000001));
#5180 = VECTOR('',#5181,1.);
#5181 = DIRECTION('',(0.,-1.224646799147E-16,-1.));
#5182 = PCURVE('',#2721,#5183);
#5183 = DEFINITIONAL_REPRESENTATION('',(#5184),#5188);
#5184 = LINE('',#5185,#5186);
#5185 = CARTESIAN_POINT('',(-0.,0.));
#5186 = VECTOR('',#5187,1.);
#5187 = DIRECTION('',(-0.,-1.));
#5188 = ( GEOMETRIC_REPRESENTATION_CONTEXT(2) 
PARAMETRIC_REPRESENTATION_CONTEXT() REPRESENTATION_CONTEXT('2D SPACE',''
  ) );
#5189 = PCURVE('',#2721,#5190);
#5190 = DEFINITIONAL_REPRESENTATION('',(#5191),#5195);
#5191 = LINE('',#5192,#5193);
#5192 = CARTESIAN_POINT('',(-6.28318530718,0.));
#5193 = VECTOR('',#5194,1.);
#5194 = DIRECTION('',(-0.,-1.));
#5195 = ( GEOMETRIC_REPRESENTATION_CONTEXT(2) 
PARAMETRIC_REPRESENTATION_CONTEXT() REPRESENTATION_CONTEXT('2D SPACE',''
  ) );
#5196 = ORIENTED_EDGE('',*,*,#5197,.F.);
#5197 = EDGE_CURVE('',#5175,#5175,#5198,.T.);
#5198 = SURFACE_CURVE('',#5199,(#5204,#5211),.PCURVE_S1.);
#5199 = CIRCLE('',#5200,44.5);
#5200 = AXIS2_PLACEMENT_3D('',#5201,#5202,#5203);
#5201 = CARTESIAN_POINT('',(6.106226635438E-16,-5.5,14.0000001));
#5202 = DIRECTION('',(0.,-1.224646799147E-16,-1.));
#5203 = DIRECTION('',(1.110223024625E-16,-1.,1.224646799147E-16));
#5204 = PCURVE('',#2721,#5205);
#5205 = DEFINITIONAL_REPRESENTATION('',(#5206),#5210);
#5206 = LINE('',#5207,#5208);
#5207 = CARTESIAN_POINT('',(-0.,-2.));
#5208 = VECTOR('',#5209,1.);
#5209 = DIRECTION('',(-1.,0.));
#5210 = ( GEOMETRIC_REPRESENTATION_CONTEXT(2) 
PARAMETRIC_REPRESENTATION_CONTEXT() REPRESENTATION_CONTEXT('2D SPACE',''
  ) );
#5211 = PCURVE('',#4991,#5212);
#5212 = DEFINITIONAL_REPRESENTATION('',(#5213),#5217);
#5213 = CIRCLE('',#5214,44.5);
#5214 = AXIS2_PLACEMENT_2D('',#5215,#5216);
#5215 = CARTESIAN_POINT('',(2.6645352591E-15,-2.1167515243E-15));
#5216 = DIRECTION('',(1.,1.665067842118E-48));
#5217 = ( GEOMETRIC_REPRESENTATION_CONTEXT(2) 
PARAMETRIC_REPRESENTATION_CONTEXT() REPRESENTATION_CONTEXT('2D SPACE',''
  ) );
#5218 = ORIENTED_EDGE('',*,*,#5174,.T.);
#5219 = ORIENTED_EDGE('',*,*,#2738,.T.);
#5220 = ORIENTED_EDGE('',*,*,#2707,.T.);
#5221 = ORIENTED_EDGE('',*,*,#5061,.F.);
#5222 = FACE_BOUND('',#5223,.T.);
#5223 = EDGE_LOOP('',(#5224,#5313,#5400,#5475,#5538,#5572,#5647,#5722,
    #5779,#5830,#5893,#5956,#6019,#6094,#6169,#6241));
#5224 = ORIENTED_EDGE('',*,*,#5225,.F.);
#5225 = EDGE_CURVE('',#5226,#5228,#5230,.T.);
#5226 = VERTEX_POINT('',#5227);
#5227 = CARTESIAN_POINT('',(44.271712890376,-0.998285021006,
    9.246337990625));
#5228 = VERTEX_POINT('',#5229);
#5229 = CARTESIAN_POINT('',(44.198956103339,-0.332575169862,
    7.876709084375));
#5230 = SURFACE_CURVE('',#5231,(#5254,#5280),.PCURVE_S1.);
#5231 = B_SPLINE_CURVE_WITH_KNOTS('',6,(#5232,#5233,#5234,#5235,#5236,
    #5237,#5238,#5239,#5240,#5241,#5242,#5243,#5244,#5245,#5246,#5247,
    #5248,#5249,#5250,#5251,#5252,#5253),.UNSPECIFIED.,.F.,.F.,(7,5,5,5,
    7),(0.,3.069381020952E-02,0.286012252018,0.556275570759,1.),
  .UNSPECIFIED.);
#5232 = CARTESIAN_POINT('',(44.271712890376,-0.998285021006,
    9.246337990625));
#5233 = CARTESIAN_POINT('',(44.270945578251,-0.990738958611,
    9.241193007761));
#5234 = CARTESIAN_POINT('',(44.270181796773,-0.983242954149,
    9.236011573641));
#5235 = CARTESIAN_POINT('',(44.269421622512,-0.975797379967,
    9.230793896867));
#5236 = CARTESIAN_POINT('',(44.268665130558,-0.968402593579,
    9.225540197232));
#5237 = CARTESIAN_POINT('',(44.267912394529,-0.961058937668,
    9.220250705715));
#5238 = CARTESIAN_POINT('',(44.26093389133,-0.893108499508,
    9.170630700157));
#5239 = CARTESIAN_POINT('',(44.254968557831,-0.836005215146,
    9.123871851193));
#5240 = CARTESIAN_POINT('',(44.249310648339,-0.78266031504,
    9.074797510247));
#5241 = CARTESIAN_POINT('',(44.24399226842,-0.733173652275,
    9.023593940305));
#5242 = CARTESIAN_POINT('',(44.239034841921,-0.687561614389,
    8.970474223956));
#5243 = CARTESIAN_POINT('',(44.22959572957,-0.601547033167,
    8.857652113321));
#5244 = CARTESIAN_POINT('',(44.22515840077,-0.561601286954,
    8.797740006657));
#5245 = CARTESIAN_POINT('',(44.221149895642,-0.525873968939,
    8.736188972973));
#5246 = CARTESIAN_POINT('',(44.217568927788,-0.494212210629,
    8.673247455501));
#5247 = CARTESIAN_POINT('',(44.214404901179,-0.466413798599,
    8.609140667306));
#5248 = CARTESIAN_POINT('',(44.207106554008,-0.402616092017,
    8.437201158243));
#5249 = CARTESIAN_POINT('',(44.203653971934,-0.372813661118,
    8.32773922067));
#5250 = CARTESIAN_POINT('',(44.201211563869,-0.351867181572,8.2164444646
    ));
#5251 = CARTESIAN_POINT('',(44.199678505349,-0.338754091463,
    8.103927614109));
#5252 = CARTESIAN_POINT('',(44.198956103339,-0.332575169862,
    7.990607709035));
#5253 = CARTESIAN_POINT('',(44.198956103339,-0.332575169862,
    7.876709084375));
#5254 = PCURVE('',#2721,#5255);
#5255 = DEFINITIONAL_REPRESENTATION('',(#5256),#5279);
#5256 = B_SPLINE_CURVE_WITH_KNOTS('',6,(#5257,#5258,#5259,#5260,#5261,
    #5262,#5263,#5264,#5265,#5266,#5267,#5268,#5269,#5270,#5271,#5272,
    #5273,#5274,#5275,#5276,#5277,#5278),.UNSPECIFIED.,.F.,.F.,(7,5,5,5,
    7),(0.,3.069381020952E-02,0.286012252018,0.556275570759,1.),
  .UNSPECIFIED.);
#5257 = CARTESIAN_POINT('',(-4.611053501418,-6.753662109375));
#5258 = CARTESIAN_POINT('',(-4.610883052572,-6.758807092239));
#5259 = CARTESIAN_POINT('',(-4.610713730878,-6.763988526359));
#5260 = CARTESIAN_POINT('',(-4.610545544827,-6.769206203133));
#5261 = CARTESIAN_POINT('',(-4.610378502573,-6.774459902768));
#5262 = CARTESIAN_POINT('',(-4.610212611938,-6.779749394285));
#5263 = CARTESIAN_POINT('',(-4.608677604207,-6.829369399843));
#5264 = CARTESIAN_POINT('',(-4.607387403372,-6.876128248807));
#5265 = CARTESIAN_POINT('',(-4.606181919812,-6.925202589753));
#5266 = CARTESIAN_POINT('',(-4.605063457576,-6.976406159695));
#5267 = CARTESIAN_POINT('',(-4.604032432272,-7.029525876044));
#5268 = CARTESIAN_POINT('',(-4.602087916579,-7.142347986679));
#5269 = CARTESIAN_POINT('',(-4.601184738748,-7.202260093343));
#5270 = CARTESIAN_POINT('',(-4.600376840795,-7.263811127027));
#5271 = CARTESIAN_POINT('',(-4.59966080466,-7.326752644499));
#5272 = CARTESIAN_POINT('',(-4.599032087963,-7.390859432694));
#5273 = CARTESIAN_POINT('',(-4.597589081025,-7.562798941757));
#5274 = CARTESIAN_POINT('',(-4.596914884996,-7.67226087933));
#5275 = CARTESIAN_POINT('',(-4.596440988389,-7.783555635401));
#5276 = CARTESIAN_POINT('',(-4.596144305267,-7.896072485891));
#5277 = CARTESIAN_POINT('',(-4.596004507329,-8.009392390965));
#5278 = CARTESIAN_POINT('',(-4.596004507329,-8.123291015625));
#5279 = ( GEOMETRIC_REPRESENTATION_CONTEXT(2) 
PARAMETRIC_REPRESENTATION_CONTEXT() REPRESENTATION_CONTEXT('2D SPACE',''
  ) );
#5280 = PCURVE('',#5281,#5288);
#5281 = B_SPLINE_SURFACE_WITH_KNOTS('',2,1,(
    (#5282,#5283)
    ,(#5284,#5285)
    ,(#5286,#5287
    )),.UNSPECIFIED.,.F.,.F.,.F.,(3,3),(2,2),(0.,1.),(-0.6,0.),
  .PIECEWISE_BEZIER_KNOTS.);
#5282 = CARTESIAN_POINT('',(43.964699569944,-0.347166658607,
    7.876709084375));
#5283 = CARTESIAN_POINT('',(44.563538988746,-0.309865847771,
    7.876709084375));
#5284 = CARTESIAN_POINT('',(43.964699569944,-0.347166658607,
    8.792236428125));
#5285 = CARTESIAN_POINT('',(44.563538988746,-0.309865847771,
    8.792236428125));
#5286 = CARTESIAN_POINT('',(44.006286574212,-1.014818028853,
    9.246337990625));
#5287 = CARTESIAN_POINT('',(44.605125993014,-0.977517218018,
    9.246337990625));
#5288 = DEFINITIONAL_REPRESENTATION('',(#5289),#5312);
#5289 = B_SPLINE_CURVE_WITH_KNOTS('',6,(#5290,#5291,#5292,#5293,#5294,
    #5295,#5296,#5297,#5298,#5299,#5300,#5301,#5302,#5303,#5304,#5305,
    #5306,#5307,#5308,#5309,#5310,#5311),.UNSPECIFIED.,.F.,.F.,(7,5,5,5,
    7),(0.,3.069381020952E-02,0.286012252018,0.556275570759,1.),
  .UNSPECIFIED.);
#5290 = CARTESIAN_POINT('',(1.,-0.334059274159));
#5291 = CARTESIAN_POINT('',(0.99433498661,-0.334355978328));
#5292 = CARTESIAN_POINT('',(0.988668969628,-0.33465227068));
#5293 = CARTESIAN_POINT('',(0.983002204769,-0.334948097945));
#5294 = CARTESIAN_POINT('',(0.977334948246,-0.335243407401));
#5295 = CARTESIAN_POINT('',(0.971667456774,-0.335538146878));
#5296 = CARTESIAN_POINT('',(0.918856625523,-0.338278807478));
#5297 = CARTESIAN_POINT('',(0.871710448532,-0.340682604207));
#5298 = CARTESIAN_POINT('',(0.824719995234,-0.34301322288));
#5299 = CARTESIAN_POINT('',(0.778025285088,-0.345244827701));
#5300 = CARTESIAN_POINT('',(0.731749352778,-0.347357055045));
#5301 = CARTESIAN_POINT('',(0.637572295117,-0.351430553264));
#5302 = CARTESIAN_POINT('',(0.589729425949,-0.353375951058));
#5303 = CARTESIAN_POINT('',(0.542587587308,-0.355155605975));
#5304 = CARTESIAN_POINT('',(0.49622495613,-0.356761298393));
#5305 = CARTESIAN_POINT('',(0.450688251665,-0.358191032638));
#5306 = CARTESIAN_POINT('',(0.332628531181,-0.361509085627));
#5307 = CARTESIAN_POINT('',(0.261561631493,-0.363102231302));
#5308 = CARTESIAN_POINT('',(0.192847119913,-0.364237713894));
#5309 = CARTESIAN_POINT('',(0.126431705317,-0.364952592193));
#5310 = CARTESIAN_POINT('',(6.220383554777E-02,-0.36528946555));
#5311 = CARTESIAN_POINT('',(0.,-0.36528946555));
#5312 = ( GEOMETRIC_REPRESENTATION_CONTEXT(2) 
PARAMETRIC_REPRESENTATION_CONTEXT() REPRESENTATION_CONTEXT('2D SPACE',''
  ) );
#5313 = ORIENTED_EDGE('',*,*,#5314,.F.);
#5314 = EDGE_CURVE('',#5315,#5226,#5317,.T.);
#5315 = VERTEX_POINT('',#5316);
#5316 = CARTESIAN_POINT('',(44.42350668314,-2.891925236306,
    9.700439553125));
#5317 = SURFACE_CURVE('',#5318,(#5341,#5367),.PCURVE_S1.);
#5318 = B_SPLINE_CURVE_WITH_KNOTS('',6,(#5319,#5320,#5321,#5322,#5323,
    #5324,#5325,#5326,#5327,#5328,#5329,#5330,#5331,#5332,#5333,#5334,
    #5335,#5336,#5337,#5338,#5339,#5340),.UNSPECIFIED.,.F.,.F.,(7,5,5,5,
    7),(0.,0.412421246634,0.690350960679,0.954003764211,1.),
  .UNSPECIFIED.);
#5319 = CARTESIAN_POINT('',(44.42350668314,-2.891925236306,
    9.700439553125));
#5320 = CARTESIAN_POINT('',(44.414965745732,-2.746446895235,
    9.700439553125));
#5321 = CARTESIAN_POINT('',(44.405893049236,-2.601682458383,
    9.696617986704));
#5322 = CARTESIAN_POINT('',(44.396315047391,-2.457910510718,
    9.68857651962));
#5323 = CARTESIAN_POINT('',(44.386274778346,-2.315572245969,
    9.675863109078));
#5324 = CARTESIAN_POINT('',(44.375839981001,-2.175265358757,
    9.657989863531));
#5325 = CARTESIAN_POINT('',(44.357871907264,-1.945025439082,
    9.618683918206));
#5326 = CARTESIAN_POINT('',(44.350502676355,-1.853593063768,
    9.600313701829));
#5327 = CARTESIAN_POINT('',(44.34302808439,-1.763657244198,
    9.579264363979));
#5328 = CARTESIAN_POINT('',(44.335485184492,-1.675491726035,
    9.55541345899));
#5329 = CARTESIAN_POINT('',(44.327917020147,-1.58939403477,
    9.528670232057));
#5330 = CARTESIAN_POINT('',(44.313213839538,-1.426250101259,
    9.47084725641));
#5331 = CARTESIAN_POINT('',(44.306075919831,-1.348959313889,
    9.440058638832));
#5332 = CARTESIAN_POINT('',(44.298999699066,-1.274073078435,
    9.406602040848));
#5333 = CARTESIAN_POINT('',(44.292028633385,-1.201846206888,
    9.370487447368));
#5334 = CARTESIAN_POINT('',(44.285205415385,-1.132504487428,
    9.331773838885));
#5335 = CARTESIAN_POINT('',(44.27741190982,-1.054673288526,
    9.283392835344));
#5336 = CARTESIAN_POINT('',(44.276259926679,-1.043205347896,
    9.276130578381));
#5337 = CARTESIAN_POINT('',(44.275113836489,-1.031831693755,
    9.268793318503));
#5338 = CARTESIAN_POINT('',(44.273973838507,-1.020553210036,
    9.261381683198));
#5339 = CARTESIAN_POINT('',(44.272840126827,-1.009370726955,
    9.253896338828));
#5340 = CARTESIAN_POINT('',(44.271712890376,-0.998285021006,
    9.246337990625));
#5341 = PCURVE('',#2721,#5342);
#5342 = DEFINITIONAL_REPRESENTATION('',(#5343),#5366);
#5343 = B_SPLINE_CURVE_WITH_KNOTS('',6,(#5344,#5345,#5346,#5347,#5348,
    #5349,#5350,#5351,#5352,#5353,#5354,#5355,#5356,#5357,#5358,#5359,
    #5360,#5361,#5362,#5363,#5364,#5365),.UNSPECIFIED.,.F.,.F.,(7,5,5,5,
    7),(0.,0.412421246634,0.690350960679,0.954003764211,1.),
  .UNSPECIFIED.);
#5344 = CARTESIAN_POINT('',(-4.653746953954,-6.299560546875));
#5345 = CARTESIAN_POINT('',(-4.650472148521,-6.299560546875));
#5346 = CARTESIAN_POINT('',(-4.647212657943,-6.303382113296));
#5347 = CARTESIAN_POINT('',(-4.643974703482,-6.31142358038));
#5348 = CARTESIAN_POINT('',(-4.640768178779,-6.324136990922));
#5349 = CARTESIAN_POINT('',(-4.637606528428,-6.342010236469));
#5350 = CARTESIAN_POINT('',(-4.632416866057,-6.381316181794));
#5351 = CARTESIAN_POINT('',(-4.63035554989,-6.399686398171));
#5352 = CARTESIAN_POINT('',(-4.628327561596,-6.420735736021));
#5353 = CARTESIAN_POINT('',(-4.62633908471,-6.444586641011));
#5354 = CARTESIAN_POINT('',(-4.624396849431,-6.471329867943));
#5355 = CARTESIAN_POINT('',(-4.620715834865,-6.529152843591));
#5356 = CARTESIAN_POINT('',(-4.618971576528,-6.559941461169));
#5357 = CARTESIAN_POINT('',(-4.617281248963,-6.593398059152));
#5358 = CARTESIAN_POINT('',(-4.615650635418,-6.629512652632));
#5359 = CARTESIAN_POINT('',(-4.614084871128,-6.668226261115));
#5360 = CARTESIAN_POINT('',(-4.612327108859,-6.716607264656));
#5361 = CARTESIAN_POINT('',(-4.612068105385,-6.723869521619));
#5362 = CARTESIAN_POINT('',(-4.611811223327,-6.731206781497));
#5363 = CARTESIAN_POINT('',(-4.611556482868,-6.738618416802));
#5364 = CARTESIAN_POINT('',(-4.611303902978,-6.746103761172));
#5365 = CARTESIAN_POINT('',(-4.611053501418,-6.753662109375));
#5366 = ( GEOMETRIC_REPRESENTATION_CONTEXT(2) 
PARAMETRIC_REPRESENTATION_CONTEXT() REPRESENTATION_CONTEXT('2D SPACE',''
  ) );
#5367 = PCURVE('',#5368,#5375);
#5368 = B_SPLINE_SURFACE_WITH_KNOTS('',2,1,(
    (#5369,#5370)
    ,(#5371,#5372)
    ,(#5373,#5374
    )),.UNSPECIFIED.,.F.,.F.,.F.,(3,3),(2,2),(0.,1.),(-0.6,0.),
  .PIECEWISE_BEZIER_KNOTS.);
#5369 = CARTESIAN_POINT('',(44.006286574212,-1.014818028853,
    9.246337990625));
#5370 = CARTESIAN_POINT('',(44.605125993014,-0.977517218018,
    9.246337990625));
#5371 = CARTESIAN_POINT('',(44.04787357848,-1.682469399099,
    9.700439553125));
#5372 = CARTESIAN_POINT('',(44.646712997282,-1.645168588264,
    9.700439553125));
#5373 = CARTESIAN_POINT('',(44.124369381951,-2.910558050939,
    9.700439553125));
#5374 = CARTESIAN_POINT('',(44.723208800753,-2.873257240104,
    9.700439553125));
#5375 = DEFINITIONAL_REPRESENTATION('',(#5376),#5399);
#5376 = B_SPLINE_CURVE_WITH_KNOTS('',6,(#5377,#5378,#5379,#5380,#5381,
    #5382,#5383,#5384,#5385,#5386,#5387,#5388,#5389,#5390,#5391,#5392,
    #5393,#5394,#5395,#5396,#5397,#5398),.UNSPECIFIED.,.F.,.F.,(7,5,5,5,
    7),(0.,0.412421246634,0.690350960679,0.954003764211,1.),
  .UNSPECIFIED.);
#5377 = CARTESIAN_POINT('',(1.,-0.300282955533));
#5378 = CARTESIAN_POINT('',(0.940783577325,-0.299763272054));
#5379 = CARTESIAN_POINT('',(0.879923013756,-0.299818701091));
#5380 = CARTESIAN_POINT('',(0.817331808448,-0.300440159149));
#5381 = CARTESIAN_POINT('',(0.752962840447,-0.301612119468));
#5382 = CARTESIAN_POINT('',(0.686815070693,-0.303304131666));
#5383 = CARTESIAN_POINT('',(0.573234074991,-0.306923890237));
#5384 = CARTESIAN_POINT('',(0.526735735668,-0.308594697269));
#5385 = CARTESIAN_POINT('',(0.479495491571,-0.31046369946));
#5386 = CARTESIAN_POINT('',(0.431563774037,-0.312510933587));
#5387 = CARTESIAN_POINT('',(0.383016733814,-0.314711935991));
#5388 = CARTESIAN_POINT('',(0.287425537167,-0.319244341204));
#5389 = CARTESIAN_POINT('',(0.240428414959,-0.321563438953));
#5390 = CARTESIAN_POINT('',(0.193067456177,-0.323970443332));
#5391 = CARTESIAN_POINT('',(0.145452118141,-0.326437823413));
#5392 = CARTESIAN_POINT('',(9.770468693684E-02,-0.32893700598));
#5393 = CARTESIAN_POINT('',(4.163210127671E-02,-0.331876825173));
#5394 = CARTESIAN_POINT('',(3.330292391982E-02,-0.33231364089));
#5395 = CARTESIAN_POINT('',(2.497444748414E-02,-0.33275043666));
#5396 = CARTESIAN_POINT('',(1.664735079178E-02,-0.333187068562));
#5397 = CARTESIAN_POINT('',(8.322310279771E-03,-0.333623394491));
#5398 = CARTESIAN_POINT('',(0.,-0.334059274159));
#5399 = ( GEOMETRIC_REPRESENTATION_CONTEXT(2) 
PARAMETRIC_REPRESENTATION_CONTEXT() REPRESENTATION_CONTEXT('2D SPACE',''
  ) );
#5400 = ORIENTED_EDGE('',*,*,#5401,.F.);
#5401 = EDGE_CURVE('',#5402,#5315,#5404,.T.);
#5402 = VERTEX_POINT('',#5403);
#5403 = CARTESIAN_POINT('',(44.4841992247,-4.314243137393,9.50634775625)
  );
#5404 = SURFACE_CURVE('',#5405,(#5424,#5446),.PCURVE_S1.);
#5405 = B_SPLINE_CURVE_WITH_KNOTS('',5,(#5406,#5407,#5408,#5409,#5410,
    #5411,#5412,#5413,#5414,#5415,#5416,#5417,#5418,#5419,#5420,#5421,
    #5422,#5423),.UNSPECIFIED.,.F.,.F.,(6,4,4,4,6),(0.,0.223941966143,
    0.462837009156,0.72099610525,1.),.UNSPECIFIED.);
#5406 = CARTESIAN_POINT('',(44.4841992247,-4.314243137393,9.50634775625)
  );
#5407 = CARTESIAN_POINT('',(44.482778237411,-4.260934163476,
    9.526427797762));
#5408 = CARTESIAN_POINT('',(44.481227152954,-4.205742325022,
    9.544929801196));
#5409 = CARTESIAN_POINT('',(44.479540145846,-4.148874094746,
    9.561904061539));
#5410 = CARTESIAN_POINT('',(44.477712865181,-4.090524156306,
    9.577420660352));
#5411 = CARTESIAN_POINT('',(44.473639463727,-3.967208903388,
    9.606630773982));
#5412 = CARTESIAN_POINT('',(44.4713735594,-3.902063174908,9.620133119286
    ));
#5413 = CARTESIAN_POINT('',(44.468940114354,-3.835621931096,
    9.632151904796));
#5414 = CARTESIAN_POINT('',(44.466336528053,-3.768058214747,
    9.642781435699));
#5415 = CARTESIAN_POINT('',(44.460561159503,-3.625434018509,
    9.66219188476));
#5416 = CARTESIAN_POINT('',(44.457360512908,-3.550210346613,
    9.670754256673));
#5417 = CARTESIAN_POINT('',(44.45395646617,-3.474013350551,
    9.677910502392));
#5418 = CARTESIAN_POINT('',(44.450347438657,-3.396984960736,
    9.683763409961));
#5419 = CARTESIAN_POINT('',(44.442409784515,-3.235206347372,
    9.693422804252));
#5420 = CARTESIAN_POINT('',(44.438046565295,-3.150336968065,
    9.697025790417));
#5421 = CARTESIAN_POINT('',(44.433441920679,-3.064764780407,
    9.699330778442));
#5422 = CARTESIAN_POINT('',(44.428595307247,-2.978600100912,
    9.700439553125));
#5423 = CARTESIAN_POINT('',(44.42350668314,-2.891925236306,
    9.700439553125));
#5424 = PCURVE('',#2721,#5425);
#5425 = DEFINITIONAL_REPRESENTATION('',(#5426),#5445);
#5426 = B_SPLINE_CURVE_WITH_KNOTS('',5,(#5427,#5428,#5429,#5430,#5431,
    #5432,#5433,#5434,#5435,#5436,#5437,#5438,#5439,#5440,#5441,#5442,
    #5443,#5444),.UNSPECIFIED.,.F.,.F.,(6,4,4,4,6),(0.,0.223941966143,
    0.462837009156,0.72099610525,1.),.UNSPECIFIED.);
#5427 = CARTESIAN_POINT('',(-4.685739604515,-6.49365234375));
#5428 = CARTESIAN_POINT('',(-4.684541224532,-6.473572302238));
#5429 = CARTESIAN_POINT('',(-4.683300470108,-6.455070298804));
#5430 = CARTESIAN_POINT('',(-4.682021972364,-6.438096038461));
#5431 = CARTESIAN_POINT('',(-4.680710096925,-6.422579439648));
#5432 = CARTESIAN_POINT('',(-4.677937456212,-6.393369326018));
#5433 = CARTESIAN_POINT('',(-4.676472624225,-6.379866980714));
#5434 = CARTESIAN_POINT('',(-4.674978564997,-6.367848195204));
#5435 = CARTESIAN_POINT('',(-4.673459155256,-6.357218664301));
#5436 = CARTESIAN_POINT('',(-4.670251490512,-6.33780821524));
#5437 = CARTESIAN_POINT('',(-4.668559545076,-6.329245843327));
#5438 = CARTESIAN_POINT('',(-4.666845550388,-6.322089597608));
#5439 = CARTESIAN_POINT('',(-4.665112680711,-6.316236690039));
#5440 = CARTESIAN_POINT('',(-4.661472832925,-6.306577295748));
#5441 = CARTESIAN_POINT('',(-4.659563142381,-6.302974309583));
#5442 = CARTESIAN_POINT('',(-4.657637397269,-6.300669321558));
#5443 = CARTESIAN_POINT('',(-4.655698057572,-6.299560546875));
#5444 = CARTESIAN_POINT('',(-4.653746953954,-6.299560546875));
#5445 = ( GEOMETRIC_REPRESENTATION_CONTEXT(2) 
PARAMETRIC_REPRESENTATION_CONTEXT() REPRESENTATION_CONTEXT('2D SPACE',''
  ) );
#5446 = PCURVE('',#5447,#5454);
#5447 = B_SPLINE_SURFACE_WITH_KNOTS('',2,1,(
    (#5448,#5449)
    ,(#5450,#5451)
    ,(#5452,#5453
    )),.UNSPECIFIED.,.F.,.F.,.F.,(3,3),(2,2),(0.,1.),(-0.6,0.),
  .PIECEWISE_BEZIER_KNOTS.);
#5448 = CARTESIAN_POINT('',(44.124369381951,-2.910558050939,
    9.700439553125));
#5449 = CARTESIAN_POINT('',(44.723208800753,-2.873257240104,
    9.700439553125));
#5450 = CARTESIAN_POINT('',(44.180830570227,-3.817004436821,
    9.700439553125));
#5451 = CARTESIAN_POINT('',(44.779669989029,-3.779703625986,
    9.700439553125));
#5452 = CARTESIAN_POINT('',(44.212855599061,-4.331144725587,
    9.50634775625));
#5453 = CARTESIAN_POINT('',(44.811695017863,-4.293843914752,
    9.50634775625));
#5454 = DEFINITIONAL_REPRESENTATION('',(#5455),#5474);
#5455 = B_SPLINE_CURVE_WITH_KNOTS('',5,(#5456,#5457,#5458,#5459,#5460,
    #5461,#5462,#5463,#5464,#5465,#5466,#5467,#5468,#5469,#5470,#5471,
    #5472,#5473),.UNSPECIFIED.,.F.,.F.,(6,4,4,4,6),(0.,0.223941966143,
    0.462837009156,0.72099610525,1.),.UNSPECIFIED.);
#5456 = CARTESIAN_POINT('',(1.,-0.328130496638));
#5457 = CARTESIAN_POINT('',(0.948271792433,-0.326234622056));
#5458 = CARTESIAN_POINT('',(0.897263944001,-0.324351539037));
#5459 = CARTESIAN_POINT('',(0.847033631296,-0.322499897797));
#5460 = CARTESIAN_POINT('',(0.797609543063,-0.320696143923));
#5461 = CARTESIAN_POINT('',(0.697144665142,-0.317095401318));
#5462 = CARTESIAN_POINT('',(0.646217205496,-0.315306941877));
#5463 = CARTESIAN_POINT('',(0.596226219591,-0.31360515946));
#5464 = CARTESIAN_POINT('',(0.547161557483,-0.312003407301));
#5465 = CARTESIAN_POINT('',(0.446954584239,-0.308900940937));
#5466 = CARTESIAN_POINT('',(0.395965278372,-0.307418889922));
#5467 = CARTESIAN_POINT('',(0.34600192151,-0.306079335978));
#5468 = CARTESIAN_POINT('',(0.297027845457,-0.304892680213));
#5469 = CARTESIAN_POINT('',(0.197093733742,-0.302757524778));
#5470 = CARTESIAN_POINT('',(0.146293929194,-0.301836143108));
#5471 = CARTESIAN_POINT('',(9.654685856843E-02,-0.301112027644));
#5472 = CARTESIAN_POINT('',(4.779963673742E-02,-0.30059257891));
#5473 = CARTESIAN_POINT('',(0.,-0.300282955533));
#5474 = ( GEOMETRIC_REPRESENTATION_CONTEXT(2) 
PARAMETRIC_REPRESENTATION_CONTEXT() REPRESENTATION_CONTEXT('2D SPACE',''
  ) );
#5475 = ORIENTED_EDGE('',*,*,#5476,.F.);
#5476 = EDGE_CURVE('',#5477,#5402,#5479,.T.);
#5477 = VERTEX_POINT('',#5478);
#5478 = CARTESIAN_POINT('',(44.497671761524,-5.044799161206,
    8.892334084375));
#5479 = SURFACE_CURVE('',#5480,(#5495,#5513),.PCURVE_S1.);
#5480 = B_SPLINE_CURVE_WITH_KNOTS('',5,(#5481,#5482,#5483,#5484,#5485,
    #5486,#5487,#5488,#5489,#5490,#5491,#5492,#5493,#5494),
  .UNSPECIFIED.,.F.,.F.,(6,4,4,6),(0.,0.410104093918,0.652694932078,1.),
  .UNSPECIFIED.);
#5481 = CARTESIAN_POINT('',(44.497671761524,-5.044799161206,
    8.892334084375));
#5482 = CARTESIAN_POINT('',(44.497328141913,-5.011208993189,
    8.957902354167));
#5483 = CARTESIAN_POINT('',(44.496899455282,-4.972406117593,
    9.021264085344));
#5484 = CARTESIAN_POINT('',(44.496363482894,-4.92811617471,
    9.082028222581));
#5485 = CARTESIAN_POINT('',(44.495689674775,-4.878158674145,
    9.139769530061));
#5486 = CARTESIAN_POINT('',(44.494343779827,-4.789752487363,
    9.226260957398));
#5487 = CARTESIAN_POINT('',(44.493783447539,-4.754937013903,
    9.257220613521));
#5488 = CARTESIAN_POINT('',(44.493155872691,-4.718179357305,
    9.286915300186));
#5489 = CARTESIAN_POINT('',(44.492453922884,-4.679522319851,
    9.315282035989));
#5490 = CARTESIAN_POINT('',(44.490548864401,-4.581075348913,
    9.380913928107));
#5491 = CARTESIAN_POINT('',(44.489260222117,-4.519361982088,
    9.416738114589));
#5492 = CARTESIAN_POINT('',(44.487784230887,-4.454110813605,
    9.449601516202));
#5493 = CARTESIAN_POINT('',(44.486101851454,-4.385621031336,
    9.479461643686));
#5494 = CARTESIAN_POINT('',(44.4841992247,-4.314243137393,9.50634775625)
  );
#5495 = PCURVE('',#2721,#5496);
#5496 = DEFINITIONAL_REPRESENTATION('',(#5497),#5512);
#5497 = B_SPLINE_CURVE_WITH_KNOTS('',5,(#5498,#5499,#5500,#5501,#5502,
    #5503,#5504,#5505,#5506,#5507,#5508,#5509,#5510,#5511),
  .UNSPECIFIED.,.F.,.F.,(6,4,4,6),(0.,0.410104093918,0.652694932078,1.),
  .UNSPECIFIED.);
#5498 = CARTESIAN_POINT('',(-4.702159569651,-7.107666015625));
#5499 = CARTESIAN_POINT('',(-4.701404694919,-7.042097745833));
#5500 = CARTESIAN_POINT('',(-4.700532667271,-6.978736014656));
#5501 = CARTESIAN_POINT('',(-4.699537315604,-6.917971877419));
#5502 = CARTESIAN_POINT('',(-4.698414574719,-6.860230569939));
#5503 = CARTESIAN_POINT('',(-4.696427688626,-6.773739142602));
#5504 = CARTESIAN_POINT('',(-4.695645217397,-6.742779486479));
#5505 = CARTESIAN_POINT('',(-4.694819082862,-6.713084799814));
#5506 = CARTESIAN_POINT('',(-4.693950242788,-6.684718064011));
#5507 = CARTESIAN_POINT('',(-4.691737537131,-6.619086171893));
#5508 = CARTESIAN_POINT('',(-4.690350419204,-6.583261985411));
#5509 = CARTESIAN_POINT('',(-4.688883728993,-6.550398583798));
#5510 = CARTESIAN_POINT('',(-4.687344171871,-6.520538456314));
#5511 = CARTESIAN_POINT('',(-4.685739604515,-6.49365234375));
#5512 = ( GEOMETRIC_REPRESENTATION_CONTEXT(2) 
PARAMETRIC_REPRESENTATION_CONTEXT() REPRESENTATION_CONTEXT('2D SPACE',''
  ) );
#5513 = PCURVE('',#5514,#5521);
#5514 = B_SPLINE_SURFACE_WITH_KNOTS('',2,1,(
    (#5515,#5516)
    ,(#5517,#5518)
    ,(#5519,#5520
    )),.UNSPECIFIED.,.F.,.F.,.F.,(3,3),(2,2),(0.,1.),(-0.6,0.),
  .PIECEWISE_BEZIER_KNOTS.);
#5515 = CARTESIAN_POINT('',(44.212855599061,-4.331144725587,
    9.50634775625));
#5516 = CARTESIAN_POINT('',(44.811695017863,-4.293843914752,
    9.50634775625));
#5517 = CARTESIAN_POINT('',(44.244880627895,-4.845285014354,
    9.312255959375));
#5518 = CARTESIAN_POINT('',(44.843720046697,-4.807984203518,
    9.312255959375));
#5519 = CARTESIAN_POINT('',(44.258237038025,-5.059713191659,
    8.892334084375));
#5520 = CARTESIAN_POINT('',(44.857076456827,-5.022412380824,
    8.892334084375));
#5521 = DEFINITIONAL_REPRESENTATION('',(#5522),#5537);
#5522 = B_SPLINE_CURVE_WITH_KNOTS('',5,(#5523,#5524,#5525,#5526,#5527,
    #5528,#5529,#5530,#5531,#5532,#5533,#5534,#5535,#5536),
  .UNSPECIFIED.,.F.,.F.,(6,4,4,6),(0.,0.410104093918,0.652694932078,1.),
  .UNSPECIFIED.);
#5523 = CARTESIAN_POINT('',(1.,-0.36010123985));
#5524 = CARTESIAN_POINT('',(0.921928013643,-0.358355960625));
#5525 = CARTESIAN_POINT('',(0.842385686113,-0.356371520176));
#5526 = CARTESIAN_POINT('',(0.761531307142,-0.354153037863));
#5527 = CARTESIAN_POINT('',(0.679612804265,-0.351719783837));
#5528 = CARTESIAN_POINT('',(0.548131850414,-0.347567038));
#5529 = CARTESIAN_POINT('',(0.499018845144,-0.345961877453));
#5530 = CARTESIAN_POINT('',(0.449737364492,-0.344303087724));
#5531 = CARTESIAN_POINT('',(0.400368900978,-0.342600448345));
#5532 = CARTESIAN_POINT('',(0.280321481281,-0.338381568803));
#5533 = CARTESIAN_POINT('',(0.209636750677,-0.33583112076));
#5534 = CARTESIAN_POINT('',(0.139207079972,-0.333247721157));
#5535 = CARTESIAN_POINT('',(6.92613314851E-02,-0.330668972339));
#5536 = CARTESIAN_POINT('',(0.,-0.328130496638));
#5537 = ( GEOMETRIC_REPRESENTATION_CONTEXT(2) 
PARAMETRIC_REPRESENTATION_CONTEXT() REPRESENTATION_CONTEXT('2D SPACE',''
  ) );
#5538 = ORIENTED_EDGE('',*,*,#5539,.F.);
#5539 = EDGE_CURVE('',#5540,#5477,#5542,.T.);
#5540 = VERTEX_POINT('',#5541);
#5541 = CARTESIAN_POINT('',(44.465781893256,-3.755224764782,
    8.802002053125));
#5542 = SURFACE_CURVE('',#5543,(#5549,#5558),.PCURVE_S1.);
#5543 = B_SPLINE_CURVE_WITH_KNOTS('',4,(#5544,#5545,#5546,#5547,#5548),
  .UNSPECIFIED.,.F.,.F.,(5,5),(0.,1.),.PIECEWISE_BEZIER_KNOTS.);
#5544 = CARTESIAN_POINT('',(44.465781893256,-3.755224764782,
    8.802002053125));
#5545 = CARTESIAN_POINT('',(44.478430221208,-4.077568743943,
    8.82460196076));
#5546 = CARTESIAN_POINT('',(44.487961242952,-4.399993392409,
    8.84719392997));
#5547 = CARTESIAN_POINT('',(44.494373971587,-4.722427228512,
    8.869772957011));
#5548 = CARTESIAN_POINT('',(44.497671761524,-5.044799161206,
    8.892334084375));
#5549 = PCURVE('',#2721,#5550);
#5550 = DEFINITIONAL_REPRESENTATION('',(#5551),#5557);
#5551 = B_SPLINE_CURVE_WITH_KNOTS('',4,(#5552,#5553,#5554,#5555,#5556),
  .UNSPECIFIED.,.F.,.F.,(5,5),(0.,1.),.PIECEWISE_BEZIER_KNOTS.);
#5552 = CARTESIAN_POINT('',(-4.673170495315,-7.197998046875));
#5553 = CARTESIAN_POINT('',(-4.680419754531,-7.17539813924));
#5554 = CARTESIAN_POINT('',(-4.687668078427,-7.15280617003));
#5555 = CARTESIAN_POINT('',(-4.694914877515,-7.130227142989));
#5556 = CARTESIAN_POINT('',(-4.702159569651,-7.107666015625));
#5557 = ( GEOMETRIC_REPRESENTATION_CONTEXT(2) 
PARAMETRIC_REPRESENTATION_CONTEXT() REPRESENTATION_CONTEXT('2D SPACE',''
  ) );
#5558 = PCURVE('',#5559,#5564);
#5559 = B_SPLINE_SURFACE_WITH_KNOTS('',1,1,(
    (#5560,#5561)
    ,(#5562,#5563
    )),.UNSPECIFIED.,.F.,.F.,.F.,(2,2),(2,2),(0.,0.650830552522),(-0.6,
    0.),.PIECEWISE_BEZIER_KNOTS.);
#5560 = CARTESIAN_POINT('',(44.258237038025,-5.059713191659,
    8.892334084375));
#5561 = CARTESIAN_POINT('',(44.857076456827,-5.022412380824,
    8.892334084375));
#5562 = CARTESIAN_POINT('',(44.178098577246,-3.773144127827,
    8.802002053125));
#5563 = CARTESIAN_POINT('',(44.776937996048,-3.735843316991,
    8.802002053125));
#5564 = DEFINITIONAL_REPRESENTATION('',(#5565),#5571);
#5565 = B_SPLINE_CURVE_WITH_KNOTS('',4,(#5566,#5567,#5568,#5569,#5570),
  .UNSPECIFIED.,.F.,.F.,(5,5),(0.,1.),.PIECEWISE_BEZIER_KNOTS.);
#5566 = CARTESIAN_POINT('',(0.650830552522,-0.311759139118));
#5567 = CARTESIAN_POINT('',(0.488001153364,-0.319174763169));
#5568 = CARTESIAN_POINT('',(0.325228949531,-0.329706678668));
#5569 = CARTESIAN_POINT('',(0.16254999234,-0.343351426732));
#5570 = CARTESIAN_POINT('',(0.,-0.36010123985));
#5571 = ( GEOMETRIC_REPRESENTATION_CONTEXT(2) 
PARAMETRIC_REPRESENTATION_CONTEXT() REPRESENTATION_CONTEXT('2D SPACE',''
  ) );
#5572 = ORIENTED_EDGE('',*,*,#5573,.F.);
#5573 = EDGE_CURVE('',#5574,#5540,#5576,.T.);
#5574 = VERTEX_POINT('',#5575);
#5575 = CARTESIAN_POINT('',(44.422645749525,-2.877302035657,
    9.160888771875));
#5576 = SURFACE_CURVE('',#5577,(#5596,#5618),.PCURVE_S1.);
#5577 = B_SPLINE_CURVE_WITH_KNOTS('',5,(#5578,#5579,#5580,#5581,#5582,
    #5583,#5584,#5585,#5586,#5587,#5588,#5589,#5590,#5591,#5592,#5593,
    #5594,#5595),.UNSPECIFIED.,.F.,.F.,(6,4,4,4,6),(0.,0.282250552501,
    0.421005674711,0.69067246815,1.),.UNSPECIFIED.);
#5578 = CARTESIAN_POINT('',(44.422645749525,-2.877302035657,
    9.160888771875));
#5579 = CARTESIAN_POINT('',(44.42663071305,-2.944798417385,
    9.160888771875));
#5580 = CARTESIAN_POINT('',(44.430426193143,-3.011263970743,
    9.158725141622));
#5581 = CARTESIAN_POINT('',(44.434024178993,-3.076430727008,
    9.154148553868));
#5582 = CARTESIAN_POINT('',(44.43741276468,-3.139892002144,
    9.146867397525));
#5583 = CARTESIAN_POINT('',(44.442139585339,-3.231269410315,
    9.131594337502));
#5584 = CARTESIAN_POINT('',(44.443644319644,-3.260852981039,
    9.125846244629));
#5585 = CARTESIAN_POINT('',(44.445094575456,-3.289842741689,
    9.119353296394));
#5586 = CARTESIAN_POINT('',(44.446489153353,-3.31817377124,9.11209077233
    ));
#5587 = CARTESIAN_POINT('',(44.450427071182,-3.399424377638,
    9.088392636271));
#5588 = CARTESIAN_POINT('',(44.452813519216,-3.450337355052,
    9.069764417496));
#5589 = CARTESIAN_POINT('',(44.454977103189,-3.497985491164,
    9.048030287025));
#5590 = CARTESIAN_POINT('',(44.456916295021,-3.541892292028,
    9.023180383448));
#5591 = CARTESIAN_POINT('',(44.460609444944,-3.627487559221,
    8.963592482943));
#5592 = CARTESIAN_POINT('',(44.462295055376,-3.66792181519,
    8.927922386389));
#5593 = CARTESIAN_POINT('',(44.463700865223,-3.70259254117,
    8.888736803172));
#5594 = CARTESIAN_POINT('',(44.464854363502,-3.731586570651,8.8465734584
    ));
#5595 = CARTESIAN_POINT('',(44.465781893256,-3.755224764782,
    8.802002053125));
#5596 = PCURVE('',#2721,#5597);
#5597 = DEFINITIONAL_REPRESENTATION('',(#5598),#5617);
#5598 = B_SPLINE_CURVE_WITH_KNOTS('',5,(#5599,#5600,#5601,#5602,#5603,
    #5604,#5605,#5606,#5607,#5608,#5609,#5610,#5611,#5612,#5613,#5614,
    #5615,#5616),.UNSPECIFIED.,.F.,.F.,(6,4,4,4,6),(0.,0.282250552501,
    0.421005674711,0.69067246815,1.),.UNSPECIFIED.);
#5599 = CARTESIAN_POINT('',(-4.653417773678,-6.839111328125));
#5600 = CARTESIAN_POINT('',(-4.654937187494,-6.839111328125));
#5601 = CARTESIAN_POINT('',(-4.656433225941,-6.841274958378));
#5602 = CARTESIAN_POINT('',(-4.657899874397,-6.845851546132));
#5603 = CARTESIAN_POINT('',(-4.659328000047,-6.853132702475));
#5604 = CARTESIAN_POINT('',(-4.661384170435,-6.868405762498));
#5605 = CARTESIAN_POINT('',(-4.662049828933,-6.874153855371));
#5606 = CARTESIAN_POINT('',(-4.662702098615,-6.880646803606));
#5607 = CARTESIAN_POINT('',(-4.66333952163,-6.88790932767));
#5608 = CARTESIAN_POINT('',(-4.66516752115,-6.911607463729));
#5609 = CARTESIAN_POINT('',(-4.666312887708,-6.930235682504));
#5610 = CARTESIAN_POINT('',(-4.667384734352,-6.951969812975));
#5611 = CARTESIAN_POINT('',(-4.668372365385,-6.976819716552));
#5612 = CARTESIAN_POINT('',(-4.67029764412,-7.036407617057));
#5613 = CARTESIAN_POINT('',(-4.671207067321,-7.072077713611));
#5614 = CARTESIAN_POINT('',(-4.671986824615,-7.111263296828));
#5615 = CARTESIAN_POINT('',(-4.672638891167,-7.1534266416));
#5616 = CARTESIAN_POINT('',(-4.673170495315,-7.197998046875));
#5617 = ( GEOMETRIC_REPRESENTATION_CONTEXT(2) 
PARAMETRIC_REPRESENTATION_CONTEXT() REPRESENTATION_CONTEXT('2D SPACE',''
  ) );
#5618 = PCURVE('',#5619,#5626);
#5619 = B_SPLINE_SURFACE_WITH_KNOTS('',2,1,(
    (#5620,#5621)
    ,(#5622,#5623)
    ,(#5624,#5625
    )),.UNSPECIFIED.,.F.,.F.,.F.,(3,3),(2,2),(0.,1.),(-0.6,0.),
  .PIECEWISE_BEZIER_KNOTS.);
#5620 = CARTESIAN_POINT('',(44.178098577246,-3.773144127827,
    8.802002053125));
#5621 = CARTESIAN_POINT('',(44.776937996048,-3.735843316991,
    8.802002053125));
#5622 = CARTESIAN_POINT('',(44.166259940995,-3.583082788852,
    9.160888771875));
#5623 = CARTESIAN_POINT('',(44.765099359797,-3.545781978016,
    9.160888771875));
#5624 = CARTESIAN_POINT('',(44.123458717624,-2.895937947941,
    9.160888771875));
#5625 = CARTESIAN_POINT('',(44.722298136426,-2.858637137106,
    9.160888771875));
#5626 = DEFINITIONAL_REPRESENTATION('',(#5627),#5646);
#5627 = B_SPLINE_CURVE_WITH_KNOTS('',5,(#5628,#5629,#5630,#5631,#5632,
    #5633,#5634,#5635,#5636,#5637,#5638,#5639,#5640,#5641,#5642,#5643,
    #5644,#5645),.UNSPECIFIED.,.F.,.F.,(6,4,4,4,6),(0.,0.282250552501,
    0.421005674711,0.69067246815,1.),.UNSPECIFIED.);
#5628 = CARTESIAN_POINT('',(1.,-0.30023312844));
#5629 = CARTESIAN_POINT('',(0.950896251006,-0.300451989317));
#5630 = CARTESIAN_POINT('',(0.900367635296,-0.30079588255));
#5631 = CARTESIAN_POINT('',(0.848357464847,-0.301256144372));
#5632 = CARTESIAN_POINT('',(0.794867157843,-0.301819374931));
#5633 = CARTESIAN_POINT('',(0.713027203625,-0.302782449732));
#5634 = CARTESIAN_POINT('',(0.685722832807,-0.303119777997));
#5635 = CARTESIAN_POINT('',(0.658100638139,-0.303474563382));
#5636 = CARTESIAN_POINT('',(0.630182816497,-0.303843966976));
#5637 = CARTESIAN_POINT('',(0.547227585208,-0.304964855435));
#5638 = CARTESIAN_POINT('',(0.491441907876,-0.305748182412));
#5639 = CARTESIAN_POINT('',(0.434902491254,-0.30655097365));
#5640 = CARTESIAN_POINT('',(0.3779448457,-0.30734513159));
#5641 = CARTESIAN_POINT('',(0.255680183384,-0.30898041345));
#5642 = CARTESIAN_POINT('',(0.190345937928,-0.309811781053));
#5643 = CARTESIAN_POINT('',(0.125658876214,-0.310564100786));
#5644 = CARTESIAN_POINT('',(6.209676054621E-02,-0.311215335069));
#5645 = CARTESIAN_POINT('',(0.,-0.311759139118));
#5646 = ( GEOMETRIC_REPRESENTATION_CONTEXT(2) 
PARAMETRIC_REPRESENTATION_CONTEXT() REPRESENTATION_CONTEXT('2D SPACE',''
  ) );
#5647 = ORIENTED_EDGE('',*,*,#5648,.F.);
#5648 = EDGE_CURVE('',#5649,#5574,#5651,.T.);
#5649 = VERTEX_POINT('',#5650);
#5650 = CARTESIAN_POINT('',(44.361605538299,-1.993156110632,
    8.885009865625));
#5651 = SURFACE_CURVE('',#5652,(#5671,#5693),.PCURVE_S1.);
#5652 = B_SPLINE_CURVE_WITH_KNOTS('',5,(#5653,#5654,#5655,#5656,#5657,
    #5658,#5659,#5660,#5661,#5662,#5663,#5664,#5665,#5666,#5667,#5668,
    #5669,#5670),.UNSPECIFIED.,.F.,.F.,(6,4,4,4,6),(0.,0.307089854866,
    0.529028768933,0.756216815297,1.),.UNSPECIFIED.);
#5653 = CARTESIAN_POINT('',(44.361605538299,-1.993156110632,
    8.885009865625));
#5654 = CARTESIAN_POINT('',(44.364620108211,-2.031290446103,
    8.919041534637));
#5655 = CARTESIAN_POINT('',(44.367825838591,-2.072364689893,
    8.950818859847));
#5656 = CARTESIAN_POINT('',(44.371209375216,-2.116369726187,
    8.980121235299));
#5657 = CARTESIAN_POINT('',(44.37474890698,-2.163216849775,9.00677473056
    ));
#5658 = CARTESIAN_POINT('',(44.381063822199,-2.248468031515,
    9.047961009892));
#5659 = CARTESIAN_POINT('',(44.383779184291,-2.285614002481,
    9.063806324982));
#5660 = CARTESIAN_POINT('',(44.3865494049,-2.324066201795,9.078183343737
    ));
#5661 = CARTESIAN_POINT('',(44.389362539591,-2.363734034916,
    9.091081110761));
#5662 = CARTESIAN_POINT('',(44.395116632263,-2.446253112332,
    9.114214861393));
#5663 = CARTESIAN_POINT('',(44.398059191574,-2.489159165564,
    9.124380813168));
#5664 = CARTESIAN_POINT('',(44.401020376105,-2.533118085612,
    9.133023930512));
#5665 = CARTESIAN_POINT('',(44.403987446722,-2.578014671888,
    9.140183377522));
#5666 = CARTESIAN_POINT('',(44.410126870345,-2.67280197073,9.15205821445
    ));
#5667 = CARTESIAN_POINT('',(44.413298427205,-2.722818547294,
    9.156556938616));
#5668 = CARTESIAN_POINT('',(44.416449664694,-2.773653349657,
    9.159472960204));
#5669 = CARTESIAN_POINT('',(44.419568645608,-2.825182767979,
    9.160888771875));
#5670 = CARTESIAN_POINT('',(44.422645749525,-2.877302035657,
    9.160888771875));
#5671 = PCURVE('',#2721,#5672);
#5672 = DEFINITIONAL_REPRESENTATION('',(#5673),#5692);
#5673 = B_SPLINE_CURVE_WITH_KNOTS('',5,(#5674,#5675,#5676,#5677,#5678,
    #5679,#5680,#5681,#5682,#5683,#5684,#5685,#5686,#5687,#5688,#5689,
    #5690,#5691),.UNSPECIFIED.,.F.,.F.,(6,4,4,4,6),(0.,0.307089854866,
    0.529028768933,0.756216815297,1.),.UNSPECIFIED.);
#5674 = CARTESIAN_POINT('',(-4.633501703264,-7.114990234375));
#5675 = CARTESIAN_POINT('',(-4.634361328046,-7.080958565363));
#5676 = CARTESIAN_POINT('',(-4.635287151252,-7.049181240153));
#5677 = CARTESIAN_POINT('',(-4.636278946322,-7.019878864701));
#5678 = CARTESIAN_POINT('',(-4.637334690069,-6.99322536944));
#5679 = CARTESIAN_POINT('',(-4.639255695643,-6.952039090108));
#5680 = CARTESIAN_POINT('',(-4.640092663448,-6.936193775018));
#5681 = CARTESIAN_POINT('',(-4.640958996659,-6.921816756263));
#5682 = CARTESIAN_POINT('',(-4.641852646776,-6.908918989239));
#5683 = CARTESIAN_POINT('',(-4.643711510863,-6.885785238607));
#5684 = CARTESIAN_POINT('',(-4.644677956015,-6.875619286832));
#5685 = CARTESIAN_POINT('',(-4.645668034627,-6.866976169488));
#5686 = CARTESIAN_POINT('',(-4.646679146601,-6.859816722478));
#5687 = CARTESIAN_POINT('',(-4.648813661604,-6.84794188555));
#5688 = CARTESIAN_POINT('',(-4.649939885965,-6.843443161384));
#5689 = CARTESIAN_POINT('',(-4.651084432272,-6.840527139796));
#5690 = CARTESIAN_POINT('',(-4.652244514706,-6.839111328125));
#5691 = CARTESIAN_POINT('',(-4.653417773678,-6.839111328125));
#5692 = ( GEOMETRIC_REPRESENTATION_CONTEXT(2) 
PARAMETRIC_REPRESENTATION_CONTEXT() REPRESENTATION_CONTEXT('2D SPACE',''
  ) );
#5693 = PCURVE('',#5694,#5701);
#5694 = B_SPLINE_SURFACE_WITH_KNOTS('',2,1,(
    (#5695,#5696)
    ,(#5697,#5698)
    ,(#5699,#5700
    )),.UNSPECIFIED.,.F.,.F.,.F.,(3,3),(2,2),(0.,1.),(-0.6,0.),
  .PIECEWISE_BEZIER_KNOTS.);
#5695 = CARTESIAN_POINT('',(44.123458717624,-2.895937947941,
    9.160888771875));
#5696 = CARTESIAN_POINT('',(44.722298136426,-2.858637137106,
    9.160888771875));
#5697 = CARTESIAN_POINT('',(44.087639254094,-2.320880563349,
    9.160888771875));
#5698 = CARTESIAN_POINT('',(44.686478672896,-2.283579752514,
    9.160888771875));
#5699 = CARTESIAN_POINT('',(44.068363525838,-2.011421716556,
    8.885009865625));
#5700 = CARTESIAN_POINT('',(44.66720294464,-1.974120905721,
    8.885009865625));
#5701 = DEFINITIONAL_REPRESENTATION('',(#5702),#5721);
#5702 = B_SPLINE_CURVE_WITH_KNOTS('',5,(#5703,#5704,#5705,#5706,#5707,
    #5708,#5709,#5710,#5711,#5712,#5713,#5714,#5715,#5716,#5717,#5718,
    #5719,#5720),.UNSPECIFIED.,.F.,.F.,(6,4,4,4,6),(0.,0.307089854866,
    0.529028768933,0.756216815297,1.),.UNSPECIFIED.);
#5703 = CARTESIAN_POINT('',(1.,-0.306189669631));
#5704 = CARTESIAN_POINT('',(0.938321364482,-0.305551666864));
#5705 = CARTESIAN_POINT('',(0.875973170339,-0.304905641664));
#5706 = CARTESIAN_POINT('',(0.81314869782,-0.304264355712));
#5707 = CARTESIAN_POINT('',(0.750071546163,-0.303644063296));
#5708 = CARTESIAN_POINT('',(0.641417141683,-0.302641260036));
#5709 = CARTESIAN_POINT('',(0.595834087929,-0.302240441669));
#5710 = CARTESIAN_POINT('',(0.550345805452,-0.301866076523));
#5711 = CARTESIAN_POINT('',(0.505040574734,-0.301524453851));
#5712 = CARTESIAN_POINT('',(0.41389412825,-0.300911538826));
#5713 = CARTESIAN_POINT('',(0.368063977201,-0.300642055606));
#5714 = CARTESIAN_POINT('',(0.322595645827,-0.300419437835));
#5715 = CARTESIAN_POINT('',(0.277556815289,-0.300249238216));
#5716 = CARTESIAN_POINT('',(0.185188443354,-0.300014428598));
#5717 = CARTESIAN_POINT('',(0.137931297995,-0.299958437922));
#5718 = CARTESIAN_POINT('',(9.129141447307E-02,-0.299973594789));
#5719 = CARTESIAN_POINT('',(4.530744469749E-02,-0.300064128735));
#5720 = CARTESIAN_POINT('',(0.,-0.30023312844));
#5721 = ( GEOMETRIC_REPRESENTATION_CONTEXT(2) 
PARAMETRIC_REPRESENTATION_CONTEXT() REPRESENTATION_CONTEXT('2D SPACE',''
  ) );
#5722 = ORIENTED_EDGE('',*,*,#5723,.F.);
#5723 = EDGE_CURVE('',#5724,#5649,#5726,.T.);
#5724 = VERTEX_POINT('',#5725);
#5725 = CARTESIAN_POINT('',(44.335250424582,-1.674353676883,
    8.067138771875));
#5726 = SURFACE_CURVE('',#5727,(#5740,#5756),.PCURVE_S1.);
#5727 = B_SPLINE_CURVE_WITH_KNOTS('',6,(#5728,#5729,#5730,#5731,#5732,
    #5733,#5734,#5735,#5736,#5737,#5738,#5739),.UNSPECIFIED.,.F.,.F.,(7,
    5,7),(0.,0.63307910978,1.),.UNSPECIFIED.);
#5728 = CARTESIAN_POINT('',(44.335250424582,-1.674353676883,
    8.067138771875));
#5729 = CARTESIAN_POINT('',(44.335403574621,-1.67612852608,
    8.165980782958));
#5730 = CARTESIAN_POINT('',(44.336077586395,-1.683940425216,
    8.263168777915));
#5731 = CARTESIAN_POINT('',(44.337343522949,-1.698626838807,
    8.358313081855));
#5732 = CARTESIAN_POINT('',(44.339281683919,-1.721202454154,
    8.450724985382));
#5733 = CARTESIAN_POINT('',(44.341972211447,-1.752834184175,
    8.539424176676));
#5734 = CARTESIAN_POINT('',(44.34747647004,-1.818706883385,
    8.671844687295));
#5735 = CARTESIAN_POINT('',(44.349762405288,-1.846255006779,
    8.718787256479));
#5736 = CARTESIAN_POINT('',(44.352321656411,-1.877362698901,
    8.763840898973));
#5737 = CARTESIAN_POINT('',(44.355155606109,-1.912182801196,
    8.806736188497));
#5738 = CARTESIAN_POINT('',(44.35825676723,-1.950794127647,
    8.847205378781));
#5739 = CARTESIAN_POINT('',(44.361605538299,-1.993156110632,
    8.885009865625));
#5740 = PCURVE('',#2721,#5741);
#5741 = DEFINITIONAL_REPRESENTATION('',(#5742),#5755);
#5742 = B_SPLINE_CURVE_WITH_KNOTS('',6,(#5743,#5744,#5745,#5746,#5747,
    #5748,#5749,#5750,#5751,#5752,#5753,#5754),.UNSPECIFIED.,.F.,.F.,(7,
    5,7),(0.,0.63307910978,1.),.UNSPECIFIED.);
#5743 = CARTESIAN_POINT('',(-4.626313149455,-7.932861328125));
#5744 = CARTESIAN_POINT('',(-4.626353181916,-7.834019317042));
#5745 = CARTESIAN_POINT('',(-4.626529382426,-7.736831322085));
#5746 = CARTESIAN_POINT('',(-4.626860637941,-7.641687018145));
#5747 = CARTESIAN_POINT('',(-4.627369821419,-7.549275114618));
#5748 = CARTESIAN_POINT('',(-4.628083212757,-7.460575923324));
#5749 = CARTESIAN_POINT('',(-4.629568656902,-7.328155412705));
#5750 = CARTESIAN_POINT('',(-4.630189843398,-7.281212843521));
#5751 = CARTESIAN_POINT('',(-4.630891254145,-7.236159201027));
#5752 = CARTESIAN_POINT('',(-4.631676315092,-7.193263911503));
#5753 = CARTESIAN_POINT('',(-4.632546778787,-7.152794721219));
#5754 = CARTESIAN_POINT('',(-4.633501703264,-7.114990234375));
#5755 = ( GEOMETRIC_REPRESENTATION_CONTEXT(2) 
PARAMETRIC_REPRESENTATION_CONTEXT() REPRESENTATION_CONTEXT('2D SPACE',''
  ) );
#5756 = PCURVE('',#5757,#5764);
#5757 = B_SPLINE_SURFACE_WITH_KNOTS('',2,1,(
    (#5758,#5759)
    ,(#5760,#5761)
    ,(#5762,#5763
    )),.UNSPECIFIED.,.F.,.F.,.F.,(3,3),(2,2),(0.,1.),(-0.6,0.),
  .PIECEWISE_BEZIER_KNOTS.);
#5758 = CARTESIAN_POINT('',(44.068363525838,-2.011421716556,
    8.885009865625));
#5759 = CARTESIAN_POINT('',(44.66720294464,-1.974120905721,
    8.885009865625));
#5760 = CARTESIAN_POINT('',(44.049087797583,-1.701962869763,
    8.609130959375));
#5761 = CARTESIAN_POINT('',(44.647927216385,-1.664662058928,
    8.609130959375));
#5762 = CARTESIAN_POINT('',(44.048480688031,-1.692216134431,
    8.067138771875));
#5763 = CARTESIAN_POINT('',(44.647320106833,-1.654915323596,
    8.067138771875));
#5764 = DEFINITIONAL_REPRESENTATION('',(#5765),#5778);
#5765 = B_SPLINE_CURVE_WITH_KNOTS('',6,(#5766,#5767,#5768,#5769,#5770,
    #5771,#5772,#5773,#5774,#5775,#5776,#5777),.UNSPECIFIED.,.F.,.F.,(7,
    5,7),(0.,0.63307910978,1.),.UNSPECIFIED.);
#5766 = CARTESIAN_POINT('',(1.,-0.31267448914));
#5767 = CARTESIAN_POINT('',(0.908816018605,-0.312631974197));
#5768 = CARTESIAN_POINT('',(0.814259421214,-0.312444916451));
#5769 = CARTESIAN_POINT('',(0.716007906606,-0.312094453826));
#5770 = CARTESIAN_POINT('',(0.613867911688,-0.311563523108));
#5771 = CARTESIAN_POINT('',(0.507788408529,-0.310844681836));
#5772 = CARTESIAN_POINT('',(0.33436870378,-0.309446245295));
#5773 = CARTESIAN_POINT('',(0.269505058903,-0.308877343969));
#5774 = CARTESIAN_POINT('',(0.203484188554,-0.308256946776));
#5775 = CARTESIAN_POINT('',(0.136427919796,-0.30759317554));
#5776 = CARTESIAN_POINT('',(6.851645049324E-02,-0.306898402642));
#5777 = CARTESIAN_POINT('',(0.,-0.306189669631));
#5778 = ( GEOMETRIC_REPRESENTATION_CONTEXT(2) 
PARAMETRIC_REPRESENTATION_CONTEXT() REPRESENTATION_CONTEXT('2D SPACE',''
  ) );
#5779 = ORIENTED_EDGE('',*,*,#5780,.F.);
#5780 = EDGE_CURVE('',#5781,#5724,#5783,.T.);
#5781 = VERTEX_POINT('',#5782);
#5782 = CARTESIAN_POINT('',(44.383380442081,-2.28044404715,8.35400400625
    ));
#5783 = SURFACE_CURVE('',#5784,(#5795,#5809),.PCURVE_S1.);
#5784 = B_SPLINE_CURVE_WITH_KNOTS('',5,(#5785,#5786,#5787,#5788,#5789,
    #5790,#5791,#5792,#5793,#5794),.UNSPECIFIED.,.F.,.F.,(6,4,6),(0.,
    0.439920398211,1.),.UNSPECIFIED.);
#5785 = CARTESIAN_POINT('',(44.383380442081,-2.28044404715,8.35400400625
    ));
#5786 = CARTESIAN_POINT('',(44.378382166629,-2.211540023061,
    8.337033123473));
#5787 = CARTESIAN_POINT('',(44.37344173035,-2.145286208494,
    8.318413492495));
#5788 = CARTESIAN_POINT('',(44.368602184114,-2.081993154299,
    8.298047882905));
#5789 = CARTESIAN_POINT('',(44.363913870452,-2.02202149634,
    8.275845964895));
#5790 = CARTESIAN_POINT('',(44.353719746185,-1.894072566126,
    8.221075398001));
#5791 = CARTESIAN_POINT('',(44.34833987662,-1.828376000162,
    8.187328544342));
#5792 = CARTESIAN_POINT('',(44.343399150068,-1.769413571359,
    8.150404088408));
#5793 = CARTESIAN_POINT('',(44.339009914683,-1.717922245702,
    8.110281548944));
#5794 = CARTESIAN_POINT('',(44.335250424582,-1.674353676883,
    8.067138771875));
#5795 = PCURVE('',#2721,#5796);
#5796 = DEFINITIONAL_REPRESENTATION('',(#5797),#5808);
#5797 = B_SPLINE_CURVE_WITH_KNOTS('',5,(#5798,#5799,#5800,#5801,#5802,
    #5803,#5804,#5805,#5806,#5807),.UNSPECIFIED.,.F.,.F.,(6,4,6),(0.,
    0.439920398211,1.),.UNSPECIFIED.);
#5798 = CARTESIAN_POINT('',(-4.639976140773,-7.64599609375));
#5799 = CARTESIAN_POINT('',(-4.638423667225,-7.662966976527));
#5800 = CARTESIAN_POINT('',(-4.636930686916,-7.681586607505));
#5801 = CARTESIAN_POINT('',(-4.635504222388,-7.701952217095));
#5802 = CARTESIAN_POINT('',(-4.634152434342,-7.724154135105));
#5803 = CARTESIAN_POINT('',(-4.631268066073,-7.778924701999));
#5804 = CARTESIAN_POINT('',(-4.629786800579,-7.812671555658));
#5805 = CARTESIAN_POINT('',(-4.628457160777,-7.849596011592));
#5806 = CARTESIAN_POINT('',(-4.627295856633,-7.889718551056));
#5807 = CARTESIAN_POINT('',(-4.626313149455,-7.932861328125));
#5808 = ( GEOMETRIC_REPRESENTATION_CONTEXT(2) 
PARAMETRIC_REPRESENTATION_CONTEXT() REPRESENTATION_CONTEXT('2D SPACE',''
  ) );
#5809 = PCURVE('',#5810,#5817);
#5810 = B_SPLINE_SURFACE_WITH_KNOTS('',2,1,(
    (#5811,#5812)
    ,(#5813,#5814)
    ,(#5815,#5816
    )),.UNSPECIFIED.,.F.,.F.,.F.,(3,3),(2,2),(0.,1.),(-0.6,0.),
  .PIECEWISE_BEZIER_KNOTS.);
#5811 = CARTESIAN_POINT('',(44.048480688031,-1.692216134431,
    8.067138771875));
#5812 = CARTESIAN_POINT('',(44.647320106833,-1.654915323596,
    8.067138771875));
#5813 = CARTESIAN_POINT('',(44.060015769507,-1.877404105741,
    8.250244240625));
#5814 = CARTESIAN_POINT('',(44.658855188309,-1.840103294905,
    8.250244240625));
#5815 = CARTESIAN_POINT('',(44.086273257603,-2.298950408852,
    8.35400400625));
#5816 = CARTESIAN_POINT('',(44.685112676405,-2.261649598017,
    8.35400400625));
#5817 = DEFINITIONAL_REPRESENTATION('',(#5818),#5829);
#5818 = B_SPLINE_CURVE_WITH_KNOTS('',5,(#5819,#5820,#5821,#5822,#5823,
    #5824,#5825,#5826,#5827,#5828),.UNSPECIFIED.,.F.,.F.,(6,4,6),(0.,
    0.439920398211,1.),.UNSPECIFIED.);
#5819 = CARTESIAN_POINT('',(1.,-0.302317006714));
#5820 = CARTESIAN_POINT('',(0.918220310757,-0.303021987378));
#5821 = CARTESIAN_POINT('',(0.83488867025,-0.30383399902));
#5822 = CARTESIAN_POINT('',(0.750020399339,-0.304729380377));
#5823 = CARTESIAN_POINT('',(0.663679338416,-0.305680306309));
#5824 = CARTESIAN_POINT('',(0.46437208574,-0.307900380657));
#5825 = CARTESIAN_POINT('',(0.350564168593,-0.309185618631));
#5826 = CARTESIAN_POINT('',(0.234887852701,-0.310451210987));
#5827 = CARTESIAN_POINT('',(0.117808543251,-0.311630842601));
#5828 = CARTESIAN_POINT('',(0.,-0.31267448914));
#5829 = ( GEOMETRIC_REPRESENTATION_CONTEXT(2) 
PARAMETRIC_REPRESENTATION_CONTEXT() REPRESENTATION_CONTEXT('2D SPACE',''
  ) );
#5830 = ORIENTED_EDGE('',*,*,#5831,.F.);
#5831 = EDGE_CURVE('',#5832,#5781,#5834,.T.);
#5832 = VERTEX_POINT('',#5833);
#5833 = CARTESIAN_POINT('',(44.439968474385,-3.189328669926,
    8.457763771875));
#5834 = SURFACE_CURVE('',#5835,(#5850,#5868),.PCURVE_S1.);
#5835 = B_SPLINE_CURVE_WITH_KNOTS('',4,(#5836,#5837,#5838,#5839,#5840,
    #5841,#5842,#5843,#5844,#5845,#5846,#5847,#5848,#5849),
  .UNSPECIFIED.,.F.,.F.,(5,3,3,3,5),(0.,0.251272103553,0.498909324215,
    0.743285890843,1.),.UNSPECIFIED.);
#5836 = CARTESIAN_POINT('',(44.439968474385,-3.189328669926,
    8.457763771875));
#5837 = CARTESIAN_POINT('',(44.436861073055,-3.129565597876,
    8.457763771875));
#5838 = CARTESIAN_POINT('',(44.433664049658,-3.070145379398,
    8.456724859191));
#5839 = CARTESIAN_POINT('',(44.430382085139,-3.011105604491,
    8.454621606609));
#5840 = CARTESIAN_POINT('',(44.423708045741,-2.894714605304,
    8.448291495074));
#5841 = CARTESIAN_POINT('',(44.420318247164,-2.837351251847,
    8.444095844353));
#5842 = CARTESIAN_POINT('',(44.416856699268,-2.780434237787,
    8.438826908983));
#5843 = CARTESIAN_POINT('',(44.409848761266,-2.668313869011,
    8.426199064292));
#5844 = CARTESIAN_POINT('',(44.406304082581,-2.613097749663,
    8.418868623452));
#5845 = CARTESIAN_POINT('',(44.402701347794,-2.558391662495,
    8.410466831402));
#5846 = CARTESIAN_POINT('',(44.395208188987,-2.447338623175,
    8.391029813782));
#5847 = CARTESIAN_POINT('',(44.391312413595,-2.391048175728,
    8.379883074991));
#5848 = CARTESIAN_POINT('',(44.387367182835,-2.335403499388,
    8.367540377076));
#5849 = CARTESIAN_POINT('',(44.383380442081,-2.28044404715,8.35400400625
    ));
#5850 = PCURVE('',#2721,#5851);
#5851 = DEFINITIONAL_REPRESENTATION('',(#5852),#5867);
#5852 = B_SPLINE_CURVE_WITH_KNOTS('',4,(#5853,#5854,#5855,#5856,#5857,
    #5858,#5859,#5860,#5861,#5862,#5863,#5864,#5865,#5866),
  .UNSPECIFIED.,.F.,.F.,(5,3,3,3,5),(0.,0.251272103553,0.498909324215,
    0.743285890843,1.),.UNSPECIFIED.);
#5853 = CARTESIAN_POINT('',(-4.660440419919,-7.542236328125));
#5854 = CARTESIAN_POINT('',(-4.659095615364,-7.542236328125));
#5855 = CARTESIAN_POINT('',(-4.657758400417,-7.543275240809));
#5856 = CARTESIAN_POINT('',(-4.656429617612,-7.545378493391));
#5857 = CARTESIAN_POINT('',(-4.653809793073,-7.551708604926));
#5858 = CARTESIAN_POINT('',(-4.652518482154,-7.555904255647));
#5859 = CARTESIAN_POINT('',(-4.651237086703,-7.561173191017));
#5860 = CARTESIAN_POINT('',(-4.648712611055,-7.573801035708));
#5861 = CARTESIAN_POINT('',(-4.647469246976,-7.581131476548));
#5862 = CARTESIAN_POINT('',(-4.646237235317,-7.589533268598));
#5863 = CARTESIAN_POINT('',(-4.643735987052,-7.608970286218));
#5864 = CARTESIAN_POINT('',(-4.642468009243,-7.620117025009));
#5865 = CARTESIAN_POINT('',(-4.641214429783,-7.632459722924));
#5866 = CARTESIAN_POINT('',(-4.639976140773,-7.64599609375));
#5867 = ( GEOMETRIC_REPRESENTATION_CONTEXT(2) 
PARAMETRIC_REPRESENTATION_CONTEXT() REPRESENTATION_CONTEXT('2D SPACE',''
  ) );
#5868 = PCURVE('',#5869,#5876);
#5869 = B_SPLINE_SURFACE_WITH_KNOTS('',2,1,(
    (#5870,#5871)
    ,(#5872,#5873)
    ,(#5874,#5875
    )),.UNSPECIFIED.,.F.,.F.,.F.,(3,3),(2,2),(0.,1.),(-0.6,0.),
  .PIECEWISE_BEZIER_KNOTS.);
#5870 = CARTESIAN_POINT('',(44.086273257603,-2.298950408852,
    8.35400400625));
#5871 = CARTESIAN_POINT('',(44.685112676405,-2.261649598017,
    8.35400400625));
#5872 = CARTESIAN_POINT('',(44.1125307457,-2.720496711964,8.457763771875
    ));
#5873 = CARTESIAN_POINT('',(44.711370164502,-2.683195901129,
    8.457763771875));
#5874 = CARTESIAN_POINT('',(44.142886223267,-3.207833478567,
    8.457763771875));
#5875 = CARTESIAN_POINT('',(44.741725642069,-3.170532667732,
    8.457763771875));
#5876 = DEFINITIONAL_REPRESENTATION('',(#5877),#5892);
#5877 = B_SPLINE_CURVE_WITH_KNOTS('',4,(#5878,#5879,#5880,#5881,#5882,
    #5883,#5884,#5885,#5886,#5887,#5888,#5889,#5890,#5891),
  .UNSPECIFIED.,.F.,.F.,(5,3,3,3,5),(0.,0.251272103553,0.498909324215,
    0.743285890843,1.),.UNSPECIFIED.);
#5878 = CARTESIAN_POINT('',(1.,-0.302341988396));
#5879 = CARTESIAN_POINT('',(0.93872317112,-0.301728027332));
#5880 = CARTESIAN_POINT('',(0.877115184375,-0.301224829504));
#5881 = CARTESIAN_POINT('',(0.815198214006,-0.30083005992));
#5882 = CARTESIAN_POINT('',(0.69170150154,-0.300255391971));
#5883 = CARTESIAN_POINT('',(0.630129810337,-0.30007246766));
#5884 = CARTESIAN_POINT('',(0.568311503178,-0.299988901919));
#5885 = CARTESIAN_POINT('',(0.445061266568,-0.300012983342));
#5886 = CARTESIAN_POINT('',(0.383634920284,-0.300118128842));
#5887 = CARTESIAN_POINT('',(0.322029182789,-0.300312925838));
#5888 = CARTESIAN_POINT('',(0.195409240907,-0.300887643259));
#5889 = CARTESIAN_POINT('',(0.130379900807,-0.301276417491));
#5890 = CARTESIAN_POINT('',(6.522938223741E-02,-0.30175469774));
#5891 = CARTESIAN_POINT('',(0.,-0.302317006714));
#5892 = ( GEOMETRIC_REPRESENTATION_CONTEXT(2) 
PARAMETRIC_REPRESENTATION_CONTEXT() REPRESENTATION_CONTEXT('2D SPACE',''
  ) );
#5893 = ORIENTED_EDGE('',*,*,#5894,.F.);
#5894 = EDGE_CURVE('',#5895,#5832,#5897,.T.);
#5895 = VERTEX_POINT('',#5896);
#5896 = CARTESIAN_POINT('',(44.49152955085,-4.631784458856,8.14892588125
    ));
#5897 = SURFACE_CURVE('',#5898,(#5913,#5931),.PCURVE_S1.);
#5898 = B_SPLINE_CURVE_WITH_KNOTS('',5,(#5899,#5900,#5901,#5902,#5903,
    #5904,#5905,#5906,#5907,#5908,#5909,#5910,#5911,#5912),
  .UNSPECIFIED.,.F.,.F.,(6,4,4,6),(0.,0.284842566195,0.580127285066,1.),
  .UNSPECIFIED.);
#5899 = CARTESIAN_POINT('',(44.49152955085,-4.631784458856,8.14892588125
    ));
#5900 = CARTESIAN_POINT('',(44.490248724776,-4.566148786172,
    8.186811383515));
#5901 = CARTESIAN_POINT('',(44.488779533863,-4.497064953416,
    8.221757599149));
#5902 = CARTESIAN_POINT('',(44.487101528008,-4.424791245786,
    8.253634374894));
#5903 = CARTESIAN_POINT('',(44.485196846252,-4.349654907443,
    8.282418492547));
#5904 = CARTESIAN_POINT('',(44.480831771816,-4.191532363629,
    8.334840621187));
#5905 = CARTESIAN_POINT('',(44.478353412407,-4.108353446722,
    8.358253118123));
#5906 = CARTESIAN_POINT('',(44.475604755969,-4.022870313711,
    8.378452102458));
#5907 = CARTESIAN_POINT('',(44.472577586484,-3.935463002128,
    8.395584238643));
#5908 = CARTESIAN_POINT('',(44.464561899798,-3.719894674417,
    8.430064731268));
#5909 = CARTESIAN_POINT('',(44.459285044702,-3.590106691379,
    8.444452792511));
#5910 = CARTESIAN_POINT('',(44.453424270655,-3.457990728912,
    8.453492100605));
#5911 = CARTESIAN_POINT('',(44.446983819593,-3.324251242347,
    8.457763771875));
#5912 = CARTESIAN_POINT('',(44.439968474385,-3.189328669926,
    8.457763771875));
#5913 = PCURVE('',#2721,#5914);
#5914 = DEFINITIONAL_REPRESENTATION('',(#5915),#5930);
#5915 = B_SPLINE_CURVE_WITH_KNOTS('',5,(#5916,#5917,#5918,#5919,#5920,
    #5921,#5922,#5923,#5924,#5925,#5926,#5927,#5928,#5929),
  .UNSPECIFIED.,.F.,.F.,(6,4,4,6),(0.,0.284842566195,0.580127285066,1.),
  .UNSPECIFIED.);
#5916 = CARTESIAN_POINT('',(-4.692877280771,-7.85107421875));
#5917 = CARTESIAN_POINT('',(-4.691402041027,-7.813188716485));
#5918 = CARTESIAN_POINT('',(-4.689849246691,-7.778242500851));
#5919 = CARTESIAN_POINT('',(-4.688224685239,-7.746365725106));
#5920 = CARTESIAN_POINT('',(-4.686535690083,-7.717581607453));
#5921 = CARTESIAN_POINT('',(-4.682981020809,-7.665159478813));
#5922 = CARTESIAN_POINT('',(-4.681111006614,-7.641746981877));
#5923 = CARTESIAN_POINT('',(-4.679189052067,-7.621547997542));
#5924 = CARTESIAN_POINT('',(-4.677223671581,-7.604415861357));
#5925 = CARTESIAN_POINT('',(-4.672376091721,-7.569935368733));
#5926 = CARTESIAN_POINT('',(-4.669457115823,-7.555547307489));
#5927 = CARTESIAN_POINT('',(-4.666485326082,-7.546507999395));
#5928 = CARTESIAN_POINT('',(-4.663476483559,-7.542236328125));
#5929 = CARTESIAN_POINT('',(-4.660440419919,-7.542236328125));
#5930 = ( GEOMETRIC_REPRESENTATION_CONTEXT(2) 
PARAMETRIC_REPRESENTATION_CONTEXT() REPRESENTATION_CONTEXT('2D SPACE',''
  ) );
#5931 = PCURVE('',#5932,#5939);
#5932 = B_SPLINE_SURFACE_WITH_KNOTS('',2,1,(
    (#5933,#5934)
    ,(#5935,#5936)
    ,(#5937,#5938
    )),.UNSPECIFIED.,.F.,.F.,.F.,(3,3),(2,2),(0.,1.),(-0.6,0.),
  .PIECEWISE_BEZIER_KNOTS.);
#5933 = CARTESIAN_POINT('',(44.142886223267,-3.207833478567,
    8.457763771875));
#5934 = CARTESIAN_POINT('',(44.741725642069,-3.170532667732,
    8.457763771875));
#5935 = CARTESIAN_POINT('',(44.199347411544,-4.114279864449,
    8.457763771875));
#5936 = CARTESIAN_POINT('',(44.798186830346,-4.076979053614,
    8.457763771875));
#5937 = CARTESIAN_POINT('',(44.232586659481,-4.647913623879,
    8.14892588125));
#5938 = CARTESIAN_POINT('',(44.831426078282,-4.610612813044,
    8.14892588125));
#5939 = DEFINITIONAL_REPRESENTATION('',(#5940),#5955);
#5940 = B_SPLINE_CURVE_WITH_KNOTS('',5,(#5941,#5942,#5943,#5944,#5945,
    #5946,#5947,#5948,#5949,#5950,#5951,#5952,#5953,#5954),
  .UNSPECIFIED.,.F.,.F.,(6,4,4,6),(0.,0.284842566195,0.580127285066,1.),
  .UNSPECIFIED.);
#5941 = CARTESIAN_POINT('',(1.,-0.34055526416));
#5942 = CARTESIAN_POINT('',(0.938664420048,-0.337753173044));
#5943 = CARTESIAN_POINT('',(0.87738489912,-0.334924717137));
#5944 = CARTESIAN_POINT('',(0.81638932281,-0.33210636406));
#5945 = CARTESIAN_POINT('',(0.755872351804,-0.329336284348));
#5946 = CARTESIAN_POINT('',(0.633932728181,-0.323862750252));
#5947 = CARTESIAN_POINT('',(0.572553733471,-0.321165247357));
#5948 = CARTESIAN_POINT('',(0.512039157803,-0.318594270107));
#5949 = CARTESIAN_POINT('',(0.452499881123,-0.316181644807));
#5950 = CARTESIAN_POINT('',(0.310817175701,-0.310780371043));
#5951 = CARTESIAN_POINT('',(0.229741069221,-0.307978357435));
#5952 = CARTESIAN_POINT('',(0.150927378124,-0.305614407435));
#5953 = CARTESIAN_POINT('',(7.437638002357E-02,-0.303728081903));
#5954 = CARTESIAN_POINT('',(0.,-0.302341988396));
#5955 = ( GEOMETRIC_REPRESENTATION_CONTEXT(2) 
PARAMETRIC_REPRESENTATION_CONTEXT() REPRESENTATION_CONTEXT('2D SPACE',''
  ) );
#5956 = ORIENTED_EDGE('',*,*,#5957,.F.);
#5957 = EDGE_CURVE('',#5958,#5895,#5960,.T.);
#5958 = VERTEX_POINT('',#5959);
#5959 = CARTESIAN_POINT('',(44.498754327733,-5.167038620741,
    7.312744240625));
#5960 = SURFACE_CURVE('',#5961,(#5976,#5994),.PCURVE_S1.);
#5961 = B_SPLINE_CURVE_WITH_KNOTS('',5,(#5962,#5963,#5964,#5965,#5966,
    #5967,#5968,#5969,#5970,#5971,#5972,#5973,#5974,#5975),
  .UNSPECIFIED.,.F.,.F.,(6,4,4,6),(0.,0.211352871595,0.605054152215,1.),
  .UNSPECIFIED.);
#5962 = CARTESIAN_POINT('',(44.498754327733,-5.167038620741,
    7.312744240625));
#5963 = CARTESIAN_POINT('',(44.498754327733,-5.167038620741,
    7.354369398427));
#5964 = CARTESIAN_POINT('',(44.498738725127,-5.164953489193,
    7.395730794529));
#5965 = CARTESIAN_POINT('',(44.498706644906,-5.160665785471,
    7.436760331098));
#5966 = CARTESIAN_POINT('',(44.498656250153,-5.15406200078,
    7.477376470563));
#5967 = CARTESIAN_POINT('',(44.498450526778,-5.128271116283,
    7.592205648325));
#5968 = CARTESIAN_POINT('',(44.498241999216,-5.103138186397,
    7.665193395601));
#5969 = CARTESIAN_POINT('',(44.497939372588,-5.069082458047,
    7.73580555724));
#5970 = CARTESIAN_POINT('',(44.497504227322,-5.025850804669,
    7.803388322979));
#5971 = CARTESIAN_POINT('',(44.496273661492,-4.921772312584,
    7.931607444046));
#5972 = CARTESIAN_POINT('',(44.495477000595,-4.860847586036,
    7.992249035268));
#5973 = CARTESIAN_POINT('',(44.494453568702,-4.791560577265,
    8.048765715566));
#5974 = CARTESIAN_POINT('',(44.49315040739,-4.714844923985,
    8.100982631626));
#5975 = CARTESIAN_POINT('',(44.49152955085,-4.631784458856,8.14892588125
    ));
#5976 = PCURVE('',#2721,#5977);
#5977 = DEFINITIONAL_REPRESENTATION('',(#5978),#5993);
#5978 = B_SPLINE_CURVE_WITH_KNOTS('',5,(#5979,#5980,#5981,#5982,#5983,
    #5984,#5985,#5986,#5987,#5988,#5989,#5990,#5991,#5992),
  .UNSPECIFIED.,.F.,.F.,(6,4,4,6),(0.,0.211352871595,0.605054152215,1.),
  .UNSPECIFIED.);
#5979 = CARTESIAN_POINT('',(-4.704906632382,-8.687255859375));
#5980 = CARTESIAN_POINT('',(-4.704906632382,-8.645630701573));
#5981 = CARTESIAN_POINT('',(-4.704859774182,-8.604269305471));
#5982 = CARTESIAN_POINT('',(-4.70476341859,-8.563239768902));
#5983 = CARTESIAN_POINT('',(-4.704615014621,-8.522623629437));
#5984 = CARTESIAN_POINT('',(-4.704035425746,-8.407794451675));
#5985 = CARTESIAN_POINT('',(-4.703470621418,-8.334806704399));
#5986 = CARTESIAN_POINT('',(-4.702705294028,-8.26419454276));
#5987 = CARTESIAN_POINT('',(-4.701733748461,-8.196611777021));
#5988 = CARTESIAN_POINT('',(-4.69939474247,-8.068392655954));
#5989 = CARTESIAN_POINT('',(-4.698025531467,-8.007751064732));
#5990 = CARTESIAN_POINT('',(-4.696468353837,-7.951234384434));
#5991 = CARTESIAN_POINT('',(-4.694744163433,-7.899017468374));
#5992 = CARTESIAN_POINT('',(-4.692877280771,-7.85107421875));
#5993 = ( GEOMETRIC_REPRESENTATION_CONTEXT(2) 
PARAMETRIC_REPRESENTATION_CONTEXT() REPRESENTATION_CONTEXT('2D SPACE',''
  ) );
#5994 = PCURVE('',#5995,#6002);
#5995 = B_SPLINE_SURFACE_WITH_KNOTS('',2,1,(
    (#5996,#5997)
    ,(#5998,#5999)
    ,(#6000,#6001
    )),.UNSPECIFIED.,.F.,.F.,.F.,(3,3),(2,2),(0.,1.),(-0.6,0.),
  .PIECEWISE_BEZIER_KNOTS.);
#5996 = CARTESIAN_POINT('',(44.232586659481,-4.647913623879,
    8.14892588125));
#5997 = CARTESIAN_POINT('',(44.831426078282,-4.610612813044,
    8.14892588125));
#5998 = CARTESIAN_POINT('',(44.265825907417,-5.18154738331,
    7.840087990625));
#5999 = CARTESIAN_POINT('',(44.864665326219,-5.144246572474,
    7.840087990625));
#6000 = CARTESIAN_POINT('',(44.265825907417,-5.18154738331,
    7.312744240625));
#6001 = CARTESIAN_POINT('',(44.864665326219,-5.144246572474,
    7.312744240625));
#6002 = DEFINITIONAL_REPRESENTATION('',(#6003),#6018);
#6003 = B_SPLINE_CURVE_WITH_KNOTS('',5,(#6004,#6005,#6006,#6007,#6008,
    #6009,#6010,#6011,#6012,#6013,#6014,#6015,#6016,#6017),
  .UNSPECIFIED.,.F.,.F.,(6,4,4,6),(0.,0.211352871595,0.605054152215,1.),
  .UNSPECIFIED.);
#6004 = CARTESIAN_POINT('',(1.,-0.36662015258));
#6005 = CARTESIAN_POINT('',(0.960533183714,-0.36662015258));
#6006 = CARTESIAN_POINT('',(0.920509681955,-0.366506096509));
#6007 = CARTESIAN_POINT('',(0.879948621999,-0.366271556635));
#6008 = CARTESIAN_POINT('',(0.838883371392,-0.365911309704));
#6009 = CARTESIAN_POINT('',(0.720029087957,-0.364513266974));
#6010 = CARTESIAN_POINT('',(0.641101066332,-0.363158926742));
#6011 = CARTESIAN_POINT('',(0.56097242045,-0.361343790864));
#6012 = CARTESIAN_POINT('',(0.48016424073,-0.359090468219));
#6013 = CARTESIAN_POINT('',(0.318313007887,-0.353848300188));
#6014 = CARTESIAN_POINT('',(0.237234838476,-0.350855850602));
#6015 = CARTESIAN_POINT('',(0.156828240015,-0.347569866856));
#6016 = CARTESIAN_POINT('',(7.761879464875E-02,-0.344101247342));
#6017 = CARTESIAN_POINT('',(0.,-0.34055526416));
#6018 = ( GEOMETRIC_REPRESENTATION_CONTEXT(2) 
PARAMETRIC_REPRESENTATION_CONTEXT() REPRESENTATION_CONTEXT('2D SPACE',''
  ) );
#6019 = ORIENTED_EDGE('',*,*,#6020,.F.);
#6020 = EDGE_CURVE('',#6021,#5958,#6023,.T.);
#6021 = VERTEX_POINT('',#6022);
#6022 = CARTESIAN_POINT('',(44.489621071503,-4.538950098045,
    6.465576271875));
#6023 = SURFACE_CURVE('',#6024,(#6043,#6065),.PCURVE_S1.);
#6024 = B_SPLINE_CURVE_WITH_KNOTS('',5,(#6025,#6026,#6027,#6028,#6029,
    #6030,#6031,#6032,#6033,#6034,#6035,#6036,#6037,#6038,#6039,#6040,
    #6041,#6042),.UNSPECIFIED.,.F.,.F.,(6,4,4,4,6),(0.,0.168889252681,
    0.495634086553,0.827551524539,1.),.UNSPECIFIED.);
#6025 = CARTESIAN_POINT('',(44.489621071503,-4.538950098045,
    6.465576271875));
#6026 = CARTESIAN_POINT('',(44.490490943603,-4.579218849966,
    6.485150658168));
#6027 = CARTESIAN_POINT('',(44.491290901193,-4.618361112523,
    6.505569735549));
#6028 = CARTESIAN_POINT('',(44.492023896101,-4.656277573389,
    6.526852439129));
#6029 = CARTESIAN_POINT('',(44.49269338695,-4.692862436795,
    6.549010658232));
#6030 = CARTESIAN_POINT('',(44.494483152776,-4.796015082164,
    6.616604158471));
#6031 = CARTESIAN_POINT('',(44.495440158173,-4.858661614548,
    6.664448366618));
#6032 = CARTESIAN_POINT('',(44.496201474069,-4.915161004658,
    6.715547153403));
#6033 = CARTESIAN_POINT('',(44.496802532232,-4.964856914247,
    6.769728166349));
#6034 = CARTESIAN_POINT('',(44.497752777865,-5.050701308621,
    6.884314903672));
#6035 = CARTESIAN_POINT('',(44.498097907493,-5.086638389269,
    6.944826320071));
#6036 = CARTESIAN_POINT('',(44.498341856583,-5.114920521162,
    7.007668628144));
#6037 = CARTESIAN_POINT('',(44.498511204933,-5.135732944605,
    7.072335250189));
#6038 = CARTESIAN_POINT('',(44.498676149336,-5.156674747854,
    7.172608671555));
#6039 = CARTESIAN_POINT('',(44.498716163807,-5.161938024722,
    7.207254483415));
#6040 = CARTESIAN_POINT('',(44.49874181395,-5.165366265789,
    7.242196500438));
#6041 = CARTESIAN_POINT('',(44.498754327733,-5.167038620741,
    7.277376350905));
#6042 = CARTESIAN_POINT('',(44.498754327733,-5.167038620741,
    7.312744240625));
#6043 = PCURVE('',#2721,#6044);
#6044 = DEFINITIONAL_REPRESENTATION('',(#6045),#6064);
#6045 = B_SPLINE_CURVE_WITH_KNOTS('',5,(#6046,#6047,#6048,#6049,#6050,
    #6051,#6052,#6053,#6054,#6055,#6056,#6057,#6058,#6059,#6060,#6061,
    #6062,#6063),.UNSPECIFIED.,.F.,.F.,(6,4,4,4,6),(0.,0.168889252681,
    0.495634086553,0.827551524539,1.),.UNSPECIFIED.);
#6046 = CARTESIAN_POINT('',(-4.690790674193,-9.534423828125));
#6047 = CARTESIAN_POINT('',(-4.691695801073,-9.514849441832));
#6048 = CARTESIAN_POINT('',(-4.692575585558,-9.494430364451));
#6049 = CARTESIAN_POINT('',(-4.693427799412,-9.473147660871));
#6050 = CARTESIAN_POINT('',(-4.69425006845,-9.450989441768));
#6051 = CARTESIAN_POINT('',(-4.696568454315,-9.383395941529));
#6052 = CARTESIAN_POINT('',(-4.697976402756,-9.335551733382));
#6053 = CARTESIAN_POINT('',(-4.699246165277,-9.284452946597));
#6054 = CARTESIAN_POINT('',(-4.700363008407,-9.230271933651));
#6055 = CARTESIAN_POINT('',(-4.702292214105,-9.115685196328));
#6056 = CARTESIAN_POINT('',(-4.703099825341,-9.055173779929));
#6057 = CARTESIAN_POINT('',(-4.703735402461,-8.992331471857));
#6058 = CARTESIAN_POINT('',(-4.704203112822,-8.927664849811));
#6059 = CARTESIAN_POINT('',(-4.704673729739,-8.827391428445));
#6060 = CARTESIAN_POINT('',(-4.704792009037,-8.792745616585));
#6061 = CARTESIAN_POINT('',(-4.70486905032,-8.757803599562));
#6062 = CARTESIAN_POINT('',(-4.704906632382,-8.722623749095));
#6063 = CARTESIAN_POINT('',(-4.704906632382,-8.687255859375));
#6064 = ( GEOMETRIC_REPRESENTATION_CONTEXT(2) 
PARAMETRIC_REPRESENTATION_CONTEXT() REPRESENTATION_CONTEXT('2D SPACE',''
  ) );
#6065 = PCURVE('',#6066,#6073);
#6066 = B_SPLINE_SURFACE_WITH_KNOTS('',2,1,(
    (#6067,#6068)
    ,(#6069,#6070)
    ,(#6071,#6072
    )),.UNSPECIFIED.,.F.,.F.,.F.,(3,3),(2,2),(0.,1.),(-0.6,0.),
  .PIECEWISE_BEZIER_KNOTS.);
#6067 = CARTESIAN_POINT('',(44.265825907417,-5.18154738331,
    7.312744240625));
#6068 = CARTESIAN_POINT('',(44.864665326219,-5.144246572474,
    7.312744240625));
#6069 = CARTESIAN_POINT('',(44.265825907417,-5.18154738331,
    6.770752053125));
#6070 = CARTESIAN_POINT('',(44.864665326219,-5.144246572474,
    6.770752053125));
#6071 = CARTESIAN_POINT('',(44.226819118743,-4.555319638225,
    6.465576271875));
#6072 = CARTESIAN_POINT('',(44.825658537545,-4.518018827389,
    6.465576271875));
#6073 = DEFINITIONAL_REPRESENTATION('',(#6074),#6093);
#6074 = B_SPLINE_CURVE_WITH_KNOTS('',5,(#6075,#6076,#6077,#6078,#6079,
    #6080,#6081,#6082,#6083,#6084,#6085,#6086,#6087,#6088,#6089,#6090,
    #6091,#6092),.UNSPECIFIED.,.F.,.F.,(6,4,4,4,6),(0.,0.168889252681,
    0.495634086553,0.827551524539,1.),.UNSPECIFIED.);
#6075 = CARTESIAN_POINT('',(1.,-0.336688723712));
#6076 = CARTESIAN_POINT('',(0.967929325498,-0.338323962704));
#6077 = CARTESIAN_POINT('',(0.935472390829,-0.339958949359));
#6078 = CARTESIAN_POINT('',(0.902646176648,-0.341584563508));
#6079 = CARTESIAN_POINT('',(0.869476405632,-0.343190776106));
#6080 = CARTESIAN_POINT('',(0.771233949977,-0.347817267748));
#6081 = CARTESIAN_POINT('',(0.705305206785,-0.350756724244));
#6082 = CARTESIAN_POINT('',(0.638514507313,-0.353509336068));
#6083 = CARTESIAN_POINT('',(0.571248171632,-0.355998936738));
#6084 = CARTESIAN_POINT('',(0.435686461782,-0.360387305027));
#6085 = CARTESIAN_POINT('',(0.367367138482,-0.362276980062));
#6086 = CARTESIAN_POINT('',(0.299559921939,-0.36379174693));
#6087 = CARTESIAN_POINT('',(0.23266719218,-0.364916593267));
#6088 = CARTESIAN_POINT('',(0.132881521878,-0.366053878319));
#6089 = CARTESIAN_POINT('',(9.909004140189E-02,-0.366341148739));
#6090 = CARTESIAN_POINT('',(6.566332010001E-02,-0.366528675164));
#6091 = CARTESIAN_POINT('',(3.262767484039E-02,-0.36662015258));
#6092 = CARTESIAN_POINT('',(0.,-0.36662015258));
#6093 = ( GEOMETRIC_REPRESENTATION_CONTEXT(2) 
PARAMETRIC_REPRESENTATION_CONTEXT() REPRESENTATION_CONTEXT('2D SPACE',''
  ) );
#6094 = ORIENTED_EDGE('',*,*,#6095,.F.);
#6095 = EDGE_CURVE('',#6096,#6021,#6098,.T.);
#6096 = VERTEX_POINT('',#6097);
#6097 = CARTESIAN_POINT('',(44.41588537089,-2.765200789834,
    6.160400490625));
#6098 = SURFACE_CURVE('',#6099,(#6118,#6140),.PCURVE_S1.);
#6099 = B_SPLINE_CURVE_WITH_KNOTS('',5,(#6100,#6101,#6102,#6103,#6104,
    #6105,#6106,#6107,#6108,#6109,#6110,#6111,#6112,#6113,#6114,#6115,
    #6116,#6117),.UNSPECIFIED.,.F.,.F.,(6,4,4,4,6),(0.,0.3023746589,
    0.575396987832,0.793772251394,1.),.UNSPECIFIED.);
#6100 = CARTESIAN_POINT('',(44.41588537089,-2.765200789834,
    6.160400490625));
#6101 = CARTESIAN_POINT('',(44.423073859048,-2.88194905596,
    6.160400490625));
#6102 = CARTESIAN_POINT('',(44.429845638952,-2.998179698829,
    6.162382660554));
#6103 = CARTESIAN_POINT('',(44.436198473793,-3.113754257577,
    6.166538385563));
#6104 = CARTESIAN_POINT('',(44.442131507006,-3.228464195368,
    6.173095723471));
#6105 = CARTESIAN_POINT('',(44.45262378233,-3.444573374801,
    6.190647718243));
#6106 = CARTESIAN_POINT('',(44.457260369947,-3.546178055302,
    6.201149616505));
#6107 = CARTESIAN_POINT('',(44.461556096346,-3.646641188193,
    6.214019888305));
#6108 = CARTESIAN_POINT('',(44.465512596396,-3.745674388649,
    6.229477917778));
#6109 = CARTESIAN_POINT('',(44.472034395672,-3.920691801603,
    6.262363509617));
#6110 = CARTESIAN_POINT('',(44.474719543001,-3.997319125196,
    6.278777062259));
#6111 = CARTESIAN_POINT('',(44.477194663901,-4.07260892522,
    6.297104094145));
#6112 = CARTESIAN_POINT('',(44.479464280609,-4.146327578573,
    6.317458466334));
#6113 = CARTESIAN_POINT('',(44.483491942099,-4.286098445913,
    6.361154922941));
#6114 = CARTESIAN_POINT('',(44.485271420011,-4.352348924262,
    6.384267798028));
#6115 = CARTESIAN_POINT('',(44.486880173444,-4.416739551207,
    6.409345849994));
#6116 = CARTESIAN_POINT('',(44.488326517241,-4.47902165054,
    6.436445431572));
#6117 = CARTESIAN_POINT('',(44.489621071503,-4.538950098045,
    6.465576271875));
#6118 = PCURVE('',#2721,#6119);
#6119 = DEFINITIONAL_REPRESENTATION('',(#6120),#6139);
#6120 = B_SPLINE_CURVE_WITH_KNOTS('',5,(#6121,#6122,#6123,#6124,#6125,
    #6126,#6127,#6128,#6129,#6130,#6131,#6132,#6133,#6134,#6135,#6136,
    #6137,#6138),.UNSPECIFIED.,.F.,.F.,(6,4,4,4,6),(0.,0.3023746589,
    0.575396987832,0.793772251394,1.),.UNSPECIFIED.);
#6121 = CARTESIAN_POINT('',(-4.650894067243,-9.839599609375));
#6122 = CARTESIAN_POINT('',(-4.653522592266,-9.839599609375));
#6123 = CARTESIAN_POINT('',(-4.656138931599,-9.837617439446));
#6124 = CARTESIAN_POINT('',(-4.658740015173,-9.833461714437));
#6125 = CARTESIAN_POINT('',(-4.661321199162,-9.826904376529));
#6126 = CARTESIAN_POINT('',(-4.666183305539,-9.809352381757));
#6127 = CARTESIAN_POINT('',(-4.668468923225,-9.798850483495));
#6128 = CARTESIAN_POINT('',(-4.670728572423,-9.785980211695));
#6129 = CARTESIAN_POINT('',(-4.672955804901,-9.770522182222));
#6130 = CARTESIAN_POINT('',(-4.67689151016,-9.737636590383));
#6131 = CARTESIAN_POINT('',(-4.678614525134,-9.721223037741));
#6132 = CARTESIAN_POINT('',(-4.680307339639,-9.702896005855));
#6133 = CARTESIAN_POINT('',(-4.681964720313,-9.682541633666));
#6134 = CARTESIAN_POINT('',(-4.685106942474,-9.638845177059));
#6135 = CARTESIAN_POINT('',(-4.686596251363,-9.615732301972));
#6136 = CARTESIAN_POINT('',(-4.688043680094,-9.590654250006));
#6137 = CARTESIAN_POINT('',(-4.689443653336,-9.563554668428));
#6138 = CARTESIAN_POINT('',(-4.690790674193,-9.534423828125));
#6139 = ( GEOMETRIC_REPRESENTATION_CONTEXT(2) 
PARAMETRIC_REPRESENTATION_CONTEXT() REPRESENTATION_CONTEXT('2D SPACE',''
  ) );
#6140 = PCURVE('',#6141,#6148);
#6141 = B_SPLINE_SURFACE_WITH_KNOTS('',2,1,(
    (#6142,#6143)
    ,(#6144,#6145)
    ,(#6146,#6147
    )),.UNSPECIFIED.,.F.,.F.,.F.,(3,3),(2,2),(0.,1.),(-0.6,0.),
  .PIECEWISE_BEZIER_KNOTS.);
#6142 = CARTESIAN_POINT('',(44.226819118743,-4.555319638225,
    6.465576271875));
#6143 = CARTESIAN_POINT('',(44.825658537545,-4.518018827389,
    6.465576271875));
#6144 = CARTESIAN_POINT('',(44.187812330068,-3.92909189314,
    6.160400490625));
#6145 = CARTESIAN_POINT('',(44.78665174887,-3.891791082304,
    6.160400490625));
#6146 = CARTESIAN_POINT('',(44.116476957783,-2.783850491622,
    6.160400490625));
#6147 = CARTESIAN_POINT('',(44.715316376585,-2.746549680787,
    6.160400490625));
#6148 = DEFINITIONAL_REPRESENTATION('',(#6149),#6168);
#6149 = B_SPLINE_CURVE_WITH_KNOTS('',5,(#6150,#6151,#6152,#6153,#6154,
    #6155,#6156,#6157,#6158,#6159,#6160,#6161,#6162,#6163,#6164,#6165,
    #6166,#6167),.UNSPECIFIED.,.F.,.F.,(6,4,4,4,6),(0.,0.3023746589,
    0.575396987832,0.793772251394,1.),.UNSPECIFIED.);
#6150 = CARTESIAN_POINT('',(1.,-0.300011318187));
#6151 = CARTESIAN_POINT('',(0.949031234981,-0.300094743053));
#6152 = CARTESIAN_POINT('',(0.896827094743,-0.300561890521));
#6153 = CARTESIAN_POINT('',(0.843305751575,-0.301406385237));
#6154 = CARTESIAN_POINT('',(0.788388586763,-0.302616117786));
#6155 = CARTESIAN_POINT('',(0.681085569283,-0.305579217061));
#6156 = CARTESIAN_POINT('',(0.628974153304,-0.307268159616));
#6157 = CARTESIAN_POINT('',(0.575609893663,-0.30922633631));
#6158 = CARTESIAN_POINT('',(0.520955270473,-0.31143418712));
#6159 = CARTESIAN_POINT('',(0.420245361883,-0.315805488663));
#6160 = CARTESIAN_POINT('',(0.374660050968,-0.317889304057));
#6161 = CARTESIAN_POINT('',(0.328241345535,-0.320099588436));
#6162 = CARTESIAN_POINT('',(0.281006183337,-0.322417304425));
#6163 = CARTESIAN_POINT('',(0.187665462506,-0.327086711453));
#6164 = CARTESIAN_POINT('',(0.141643287708,-0.329429336523));
#6165 = CARTESIAN_POINT('',(9.497542909569E-02,-0.331826732563));
#6166 = CARTESIAN_POINT('',(4.772796875181E-02,-0.334255141109));
#6167 = CARTESIAN_POINT('',(0.,-0.336688723712));
#6168 = ( GEOMETRIC_REPRESENTATION_CONTEXT(2) 
PARAMETRIC_REPRESENTATION_CONTEXT() REPRESENTATION_CONTEXT('2D SPACE',''
  ) );
#6169 = ORIENTED_EDGE('',*,*,#6170,.F.);
#6170 = EDGE_CURVE('',#6171,#6096,#6173,.T.);
#6171 = VERTEX_POINT('',#6172);
#6172 = CARTESIAN_POINT('',(44.264990537501,-0.932658025182,6.5888672875
    ));
#6173 = SURFACE_CURVE('',#6174,(#6192,#6213),.PCURVE_S1.);
#6174 = B_SPLINE_CURVE_WITH_KNOTS('',6,(#6175,#6176,#6177,#6178,#6179,
    #6180,#6181,#6182,#6183,#6184,#6185,#6186,#6187,#6188,#6189,#6190,
    #6191),.UNSPECIFIED.,.F.,.F.,(7,5,5,7),(0.,0.253007729485,
    0.519691489641,1.),.UNSPECIFIED.);
#6175 = CARTESIAN_POINT('',(44.264990537501,-0.932658025182,6.5888672875
    ));
#6176 = CARTESIAN_POINT('',(44.270863478426,-0.989576398255,
    6.548244093003));
#6177 = CARTESIAN_POINT('',(44.276994028183,-1.049851570914,
    6.509963146015));
#6178 = CARTESIAN_POINT('',(44.28334192587,-1.113283519386,
    6.474154276049));
#6179 = CARTESIAN_POINT('',(44.289861980656,-1.179621526576,
    6.440877618267));
#6180 = CARTESIAN_POINT('',(44.296507331441,-1.248580925145,
    6.410138299814));
#6181 = CARTESIAN_POINT('',(44.310321613709,-1.394991652693,
    6.352137625816));
#6182 = CARTESIAN_POINT('',(44.317500153058,-1.472708015202,
    6.325151394663));
#6183 = CARTESIAN_POINT('',(44.324716646855,-1.552672398475,
    6.300894135663));
#6184 = CARTESIAN_POINT('',(44.331924497971,-1.634560735169,
    6.279264068709));
#6185 = CARTESIAN_POINT('',(44.339083608346,-1.718079387917,
    6.260129366153));
#6186 = CARTESIAN_POINT('',(44.358909909567,-1.955898253669,
    6.213134114739));
#6187 = CARTESIAN_POINT('',(44.371390799625,-2.113250369196,
    6.190572308879));
#6188 = CARTESIAN_POINT('',(44.383425734226,-2.273718761833,
    6.174814689795));
#6189 = CARTESIAN_POINT('',(44.394894058183,-2.436270549227,
    6.165003206606));
#6190 = CARTESIAN_POINT('',(44.405726689076,-2.600213596145,
    6.160400490625));
#6191 = CARTESIAN_POINT('',(44.41588537089,-2.765200789834,
    6.160400490625));
#6192 = PCURVE('',#2721,#6193);
#6193 = DEFINITIONAL_REPRESENTATION('',(#6194),#6212);
#6194 = B_SPLINE_CURVE_WITH_KNOTS('',6,(#6195,#6196,#6197,#6198,#6199,
    #6200,#6201,#6202,#6203,#6204,#6205,#6206,#6207,#6208,#6209,#6210,
    #6211),.UNSPECIFIED.,.F.,.F.,(7,5,5,7),(0.,0.253007729485,
    0.519691489641,1.),.UNSPECIFIED.);
#6195 = CARTESIAN_POINT('',(-4.609571020565,-9.4111328125));
#6196 = CARTESIAN_POINT('',(-4.610856875874,-9.451756006997));
#6197 = CARTESIAN_POINT('',(-4.612218360687,-9.490036953985));
#6198 = CARTESIAN_POINT('',(-4.613650914705,-9.525845823951));
#6199 = CARTESIAN_POINT('',(-4.61514883561,-9.559122481733));
#6200 = CARTESIAN_POINT('',(-4.616705660627,-9.589861800186));
#6201 = CARTESIAN_POINT('',(-4.620010402033,-9.647862474185));
#6202 = CARTESIAN_POINT('',(-4.621764268161,-9.674848705337));
#6203 = CARTESIAN_POINT('',(-4.623568517117,-9.699105964337));
#6204 = CARTESIAN_POINT('',(-4.625415812165,-9.720736031291));
#6205 = CARTESIAN_POINT('',(-4.627299513226,-9.739870733847));
#6206 = CARTESIAN_POINT('',(-4.632662296748,-9.786865985261));
#6207 = CARTESIAN_POINT('',(-4.636209376402,-9.809427791121));
#6208 = CARTESIAN_POINT('',(-4.639825483736,-9.825185410205));
#6209 = CARTESIAN_POINT('',(-4.643487358522,-9.834996893394));
#6210 = CARTESIAN_POINT('',(-4.647179468461,-9.839599609375));
#6211 = CARTESIAN_POINT('',(-4.650894067243,-9.839599609375));
#6212 = ( GEOMETRIC_REPRESENTATION_CONTEXT(2) 
PARAMETRIC_REPRESENTATION_CONTEXT() REPRESENTATION_CONTEXT('2D SPACE',''
  ) );
#6213 = PCURVE('',#6214,#6221);
#6214 = B_SPLINE_SURFACE_WITH_KNOTS('',2,1,(
    (#6215,#6216)
    ,(#6217,#6218)
    ,(#6219,#6220
    )),.UNSPECIFIED.,.F.,.F.,.F.,(3,3),(2,2),(0.,1.),(-0.6,0.),
  .PIECEWISE_BEZIER_KNOTS.);
#6215 = CARTESIAN_POINT('',(44.116476957783,-2.783850491622,
    6.160400490625));
#6216 = CARTESIAN_POINT('',(44.715316376585,-2.746549680787,
    6.160400490625));
#6217 = CARTESIAN_POINT('',(44.039677599537,-1.550888472117,
    6.160400490625));
#6218 = CARTESIAN_POINT('',(44.638517018339,-1.513587661281,
    6.160400490625));
#6219 = CARTESIAN_POINT('',(44.00218858474,-0.949027565362,6.5888672875)
  );
#6220 = CARTESIAN_POINT('',(44.601028003542,-0.911726754526,6.5888672875
    ));
#6221 = DEFINITIONAL_REPRESENTATION('',(#6222),#6240);
#6222 = B_SPLINE_CURVE_WITH_KNOTS('',6,(#6223,#6224,#6225,#6226,#6227,
    #6228,#6229,#6230,#6231,#6232,#6233,#6234,#6235,#6236,#6237,#6238,
    #6239),.UNSPECIFIED.,.F.,.F.,(7,5,5,7),(0.,0.253007729485,
    0.519691489641,1.),.UNSPECIFIED.);
#6223 = CARTESIAN_POINT('',(1.,-0.336688723712));
#6224 = CARTESIAN_POINT('',(0.952594699528,-0.334365645273));
#6225 = CARTESIAN_POINT('',(0.905225958938,-0.331994141873));
#6226 = CARTESIAN_POINT('',(0.858053141796,-0.329601961455));
#6227 = CARTESIAN_POINT('',(0.811214584444,-0.327218620854));
#6228 = CARTESIAN_POINT('',(0.764829522789,-0.324873193319));
#6229 = CARTESIAN_POINT('',(0.670693256294,-0.320187696799));
#6230 = CARTESIAN_POINT('',(0.622999082124,-0.317854515142));
#6231 = CARTESIAN_POINT('',(0.576025893015,-0.315623207447));
#6232 = CARTESIAN_POINT('',(0.529844977155,-0.313520134085));
#6233 = CARTESIAN_POINT('',(0.484497218913,-0.311567060705));
#6234 = CARTESIAN_POINT('',(0.359858112555,-0.306563837079));
#6235 = CARTESIAN_POINT('',(0.28250361393,-0.303889357991));
#6236 = CARTESIAN_POINT('',(0.207965714846,-0.301853704519));
#6237 = CARTESIAN_POINT('',(0.136152169509,-0.300513086218));
#6238 = CARTESIAN_POINT('',(6.690387123904E-02,-0.299893423206));
#6239 = CARTESIAN_POINT('',(0.,-0.300011318187));
#6240 = ( GEOMETRIC_REPRESENTATION_CONTEXT(2) 
PARAMETRIC_REPRESENTATION_CONTEXT() REPRESENTATION_CONTEXT('2D SPACE',''
  ) );
#6241 = ORIENTED_EDGE('',*,*,#6242,.F.);
#6242 = EDGE_CURVE('',#5228,#6171,#6243,.T.);
#6243 = SURFACE_CURVE('',#6244,(#6262,#6283),.PCURVE_S1.);
#6244 = B_SPLINE_CURVE_WITH_KNOTS('',6,(#6245,#6246,#6247,#6248,#6249,
    #6250,#6251,#6252,#6253,#6254,#6255,#6256,#6257,#6258,#6259,#6260,
    #6261),.UNSPECIFIED.,.F.,.F.,(7,5,5,7),(0.,0.465046376913,
    0.739624087297,1.),.UNSPECIFIED.);
#6245 = CARTESIAN_POINT('',(44.198956103339,-0.332575169862,
    7.876709084375));
#6246 = CARTESIAN_POINT('',(44.198956103339,-0.332575169862,
    7.764633715194));
#6247 = CARTESIAN_POINT('',(44.199671726844,-0.338696115489,
    7.653219745687));
#6248 = CARTESIAN_POINT('',(44.201192547044,-0.351704510221,
    7.542698871662));
#6249 = CARTESIAN_POINT('',(44.203619741591,-0.372519862171,
    7.433509432541));
#6250 = CARTESIAN_POINT('',(44.20705805316,-0.402196135365,
    7.326293551724));
#6251 = CARTESIAN_POINT('',(44.214257511571,-0.465123082049,
    7.160206633633));
#6252 = CARTESIAN_POINT('',(44.217309227827,-0.491928018497,
    7.099530655105));
#6253 = CARTESIAN_POINT('',(44.220754883425,-0.522379056286,
    7.040017368954));
#6254 = CARTESIAN_POINT('',(44.224605003407,-0.556667728884,
    6.981882416379));
#6255 = CARTESIAN_POINT('',(44.228861611143,-0.594940027656,
    6.925363170247));
#6256 = CARTESIAN_POINT('',(44.237926045549,-0.677393933918,
    6.818874782223));
#6257 = CARTESIAN_POINT('',(44.242694373395,-0.721171217398,
    6.768712765111));
#6258 = CARTESIAN_POINT('',(44.247809459362,-0.76864069269,
    6.720439733751));
#6259 = CARTESIAN_POINT('',(44.253251973958,-0.819789854205,
    6.674261180107));
#6260 = CARTESIAN_POINT('',(44.258992405937,-0.874526350702,
    6.63035642697));
#6261 = CARTESIAN_POINT('',(44.264990537501,-0.932658025182,6.5888672875
    ));
#6262 = PCURVE('',#2721,#6263);
#6263 = DEFINITIONAL_REPRESENTATION('',(#6264),#6282);
#6264 = B_SPLINE_CURVE_WITH_KNOTS('',6,(#6265,#6266,#6267,#6268,#6269,
    #6270,#6271,#6272,#6273,#6274,#6275,#6276,#6277,#6278,#6279,#6280,
    #6281),.UNSPECIFIED.,.F.,.F.,(7,5,5,7),(0.,0.465046376913,
    0.739624087297,1.),.UNSPECIFIED.);
#6265 = CARTESIAN_POINT('',(-4.596004507329,-8.123291015625));
#6266 = CARTESIAN_POINT('',(-4.596004507329,-8.235366384806));
#6267 = CARTESIAN_POINT('',(-4.596142993561,-8.346780354313));
#6268 = CARTESIAN_POINT('',(-4.596437307957,-8.457301228338));
#6269 = CARTESIAN_POINT('',(-4.596908238116,-8.566490667459));
#6270 = CARTESIAN_POINT('',(-4.597579581074,-8.673706548276));
#6271 = CARTESIAN_POINT('',(-4.599002894601,-8.839793466367));
#6272 = CARTESIAN_POINT('',(-4.599609143817,-8.900469444895));
#6273 = CARTESIAN_POINT('',(-4.60029780341,-8.959982731046));
#6274 = CARTESIAN_POINT('',(-4.601073177065,-9.018117683621));
#6275 = CARTESIAN_POINT('',(-4.601938530964,-9.074636929753));
#6276 = CARTESIAN_POINT('',(-4.603802590554,-9.181125317777));
#6277 = CARTESIAN_POINT('',(-4.604792167748,-9.231287334889));
#6278 = CARTESIAN_POINT('',(-4.605865071499,-9.279560366249));
#6279 = CARTESIAN_POINT('',(-4.607020977621,-9.325738919893));
#6280 = CARTESIAN_POINT('',(-4.608257755302,-9.36964367303));
#6281 = CARTESIAN_POINT('',(-4.609571020565,-9.4111328125));
#6282 = ( GEOMETRIC_REPRESENTATION_CONTEXT(2) 
PARAMETRIC_REPRESENTATION_CONTEXT() REPRESENTATION_CONTEXT('2D SPACE',''
  ) );
#6283 = PCURVE('',#6284,#6291);
#6284 = B_SPLINE_SURFACE_WITH_KNOTS('',2,1,(
    (#6285,#6286)
    ,(#6287,#6288)
    ,(#6289,#6290
    )),.UNSPECIFIED.,.F.,.F.,.F.,(3,3),(2,2),(0.,1.),(-0.6,0.),
  .PIECEWISE_BEZIER_KNOTS.);
#6285 = CARTESIAN_POINT('',(44.00218858474,-0.949027565362,6.5888672875)
  );
#6286 = CARTESIAN_POINT('',(44.601028003542,-0.911726754526,6.5888672875
    ));
#6287 = CARTESIAN_POINT('',(43.964699569944,-0.347166658607,
    7.017334084375));
#6288 = CARTESIAN_POINT('',(44.563538988746,-0.309865847771,
    7.017334084375));
#6289 = CARTESIAN_POINT('',(43.964699569944,-0.347166658607,
    7.876709084375));
#6290 = CARTESIAN_POINT('',(44.563538988746,-0.309865847771,
    7.876709084375));
#6291 = DEFINITIONAL_REPRESENTATION('',(#6292),#6310);
#6292 = B_SPLINE_CURVE_WITH_KNOTS('',6,(#6293,#6294,#6295,#6296,#6297,
    #6298,#6299,#6300,#6301,#6302,#6303,#6304,#6305,#6306,#6307,#6308,
    #6309),.UNSPECIFIED.,.F.,.F.,(7,5,5,7),(0.,0.465046376913,
    0.739624087297,1.),.UNSPECIFIED.);
#6293 = CARTESIAN_POINT('',(1.,-0.36528946555));
#6294 = CARTESIAN_POINT('',(0.934792512476,-0.36528946555));
#6295 = CARTESIAN_POINT('',(0.867411465865,-0.364955753335));
#6296 = CARTESIAN_POINT('',(0.797671290394,-0.364246580979));
#6297 = CARTESIAN_POINT('',(0.725442856326,-0.363118130535));
#6298 = CARTESIAN_POINT('',(0.650659714731,-0.361531384787));
#6299 = CARTESIAN_POINT('',(0.527729804383,-0.358257895861));
#6300 = CARTESIAN_POINT('',(0.481225873072,-0.356878492318));
#6301 = CARTESIAN_POINT('',(0.433875291167,-0.355332582326));
#6302 = CARTESIAN_POINT('',(0.38572377408,-0.353621568456));
#6303 = CARTESIAN_POINT('',(0.336848798471,-0.351752507246));
#6304 = CARTESIAN_POINT('',(0.240443511246,-0.347831602127));
#6305 = CARTESIAN_POINT('',(0.192969775861,-0.345794044618));
#6306 = CARTESIAN_POINT('',(0.145054054872,-0.343639935969));
#6307 = CARTESIAN_POINT('',(9.682159601321E-02,-0.341387790836));
#6308 = CARTESIAN_POINT('',(4.841581631609E-02,-0.339061322089));
#6309 = CARTESIAN_POINT('',(0.,-0.336688723712));
#6310 = ( GEOMETRIC_REPRESENTATION_CONTEXT(2) 
PARAMETRIC_REPRESENTATION_CONTEXT() REPRESENTATION_CONTEXT('2D SPACE',''
  ) );
#6311 = FACE_BOUND('',#6312,.T.);
#6312 = EDGE_LOOP('',(#6313,#6390,#6465,#6540,#6615,#6672,#6747,#6799,
    #6862,#6919,#6994,#7069,#7144,#7219,#7276,#7339,#7391,#7466));
#6313 = ORIENTED_EDGE('',*,*,#6314,.F.);
#6314 = EDGE_CURVE('',#6315,#6317,#6319,.T.);
#6315 = VERTEX_POINT('',#6316);
#6316 = CARTESIAN_POINT('',(44.490193429504,-6.434178037266,
    9.43310556875));
#6317 = VERTEX_POINT('',#6318);
#6318 = CARTESIAN_POINT('',(44.499029852985,-5.793840336206,
    8.682373146875));
#6319 = SURFACE_CURVE('',#6320,(#6339,#6361),.PCURVE_S1.);
#6320 = B_SPLINE_CURVE_WITH_KNOTS('',5,(#6321,#6322,#6323,#6324,#6325,
    #6326,#6327,#6328,#6329,#6330,#6331,#6332,#6333,#6334,#6335,#6336,
    #6337,#6338),.UNSPECIFIED.,.F.,.F.,(6,4,4,4,6),(0.,0.215975512245,
    0.592033539679,0.865378175161,1.),.UNSPECIFIED.);
#6321 = CARTESIAN_POINT('',(44.490193429504,-6.434178037266,
    9.43310556875));
#6322 = CARTESIAN_POINT('',(44.491258084682,-6.383473874963,
    9.411927653275));
#6323 = CARTESIAN_POINT('',(44.492217159163,-6.334356665256,
    9.389518363039));
#6324 = CARTESIAN_POINT('',(44.493075564784,-6.287022058921,
    9.365822106756));
#6325 = CARTESIAN_POINT('',(44.493839357636,-6.24169784355,9.34079399699
    ));
#6326 = CARTESIAN_POINT('',(44.495693593554,-6.123602509056,
    9.268493147448));
#6327 = CARTESIAN_POINT('',(44.496607072631,-6.05535510424,
    9.218462081646));
#6328 = CARTESIAN_POINT('',(44.497292351989,-5.995190647523,
    9.164290154654));
#6329 = CARTESIAN_POINT('',(44.497801117911,-5.944288291609,
    9.106173458819));
#6330 = CARTESIAN_POINT('',(44.498445406843,-5.873165719025,
    9.000199886091));
#6331 = CARTESIAN_POINT('',(44.498644978172,-5.848352069204,
    8.953861062196));
#6332 = CARTESIAN_POINT('',(44.498788812777,-5.828835369379,
    8.906044109537));
#6333 = CARTESIAN_POINT('',(44.498889450254,-5.81452368684,
    8.857037470448));
#6334 = CARTESIAN_POINT('',(44.498985167989,-5.800566518158,
    8.782557445528));
#6335 = CARTESIAN_POINT('',(44.499007911244,-5.79716391013,
    8.757761115933));
#6336 = CARTESIAN_POINT('',(44.499022626724,-5.794933999601,
    8.732778577063));
#6337 = CARTESIAN_POINT('',(44.499029852985,-5.793840336206,
    8.707640085911));
#6338 = CARTESIAN_POINT('',(44.499029852985,-5.793840336206,
    8.682373146875));
#6339 = PCURVE('',#2721,#6340);
#6340 = DEFINITIONAL_REPRESENTATION('',(#6341),#6360);
#6341 = B_SPLINE_CURVE_WITH_KNOTS('',5,(#6342,#6343,#6344,#6345,#6346,
    #6347,#6348,#6349,#6350,#6351,#6352,#6353,#6354,#6355,#6356,#6357,
    #6358,#6359),.UNSPECIFIED.,.F.,.F.,(6,4,4,4,6),(0.,0.215975512245,
    0.592033539679,0.865378175161,1.),.UNSPECIFIED.);
#6342 = CARTESIAN_POINT('',(-4.733383287478,-6.56689453125));
#6343 = CARTESIAN_POINT('',(-4.732243616949,-6.588072446725));
#6344 = CARTESIAN_POINT('',(-4.731139650226,-6.610481736961));
#6345 = CARTESIAN_POINT('',(-4.730075777575,-6.634177993244));
#6346 = CARTESIAN_POINT('',(-4.729057111943,-6.65920610301));
#6347 = CARTESIAN_POINT('',(-4.726402957102,-6.731506952552));
#6348 = CARTESIAN_POINT('',(-4.724869174366,-6.781538018354));
#6349 = CARTESIAN_POINT('',(-4.723517078657,-6.835709945346));
#6350 = CARTESIAN_POINT('',(-4.722373148801,-6.893826641181));
#6351 = CARTESIAN_POINT('',(-4.720774823165,-6.999800213909));
#6352 = CARTESIAN_POINT('',(-4.720217195305,-7.046139037804));
#6353 = CARTESIAN_POINT('',(-4.719778605884,-7.093955990463));
#6354 = CARTESIAN_POINT('',(-4.7194569871,-7.142962629552));
#6355 = CARTESIAN_POINT('',(-4.719143335484,-7.217442654472));
#6356 = CARTESIAN_POINT('',(-4.719066870675,-7.242238984067));
#6357 = CARTESIAN_POINT('',(-4.719016759235,-7.267221522937));
#6358 = CARTESIAN_POINT('',(-4.718992181993,-7.292360014089));
#6359 = CARTESIAN_POINT('',(-4.718992181993,-7.317626953125));
#6360 = ( GEOMETRIC_REPRESENTATION_CONTEXT(2) 
PARAMETRIC_REPRESENTATION_CONTEXT() REPRESENTATION_CONTEXT('2D SPACE',''
  ) );
#6361 = PCURVE('',#6362,#6369);
#6362 = B_SPLINE_SURFACE_WITH_KNOTS('',2,1,(
    (#6363,#6364)
    ,(#6365,#6366)
    ,(#6367,#6368
    )),.UNSPECIFIED.,.F.,.F.,.F.,(3,3),(2,2),(0.,1.),(-0.6,0.),
  .PIECEWISE_BEZIER_KNOTS.);
#6363 = CARTESIAN_POINT('',(44.268254345623,-5.779465675362,
    8.682373146875));
#6364 = CARTESIAN_POINT('',(44.867093764425,-5.816766486197,
    8.682373146875));
#6365 = CARTESIAN_POINT('',(44.268254345623,-5.779465675362,
    9.165771584375));
#6366 = CARTESIAN_POINT('',(44.867093764425,-5.816766486197,
    9.165771584375));
#6367 = CARTESIAN_POINT('',(44.228488670009,-6.417876839612,
    9.43310556875));
#6368 = CARTESIAN_POINT('',(44.827328088811,-6.455177650447,
    9.43310556875));
#6369 = DEFINITIONAL_REPRESENTATION('',(#6370),#6389);
#6370 = B_SPLINE_CURVE_WITH_KNOTS('',5,(#6371,#6372,#6373,#6374,#6375,
    #6376,#6377,#6378,#6379,#6380,#6381,#6382,#6383,#6384,#6385,#6386,
    #6387,#6388),.UNSPECIFIED.,.F.,.F.,(6,4,4,4,6),(0.,0.215975512245,
    0.592033539679,0.865378175161,1.),.UNSPECIFIED.);
#6371 = CARTESIAN_POINT('',(1.,-0.337788043393));
#6372 = CARTESIAN_POINT('',(0.960390528865,-0.339877624857));
#6373 = CARTESIAN_POINT('',(0.92006307473,-0.341973925096));
#6374 = CARTESIAN_POINT('',(0.879028256036,-0.344059878553));
#6375 = CARTESIAN_POINT('',(0.837318944296,-0.346115279746));
#6376 = CARTESIAN_POINT('',(0.721313596558,-0.351606383369));
#6377 = CARTESIAN_POINT('',(0.645745817678,-0.354937477131));
#6378 = CARTESIAN_POINT('',(0.56871853724,-0.357993828342));
#6379 = CARTESIAN_POINT('',(0.490844643141,-0.360650545109));
#6380 = CARTESIAN_POINT('',(0.356416343375,-0.364429051803));
#6381 = CARTESIAN_POINT('',(0.299828953191,-0.365772481935));
#6382 = CARTESIAN_POINT('',(0.243560986549,-0.366842240097));
#6383 = CARTESIAN_POINT('',(0.187878461548,-0.367631526221));
#6384 = CARTESIAN_POINT('',(0.105971436969,-0.368403683148));
#6385 = CARTESIAN_POINT('',(7.913649479796E-02,-0.368592517283));
#6386 = CARTESIAN_POINT('',(5.251805538239E-02,-0.368716459385));
#6387 = CARTESIAN_POINT('',(2.613469249765E-02,-0.368777237988));
#6388 = CARTESIAN_POINT('',(0.,-0.368777237988));
#6389 = ( GEOMETRIC_REPRESENTATION_CONTEXT(2) 
PARAMETRIC_REPRESENTATION_CONTEXT() REPRESENTATION_CONTEXT('2D SPACE',''
  ) );
#6390 = ORIENTED_EDGE('',*,*,#6391,.F.);
#6391 = EDGE_CURVE('',#6392,#6315,#6394,.T.);
#6392 = VERTEX_POINT('',#6393);
#6393 = CARTESIAN_POINT('',(44.414378291728,-8.259166714654,
    9.700439553125));
#6394 = SURFACE_CURVE('',#6395,(#6414,#6436),.PCURVE_S1.);
#6395 = B_SPLINE_CURVE_WITH_KNOTS('',5,(#6396,#6397,#6398,#6399,#6400,
    #6401,#6402,#6403,#6404,#6405,#6406,#6407,#6408,#6409,#6410,#6411,
    #6412,#6413),.UNSPECIFIED.,.F.,.F.,(6,4,4,4,6),(0.,0.286636672473,
    0.546430133049,0.782744465102,1.),.UNSPECIFIED.);
#6396 = CARTESIAN_POINT('',(44.414378291728,-8.259166714654,
    9.700439553125));
#6397 = CARTESIAN_POINT('',(44.421384929214,-8.146380689011,
    9.700439553125));
#6398 = CARTESIAN_POINT('',(44.4280044431,-8.034041041337,9.698924053569
    ));
#6399 = CARTESIAN_POINT('',(44.434236535465,-7.922248711313,
    9.695751731979));
#6400 = CARTESIAN_POINT('',(44.440080555427,-7.811150317671,9.6907553676
    ));
#6401 = CARTESIAN_POINT('',(44.450484453686,-7.601055382637,
    9.677364843868));
#6402 = CARTESIAN_POINT('',(44.455113269388,-7.501904240665,
    9.669332882377));
#6403 = CARTESIAN_POINT('',(44.459425209817,-7.40363303935,
    9.659483856306));
#6404 = CARTESIAN_POINT('',(44.463422571741,-7.306447064157,
    9.647641787726));
#6405 = CARTESIAN_POINT('',(44.470462711291,-7.123439754779,
    9.620839062076));
#6406 = CARTESIAN_POINT('',(44.473559065213,-7.037389543613,
    9.606257504084));
#6407 = CARTESIAN_POINT('',(44.476401678065,-6.952661819194,
    9.58971095559));
#6408 = CARTESIAN_POINT('',(44.478994979036,-6.869527729591,
    9.571034408813));
#6409 = CARTESIAN_POINT('',(44.483509453263,-6.71365791342,
    9.530785731192));
#6410 = CARTESIAN_POINT('',(44.485467891075,-6.640627066355,
    9.509569272347));
#6411 = CARTESIAN_POINT('',(44.48722853331,-6.569484258043,
    9.486289892002));
#6412 = CARTESIAN_POINT('',(44.488799762748,-6.500551363403,
    9.460828119067));
#6413 = CARTESIAN_POINT('',(44.490193429504,-6.434178037266,
    9.43310556875));
#6414 = PCURVE('',#2721,#6415);
#6415 = DEFINITIONAL_REPRESENTATION('',(#6416),#6435);
#6416 = B_SPLINE_CURVE_WITH_KNOTS('',5,(#6417,#6418,#6419,#6420,#6421,
    #6422,#6423,#6424,#6425,#6426,#6427,#6428,#6429,#6430,#6431,#6432,
    #6433,#6434),.UNSPECIFIED.,.F.,.F.,(6,4,4,4,6),(0.,0.286636672473,
    0.546430133049,0.782744465102,1.),.UNSPECIFIED.);
#6417 = CARTESIAN_POINT('',(-4.774432524204,-6.299560546875));
#6418 = CARTESIAN_POINT('',(-4.77189312075,-6.299560546875));
#6419 = CARTESIAN_POINT('',(-4.769364268349,-6.301076046431));
#6420 = CARTESIAN_POINT('',(-4.766848197296,-6.304248368021));
#6421 = CARTESIAN_POINT('',(-4.764348164362,-6.3092447324));
#6422 = CARTESIAN_POINT('',(-4.759621144637,-6.322635256132));
#6423 = CARTESIAN_POINT('',(-4.757390611453,-6.330667217623));
#6424 = CARTESIAN_POINT('',(-4.755180156164,-6.340516243694));
#6425 = CARTESIAN_POINT('',(-4.752994362912,-6.352358312274));
#6426 = CARTESIAN_POINT('',(-4.748878797215,-6.379161037924));
#6427 = CARTESIAN_POINT('',(-4.7469438391,-6.393742595916));
#6428 = CARTESIAN_POINT('',(-4.745038781335,-6.41028914441));
#6429 = CARTESIAN_POINT('',(-4.743169695471,-6.428965691187));
#6430 = CARTESIAN_POINT('',(-4.739665534143,-6.469214368808));
#6431 = CARTESIAN_POINT('',(-4.738023805301,-6.490430827653));
#6432 = CARTESIAN_POINT('',(-4.736424605331,-6.513710207998));
#6433 = CARTESIAN_POINT('',(-4.734875151663,-6.539171980933));
#6434 = CARTESIAN_POINT('',(-4.733383287478,-6.56689453125));
#6435 = ( GEOMETRIC_REPRESENTATION_CONTEXT(2) 
PARAMETRIC_REPRESENTATION_CONTEXT() REPRESENTATION_CONTEXT('2D SPACE',''
  ) );
#6436 = PCURVE('',#6437,#6444);
#6437 = B_SPLINE_SURFACE_WITH_KNOTS('',2,1,(
    (#6438,#6439)
    ,(#6440,#6441)
    ,(#6442,#6443
    )),.UNSPECIFIED.,.F.,.F.,.F.,(3,3),(2,2),(0.,1.),(-0.6,0.),
  .PIECEWISE_BEZIER_KNOTS.);
#6438 = CARTESIAN_POINT('',(44.228488670009,-6.417876839612,
    9.43310556875));
#6439 = CARTESIAN_POINT('',(44.827328088811,-6.455177650447,
    9.43310556875));
#6440 = CARTESIAN_POINT('',(44.188722994395,-7.056288003862,
    9.700439553125));
#6441 = CARTESIAN_POINT('',(44.787562413197,-7.093588814698,
    9.700439553125));
#6442 = CARTESIAN_POINT('',(44.114959183905,-8.240516346708,
    9.700439553125));
#6443 = CARTESIAN_POINT('',(44.713798602707,-8.277817157543,
    9.700439553125));
#6444 = DEFINITIONAL_REPRESENTATION('',(#6445),#6464);
#6445 = B_SPLINE_CURVE_WITH_KNOTS('',5,(#6446,#6447,#6448,#6449,#6450,
    #6451,#6452,#6453,#6454,#6455,#6456,#6457,#6458,#6459,#6460,#6461,
    #6462,#6463),.UNSPECIFIED.,.F.,.F.,(6,4,4,4,6),(0.,0.286636672473,
    0.546430133049,0.782744465102,1.),.UNSPECIFIED.);
#6446 = CARTESIAN_POINT('',(1.,-0.300000602744));
#6447 = CARTESIAN_POINT('',(0.952380438261,-0.30001920189));
#6448 = CARTESIAN_POINT('',(0.903652335942,-0.300396425388));
#6449 = CARTESIAN_POINT('',(0.853736328793,-0.301126295363));
#6450 = CARTESIAN_POINT('',(0.802549948337,-0.302200346443));
#6451 = CARTESIAN_POINT('',(0.702371638703,-0.304877758181));
#6452 = CARTESIAN_POINT('',(0.653625110157,-0.306421925991));
#6453 = CARTESIAN_POINT('',(0.603690589043,-0.308227651975));
#6454 = CARTESIAN_POINT('',(0.552502654915,-0.310279881617));
#6455 = CARTESIAN_POINT('',(0.45224323229,-0.314630561537));
#6456 = CARTESIAN_POINT('',(0.403400876908,-0.316889767981));
#6457 = CARTESIAN_POINT('',(0.353427484719,-0.319320008302));
#6458 = CARTESIAN_POINT('',(0.302294736885,-0.321900005142));
#6459 = CARTESIAN_POINT('',(0.201924124866,-0.327084380819));
#6460 = CARTESIAN_POINT('',(0.15286776507,-0.329669914235));
#6461 = CARTESIAN_POINT('',(0.102832344523,-0.332335485006));
#6462 = CARTESIAN_POINT('',(5.1850030182E-02,-0.335052716239));
#6463 = CARTESIAN_POINT('',(0.,-0.337788043393));
#6464 = ( GEOMETRIC_REPRESENTATION_CONTEXT(2) 
PARAMETRIC_REPRESENTATION_CONTEXT() REPRESENTATION_CONTEXT('2D SPACE',''
  ) );
#6465 = ORIENTED_EDGE('',*,*,#6466,.F.);
#6466 = EDGE_CURVE('',#6467,#6392,#6469,.T.);
#6467 = VERTEX_POINT('',#6468);
#6468 = CARTESIAN_POINT('',(44.263986324855,-10.07706397519,
    9.434326271875));
#6469 = SURFACE_CURVE('',#6470,(#6489,#6511),.PCURVE_S1.);
#6470 = B_SPLINE_CURVE_WITH_KNOTS('',5,(#6471,#6472,#6473,#6474,#6475,
    #6476,#6477,#6478,#6479,#6480,#6481,#6482,#6483,#6484,#6485,#6486,
    #6487,#6488),.UNSPECIFIED.,.F.,.F.,(6,4,4,4,6),(0.,0.219268673502,
    0.45611968635,0.715668540373,1.),.UNSPECIFIED.);
#6471 = CARTESIAN_POINT('',(44.263986324855,-10.07706397519,
    9.434326271875));
#6472 = CARTESIAN_POINT('',(44.270911695421,-10.01008992595,
    9.46199789118));
#6473 = CARTESIAN_POINT('',(44.277966637865,-9.940624810966,
    9.487424330907));
#6474 = CARTESIAN_POINT('',(44.28509808092,-9.86899800108,9.510680980621
    ));
#6475 = CARTESIAN_POINT('',(44.292259497959,-9.79551381624,
    9.531882509738));
#6476 = CARTESIAN_POINT('',(44.307141742864,-9.639303096761,
    9.571961966746));
#6477 = CARTESIAN_POINT('',(44.314861106427,-9.556310765349,
    9.590516579744));
#6478 = CARTESIAN_POINT('',(44.322525212363,-9.471751353722,
    9.606967961291));
#6479 = CARTESIAN_POINT('',(44.330097634533,-9.38588045005,
    9.621473338894));
#6480 = CARTESIAN_POINT('',(44.345719052131,-9.203559908893,
    9.648098379954));
#6481 = CARTESIAN_POINT('',(44.353743633875,-9.106889800465,
    9.659855580471));
#6482 = CARTESIAN_POINT('',(44.361589611127,-9.009129844023,
    9.669639515985));
#6483 = CARTESIAN_POINT('',(44.369230268486,-8.91047543581,
    9.677618888699));
#6484 = CARTESIAN_POINT('',(44.384772971976,-8.702163930686,
    9.690865372697));
#6485 = CARTESIAN_POINT('',(44.392629801376,-8.592360385487,
    9.695800498509));
#6486 = CARTESIAN_POINT('',(44.400193353708,-8.481840279332,
    9.698938541715));
#6487 = CARTESIAN_POINT('',(44.407446788916,-8.370743295509,
    9.700439553125));
#6488 = CARTESIAN_POINT('',(44.414378291728,-8.259166714654,
    9.700439553125));
#6489 = PCURVE('',#2721,#6490);
#6490 = DEFINITIONAL_REPRESENTATION('',(#6491),#6510);
#6491 = B_SPLINE_CURVE_WITH_KNOTS('',5,(#6492,#6493,#6494,#6495,#6496,
    #6497,#6498,#6499,#6500,#6501,#6502,#6503,#6504,#6505,#6506,#6507,
    #6508,#6509),.UNSPECIFIED.,.F.,.F.,(6,4,4,4,6),(0.,0.219268673502,
    0.45611968635,0.715668540373,1.),.UNSPECIFIED.);
#6492 = CARTESIAN_POINT('',(-4.815426574513,-6.565673828125));
#6493 = CARTESIAN_POINT('',(-4.813913514918,-6.53800220882));
#6494 = CARTESIAN_POINT('',(-4.812344473723,-6.512575769094));
#6495 = CARTESIAN_POINT('',(-4.810726928726,-6.489319119379));
#6496 = CARTESIAN_POINT('',(-4.809067779382,-6.468117590262));
#6497 = CARTESIAN_POINT('',(-4.805541531377,-6.428038133254));
#6498 = CARTESIAN_POINT('',(-4.803668489804,-6.409483520256));
#6499 = CARTESIAN_POINT('',(-4.801760496642,-6.393032138709));
#6500 = CARTESIAN_POINT('',(-4.79982333094,-6.378526761106));
#6501 = CARTESIAN_POINT('',(-4.795711228755,-6.351901720046));
#6502 = CARTESIAN_POINT('',(-4.793531402896,-6.340144519529));
#6503 = CARTESIAN_POINT('',(-4.79132749706,-6.330360584015));
#6504 = CARTESIAN_POINT('',(-4.789103913998,-6.322381211301));
#6505 = CARTESIAN_POINT('',(-4.7844097445,-6.309134727303));
#6506 = CARTESIAN_POINT('',(-4.781935951957,-6.304199601491));
#6507 = CARTESIAN_POINT('',(-4.779446561099,-6.301061558285));
#6508 = CARTESIAN_POINT('',(-4.776944696729,-6.299560546875));
#6509 = CARTESIAN_POINT('',(-4.774432524204,-6.299560546875));
#6510 = ( GEOMETRIC_REPRESENTATION_CONTEXT(2) 
PARAMETRIC_REPRESENTATION_CONTEXT() REPRESENTATION_CONTEXT('2D SPACE',''
  ) );
#6511 = PCURVE('',#6512,#6519);
#6512 = B_SPLINE_SURFACE_WITH_KNOTS('',2,1,(
    (#6513,#6514)
    ,(#6515,#6516)
    ,(#6517,#6518
    )),.UNSPECIFIED.,.F.,.F.,.F.,(3,3),(2,2),(0.,1.),(-0.6,0.),
  .PIECEWISE_BEZIER_KNOTS.);
#6513 = CARTESIAN_POINT('',(44.114959183905,-8.240516346708,
    9.700439553125));
#6514 = CARTESIAN_POINT('',(44.713798602707,-8.277817157543,
    9.700439553125));
#6515 = CARTESIAN_POINT('',(44.041802482966,-9.414997954221,
    9.700439553125));
#6516 = CARTESIAN_POINT('',(44.640641901768,-9.452298765057,
    9.700439553125));
#6517 = CARTESIAN_POINT('',(44.001581475189,-10.06071916997,
    9.434326271875));
#6518 = CARTESIAN_POINT('',(44.600420893991,-10.0980199808,
    9.434326271875));
#6519 = DEFINITIONAL_REPRESENTATION('',(#6520),#6539);
#6520 = B_SPLINE_CURVE_WITH_KNOTS('',5,(#6521,#6522,#6523,#6524,#6525,
    #6526,#6527,#6528,#6529,#6530,#6531,#6532,#6533,#6534,#6535,#6536,
    #6537,#6538),.UNSPECIFIED.,.F.,.F.,(6,4,4,4,6),(0.,0.219268673502,
    0.45611968635,0.715668540373,1.),.UNSPECIFIED.);
#6521 = CARTESIAN_POINT('',(1.,-0.337086596412));
#6522 = CARTESIAN_POINT('',(0.948007819874,-0.334338265507));
#6523 = CARTESIAN_POINT('',(0.89685500476,-0.331615477975));
#6524 = CARTESIAN_POINT('',(0.846618862667,-0.328950726096));
#6525 = CARTESIAN_POINT('',(0.797332678672,-0.32637152753));
#6526 = CARTESIAN_POINT('',(0.696791611298,-0.32122938021));
#6527 = CARTESIAN_POINT('',(0.645697539254,-0.318684416986));
#6528 = CARTESIAN_POINT('',(0.595719479961,-0.316292026775));
#6529 = CARTESIAN_POINT('',(0.546833786144,-0.314072675846));
#6530 = CARTESIAN_POINT('',(0.446581702018,-0.309815981482));
#6531 = CARTESIAN_POINT('',(0.395429065886,-0.307816710749));
#6532 = CARTESIAN_POINT('',(0.345488144772,-0.306063452725));
#6533 = CARTESIAN_POINT('',(0.296699802653,-0.304570723736));
#6534 = CARTESIAN_POINT('',(0.196744542125,-0.30200839794));
#6535 = CARTESIAN_POINT('',(0.145797537796,-0.300993034802));
#6536 = CARTESIAN_POINT('',(9.607454733323E-02,-0.30031492862));
#6537 = CARTESIAN_POINT('',(4.749986558684E-02,-0.299982203042));
#6538 = CARTESIAN_POINT('',(0.,-0.300000602744));
#6539 = ( GEOMETRIC_REPRESENTATION_CONTEXT(2) 
PARAMETRIC_REPRESENTATION_CONTEXT() REPRESENTATION_CONTEXT('2D SPACE',''
  ) );
#6540 = ORIENTED_EDGE('',*,*,#6541,.F.);
#6541 = EDGE_CURVE('',#6542,#6467,#6544,.T.);
#6542 = VERTEX_POINT('',#6543);
#6543 = CARTESIAN_POINT('',(44.192677426153,-10.72084877276,
    8.687255959375));
#6544 = SURFACE_CURVE('',#6545,(#6564,#6586),.PCURVE_S1.);
#6545 = B_SPLINE_CURVE_WITH_KNOTS('',5,(#6546,#6547,#6548,#6549,#6550,
    #6551,#6552,#6553,#6554,#6555,#6556,#6557,#6558,#6559,#6560,#6561,
    #6562,#6563),.UNSPECIFIED.,.F.,.F.,(6,4,4,4,6),(0.,0.130830363213,
    0.395908831125,0.776679270389,1.),.UNSPECIFIED.);
#6546 = CARTESIAN_POINT('',(44.192677426153,-10.72084877276,
    8.687255959375));
#6547 = CARTESIAN_POINT('',(44.192677426153,-10.72084877276,
    8.711772183015));
#6548 = CARTESIAN_POINT('',(44.192800851454,-10.71980398624,
    8.736166131758));
#6549 = CARTESIAN_POINT('',(44.193052383316,-10.71767492686,
    8.760411843519));
#6550 = CARTESIAN_POINT('',(44.193435729294,-10.71442786963,
    8.784480854561));
#6551 = CARTESIAN_POINT('',(44.195002940293,-10.70113405257,
    8.856688230209));
#6552 = CARTESIAN_POINT('',(44.196604594223,-10.68752856561,
    8.904188529077));
#6553 = CARTESIAN_POINT('',(44.198780435911,-10.66899378294,
    8.950570204738));
#6554 = CARTESIAN_POINT('',(44.201529474721,-10.64544553904,
    8.995565446217));
#6555 = CARTESIAN_POINT('',(44.209540944925,-10.57623646593,
    9.101237156239));
#6556 = CARTESIAN_POINT('',(44.215379126223,-10.5253897979,
    9.160216935839));
#6557 = CARTESIAN_POINT('',(44.222231279877,-10.46496602967,
    9.215135542183));
#6558 = CARTESIAN_POINT('',(44.22988665523,-10.39621529249,
    9.265792917567));
#6559 = CARTESIAN_POINT('',(44.24297250705,-10.27612583949,
    9.339469984228));
#6560 = CARTESIAN_POINT('',(44.248015366793,-10.2293302127,
    9.365264012272));
#6561 = CARTESIAN_POINT('',(44.25322306535,-10.18039279968,
    9.389634492104));
#6562 = CARTESIAN_POINT('',(44.258557400009,-10.12956615922,
    9.41263398261));
#6563 = CARTESIAN_POINT('',(44.263986324855,-10.07706397519,
    9.434326271875));
#6564 = PCURVE('',#2721,#6565);
#6565 = DEFINITIONAL_REPRESENTATION('',(#6566),#6585);
#6566 = B_SPLINE_CURVE_WITH_KNOTS('',5,(#6567,#6568,#6569,#6570,#6571,
    #6572,#6573,#6574,#6575,#6576,#6577,#6578,#6579,#6580,#6581,#6582,
    #6583,#6584),.UNSPECIFIED.,.F.,.F.,(6,4,4,4,6),(0.,0.130830363213,
    0.395908831125,0.776679270389,1.),.UNSPECIFIED.);
#6567 = CARTESIAN_POINT('',(-4.829982254182,-7.312744140625));
#6568 = CARTESIAN_POINT('',(-4.829982254182,-7.288227916985));
#6569 = CARTESIAN_POINT('',(-4.829958612572,-7.263833968242));
#6570 = CARTESIAN_POINT('',(-4.829910435805,-7.239588256481));
#6571 = CARTESIAN_POINT('',(-4.829836961474,-7.215519245439));
#6572 = CARTESIAN_POINT('',(-4.829536155233,-7.143311869791));
#6573 = CARTESIAN_POINT('',(-4.829228302728,-7.095811570923));
#6574 = CARTESIAN_POINT('',(-4.828808930623,-7.049429895262));
#6575 = CARTESIAN_POINT('',(-4.828276163155,-7.004434653783));
#6576 = CARTESIAN_POINT('',(-4.826710517671,-6.898762943761));
#6577 = CARTESIAN_POINT('',(-4.825560389144,-6.839783164161));
#6578 = CARTESIAN_POINT('',(-4.824193851009,-6.784864557817));
#6579 = CARTESIAN_POINT('',(-4.822639346717,-6.734207182433));
#6580 = CARTESIAN_POINT('',(-4.819924732884,-6.660530115772));
#6581 = CARTESIAN_POINT('',(-4.818867058113,-6.634736087728));
#6582 = CARTESIAN_POINT('',(-4.817761133179,-6.610365607896));
#6583 = CARTESIAN_POINT('',(-4.816612689646,-6.58736611739));
#6584 = CARTESIAN_POINT('',(-4.815426574513,-6.565673828125));
#6585 = ( GEOMETRIC_REPRESENTATION_CONTEXT(2) 
PARAMETRIC_REPRESENTATION_CONTEXT() REPRESENTATION_CONTEXT('2D SPACE',''
  ) );
#6586 = PCURVE('',#6587,#6594);
#6587 = B_SPLINE_SURFACE_WITH_KNOTS('',2,1,(
    (#6588,#6589)
    ,(#6590,#6591)
    ,(#6592,#6593
    )),.UNSPECIFIED.,.F.,.F.,.F.,(3,3),(2,2),(0.,1.),(-0.6,0.),
  .PIECEWISE_BEZIER_KNOTS.);
#6588 = CARTESIAN_POINT('',(44.001581475189,-10.06071916997,
    9.434326271875));
#6589 = CARTESIAN_POINT('',(44.600420893991,-10.0980199808,
    9.434326271875));
#6590 = CARTESIAN_POINT('',(43.961360467412,-10.70644038572,
    9.168212990625));
#6591 = CARTESIAN_POINT('',(44.560199886214,-10.74374119655,
    9.168212990625));
#6592 = CARTESIAN_POINT('',(43.961360467412,-10.70644038572,
    8.687255959375));
#6593 = CARTESIAN_POINT('',(44.560199886214,-10.74374119655,
    8.687255959375));
#6594 = DEFINITIONAL_REPRESENTATION('',(#6595),#6614);
#6595 = B_SPLINE_CURVE_WITH_KNOTS('',5,(#6596,#6597,#6598,#6599,#6600,
    #6601,#6602,#6603,#6604,#6605,#6606,#6607,#6608,#6609,#6610,#6611,
    #6612,#6613),.UNSPECIFIED.,.F.,.F.,(6,4,4,4,6),(0.,0.130830363213,
    0.395908831125,0.776679270389,1.),.UNSPECIFIED.);
#6596 = CARTESIAN_POINT('',(1.,-0.368234737249));
#6597 = CARTESIAN_POINT('',(0.974513083241,-0.368234737249));
#6598 = CARTESIAN_POINT('',(0.948790646455,-0.368176502996));
#6599 = CARTESIAN_POINT('',(0.922845973946,-0.368057817074));
#6600 = CARTESIAN_POINT('',(0.896696956726,-0.367877075716));
#6601 = CARTESIAN_POINT('',(0.817016510852,-0.367139346436));
#6602 = CARTESIAN_POINT('',(0.7629132646,-0.366386616746));
#6603 = CARTESIAN_POINT('',(0.708262191297,-0.365367254497));
#6604 = CARTESIAN_POINT('',(0.653312727141,-0.364087480811));
#6605 = CARTESIAN_POINT('',(0.519438727508,-0.360394098117));
#6606 = CARTESIAN_POINT('',(0.44047889164,-0.3577282462));
#6607 = CARTESIAN_POINT('',(0.362419418907,-0.354645772596));
#6608 = CARTESIAN_POINT('',(0.285903551248,-0.35127930212));
#6609 = CARTESIAN_POINT('',(0.167650948645,-0.345684485573));
#6610 = CARTESIAN_POINT('',(0.124603697076,-0.343560571614));
#6611 = CARTESIAN_POINT('',(8.229485478797E-02,-0.341405288296));
#6612 = CARTESIAN_POINT('',(4.075762239942E-02,-0.339241063353));
#6613 = CARTESIAN_POINT('',(0.,-0.337086596412));
#6614 = ( GEOMETRIC_REPRESENTATION_CONTEXT(2) 
PARAMETRIC_REPRESENTATION_CONTEXT() REPRESENTATION_CONTEXT('2D SPACE',''
  ) );
#6615 = ORIENTED_EDGE('',*,*,#6616,.F.);
#6616 = EDGE_CURVE('',#6617,#6542,#6619,.T.);
#6617 = VERTEX_POINT('',#6618);
#6618 = CARTESIAN_POINT('',(44.235795974304,-10.34193706276,8.1318360375
    ));
#6619 = SURFACE_CURVE('',#6620,(#6633,#6649),.PCURVE_S1.);
#6620 = B_SPLINE_CURVE_WITH_KNOTS('',6,(#6621,#6622,#6623,#6624,#6625,
    #6626,#6627,#6628,#6629,#6630,#6631,#6632),.UNSPECIFIED.,.F.,.F.,(7,
    5,7),(0.,0.596626583773,1.),.UNSPECIFIED.);
#6621 = CARTESIAN_POINT('',(44.235795974304,-10.34193706276,8.1318360375
    ));
#6622 = CARTESIAN_POINT('',(44.227912923382,-10.41395638638,
    8.174747789671));
#6623 = CARTESIAN_POINT('',(44.220605547197,-10.47941569333,
    8.220896402757));
#6624 = CARTESIAN_POINT('',(44.21402793192,-10.53734918361,
    8.270321387578));
#6625 = CARTESIAN_POINT('',(44.208332335427,-10.58686368584,
    8.322958970643));
#6626 = CARTESIAN_POINT('',(44.203640779671,-10.62729197523,
    8.378584721198));
#6627 = CARTESIAN_POINT('',(44.197554854853,-10.67943948189,
    8.476045635711));
#6628 = CARTESIAN_POINT('',(44.195583938433,-10.69622275912,
    8.516523914557));
#6629 = CARTESIAN_POINT('',(44.194114804022,-10.70868227404,
    8.558032163121));
#6630 = CARTESIAN_POINT('',(44.193149567245,-10.71685201901,
    8.600424671464));
#6631 = CARTESIAN_POINT('',(44.192677426153,-10.72084877276,
    8.643550027778));
#6632 = CARTESIAN_POINT('',(44.192677426153,-10.72084877276,
    8.687255959375));
#6633 = PCURVE('',#2721,#6634);
#6634 = DEFINITIONAL_REPRESENTATION('',(#6635),#6648);
#6635 = B_SPLINE_CURVE_WITH_KNOTS('',6,(#6636,#6637,#6638,#6639,#6640,
    #6641,#6642,#6643,#6644,#6645,#6646,#6647),.UNSPECIFIED.,.F.,.F.,(7,
    5,7),(0.,0.596626583773,1.),.UNSPECIFIED.);
#6636 = CARTESIAN_POINT('',(-4.821412403852,-7.8681640625));
#6637 = CARTESIAN_POINT('',(-4.823040481793,-7.825252310329));
#6638 = CARTESIAN_POINT('',(-4.824520611262,-7.779103697243));
#6639 = CARTESIAN_POINT('',(-4.825830848831,-7.729678712422));
#6640 = CARTESIAN_POINT('',(-4.826950870564,-7.677041129357));
#6641 = CARTESIAN_POINT('',(-4.827865468066,-7.621415378802));
#6642 = CARTESIAN_POINT('',(-4.829045275649,-7.523954464289));
#6643 = CARTESIAN_POINT('',(-4.829425019528,-7.483476185443));
#6644 = CARTESIAN_POINT('',(-4.82970694828,-7.441967936879));
#6645 = CARTESIAN_POINT('',(-4.82989181499,-7.399575428536));
#6646 = CARTESIAN_POINT('',(-4.829982254182,-7.356450072222));
#6647 = CARTESIAN_POINT('',(-4.829982254182,-7.312744140625));
#6648 = ( GEOMETRIC_REPRESENTATION_CONTEXT(2) 
PARAMETRIC_REPRESENTATION_CONTEXT() REPRESENTATION_CONTEXT('2D SPACE',''
  ) );
#6649 = PCURVE('',#6650,#6657);
#6650 = B_SPLINE_SURFACE_WITH_KNOTS('',2,1,(
    (#6651,#6652)
    ,(#6653,#6654)
    ,(#6655,#6656
    )),.UNSPECIFIED.,.F.,.F.,.F.,(3,3),(2,2),(0.,1.),(-0.6,0.),
  .PIECEWISE_BEZIER_KNOTS.);
#6651 = CARTESIAN_POINT('',(43.961360467412,-10.70644038572,
    8.687255959375));
#6652 = CARTESIAN_POINT('',(44.560199886214,-10.74374119655,
    8.687255959375));
#6653 = CARTESIAN_POINT('',(43.961360467412,-10.70644038572,
    8.357666115625));
#6654 = CARTESIAN_POINT('',(44.560199886214,-10.74374119655,
    8.357666115625));
#6655 = CARTESIAN_POINT('',(43.985037739915,-10.32631770776,8.1318360375
    ));
#6656 = CARTESIAN_POINT('',(44.583877158717,-10.3636185186,8.1318360375)
  );
#6657 = DEFINITIONAL_REPRESENTATION('',(#6658),#6671);
#6658 = B_SPLINE_CURVE_WITH_KNOTS('',6,(#6659,#6660,#6661,#6662,#6663,
    #6664,#6665,#6666,#6667,#6668,#6669,#6670),.UNSPECIFIED.,.F.,.F.,(7,
    5,7),(0.,0.596626583773,1.),.UNSPECIFIED.);
#6659 = CARTESIAN_POINT('',(1.,-0.348755783421));
#6660 = CARTESIAN_POINT('',(0.904991061139,-0.352146287531));
#6661 = CARTESIAN_POINT('',(0.807792455664,-0.355370053666));
#6662 = CARTESIAN_POINT('',(0.708746591802,-0.358333335579));
#6663 = CARTESIAN_POINT('',(0.60832255792,-0.360939696599));
#6664 = CARTESIAN_POINT('',(0.507139186477,-0.363108830845));
#6665 = CARTESIAN_POINT('',(0.33762036611,-0.365941076511));
#6666 = CARTESIAN_POINT('',(0.269239644475,-0.366864797501));
#6667 = CARTESIAN_POINT('',(0.201092847557,-0.367556506814));
#6668 = CARTESIAN_POINT('',(0.133387055381,-0.368011979679));
#6669 = CARTESIAN_POINT('',(6.630351697092E-02,-0.368234737249));
#6670 = CARTESIAN_POINT('',(0.,-0.368234737249));
#6671 = ( GEOMETRIC_REPRESENTATION_CONTEXT(2) 
PARAMETRIC_REPRESENTATION_CONTEXT() REPRESENTATION_CONTEXT('2D SPACE',''
  ) );
#6672 = ORIENTED_EDGE('',*,*,#6673,.F.);
#6673 = EDGE_CURVE('',#6674,#6617,#6676,.T.);
#6674 = VERTEX_POINT('',#6675);
#6675 = CARTESIAN_POINT('',(44.335250424582,-9.325646323117,
    7.852295021875));
#6676 = SURFACE_CURVE('',#6677,(#6696,#6718),.PCURVE_S1.);
#6677 = B_SPLINE_CURVE_WITH_KNOTS('',5,(#6678,#6679,#6680,#6681,#6682,
    #6683,#6684,#6685,#6686,#6687,#6688,#6689,#6690,#6691,#6692,#6693,
    #6694,#6695),.UNSPECIFIED.,.F.,.F.,(6,4,4,4,6),(0.,0.265534835581,
    0.518665458566,0.762374803179,1.),.UNSPECIFIED.);
#6678 = CARTESIAN_POINT('',(44.335250424582,-9.325646323117,
    7.852295021875));
#6679 = CARTESIAN_POINT('',(44.329893049419,-9.387732713076,
    7.857526265301));
#6680 = CARTESIAN_POINT('',(44.324486813719,-9.449116602568,
    7.863847948465));
#6681 = CARTESIAN_POINT('',(44.319043485904,-9.50971771989,
    7.871315873773));
#6682 = CARTESIAN_POINT('',(44.313576966577,-9.569444417009,
    7.879984695891));
#6683 = CARTESIAN_POINT('',(44.302885308246,-9.684198505496,
    7.899367593333));
#6684 = CARTESIAN_POINT('',(44.29766084181,-9.739314993846,7.90996696807
    ));
#6685 = CARTESIAN_POINT('',(44.292443795595,-9.793454015263,
    7.921751424137));
#6686 = CARTESIAN_POINT('',(44.287249957894,-9.846516956848,
    7.934763249807));
#6687 = CARTESIAN_POINT('',(44.277134852218,-9.948353535223,
    7.962776965121));
#6688 = CARTESIAN_POINT('',(44.272210617003,-9.997213483094,
    7.977686806698));
#6689 = CARTESIAN_POINT('',(44.267339161376,-10.04488813081,
    7.993794694702));
#6690 = CARTESIAN_POINT('',(44.262536930476,-10.0912823599,
    8.011122458195));
#6691 = CARTESIAN_POINT('',(44.253221945824,-10.18020251738,
    8.047771098511));
#6692 = CARTESIAN_POINT('',(44.248704850733,-10.22279689541,
    8.067031450163));
#6693 = CARTESIAN_POINT('',(44.244284958273,-10.26400093205,
    8.087467692802));
#6694 = CARTESIAN_POINT('',(44.23997724243,-10.30373711895,
    8.109075111134));
#6695 = CARTESIAN_POINT('',(44.235795974304,-10.34193706276,8.1318360375
    ));
#6696 = PCURVE('',#2721,#6697);
#6697 = DEFINITIONAL_REPRESENTATION('',(#6698),#6717);
#6698 = B_SPLINE_CURVE_WITH_KNOTS('',5,(#6699,#6700,#6701,#6702,#6703,
    #6704,#6705,#6706,#6707,#6708,#6709,#6710,#6711,#6712,#6713,#6714,
    #6715,#6716),.UNSPECIFIED.,.F.,.F.,(6,4,4,4,6),(0.,0.265534835581,
    0.518665458566,0.762374803179,1.),.UNSPECIFIED.);
#6699 = CARTESIAN_POINT('',(-4.798464811314,-8.147705078125));
#6700 = CARTESIAN_POINT('',(-4.799865195644,-8.142473834699));
#6701 = CARTESIAN_POINT('',(-4.801249946267,-8.136152151535));
#6702 = CARTESIAN_POINT('',(-4.802617249064,-8.128684226227));
#6703 = CARTESIAN_POINT('',(-4.803965030143,-8.120015404109));
#6704 = CARTESIAN_POINT('',(-4.806554942145,-8.100632506667));
#6705 = CARTESIAN_POINT('',(-4.807799065193,-8.09003313193));
#6706 = CARTESIAN_POINT('',(-4.809021306155,-8.078248675863));
#6707 = CARTESIAN_POINT('',(-4.810219429059,-8.065236850193));
#6708 = CARTESIAN_POINT('',(-4.812519152568,-8.037223134879));
#6709 = CARTESIAN_POINT('',(-4.813622689842,-8.022313293302));
#6710 = CARTESIAN_POINT('',(-4.814699607349,-8.006205405298));
#6711 = CARTESIAN_POINT('',(-4.815747743731,-7.988877641805));
#6712 = CARTESIAN_POINT('',(-4.817756883728,-7.952229001489));
#6713 = CARTESIAN_POINT('',(-4.818719427333,-7.932968649837));
#6714 = CARTESIAN_POINT('',(-4.819650671795,-7.912532407198));
#6715 = CARTESIAN_POINT('',(-4.82054885109,-7.890924988866));
#6716 = CARTESIAN_POINT('',(-4.821412403852,-7.8681640625));
#6717 = ( GEOMETRIC_REPRESENTATION_CONTEXT(2) 
PARAMETRIC_REPRESENTATION_CONTEXT() REPRESENTATION_CONTEXT('2D SPACE',''
  ) );
#6718 = PCURVE('',#6719,#6726);
#6719 = B_SPLINE_SURFACE_WITH_KNOTS('',2,1,(
    (#6720,#6721)
    ,(#6722,#6723)
    ,(#6724,#6725
    )),.UNSPECIFIED.,.F.,.F.,.F.,(3,3),(2,2),(0.,1.),(-0.6,0.),
  .PIECEWISE_BEZIER_KNOTS.);
#6720 = CARTESIAN_POINT('',(43.985037739915,-10.32631770776,8.1318360375
    ));
#6721 = CARTESIAN_POINT('',(44.583877158717,-10.3636185186,8.1318360375)
  );
#6722 = CARTESIAN_POINT('',(44.008715012418,-9.946195029819,
    7.906005959375));
#6723 = CARTESIAN_POINT('',(44.607554431219,-9.983495840654,
    7.906005959375));
#6724 = CARTESIAN_POINT('',(44.048480688031,-9.307783865569,
    7.852295021875));
#6725 = CARTESIAN_POINT('',(44.647320106833,-9.345084676404,
    7.852295021875));
#6726 = DEFINITIONAL_REPRESENTATION('',(#6727),#6746);
#6727 = B_SPLINE_CURVE_WITH_KNOTS('',5,(#6728,#6729,#6730,#6731,#6732,
    #6733,#6734,#6735,#6736,#6737,#6738,#6739,#6740,#6741,#6742,#6743,
    #6744,#6745),.UNSPECIFIED.,.F.,.F.,(6,4,4,4,6),(0.,0.265534835581,
    0.518665458566,0.762374803179,1.),.UNSPECIFIED.);
#6728 = CARTESIAN_POINT('',(1.,-0.31267448914));
#6729 = CARTESIAN_POINT('',(0.95130187938,-0.314161713709));
#6730 = CARTESIAN_POINT('',(0.90195036105,-0.315741377366));
#6731 = CARTESIAN_POINT('',(0.851943325759,-0.317406724786));
#6732 = CARTESIAN_POINT('',(0.801287824484,-0.319149579829));
#6733 = CARTESIAN_POINT('',(0.701108191672,-0.322686523018));
#6734 = CARTESIAN_POINT('',(0.651642065534,-0.324474400914));
#6735 = CARTESIAN_POINT('',(0.601616679984,-0.326315640126));
#6736 = CARTESIAN_POINT('',(0.551056896942,-0.328200613466));
#6737 = CARTESIAN_POINT('',(0.450843626356,-0.331965175229));
#6738 = CARTESIAN_POINT('',(0.401226278133,-0.333842359364));
#6739 = CARTESIAN_POINT('',(0.351182066447,-0.335740553764));
#6740 = CARTESIAN_POINT('',(0.300754810977,-0.337649258428));
#6741 = CARTESIAN_POINT('',(0.200512508655,-0.34141823513));
#6742 = CARTESIAN_POINT('',(0.150713019199,-0.343278584732));
#6743 = CARTESIAN_POINT('',(0.100653737541,-0.345128354491));
#6744 = CARTESIAN_POINT('',(5.039392129464E-02,-0.346957417927));
#6745 = CARTESIAN_POINT('',(0.,-0.348755783421));
#6746 = ( GEOMETRIC_REPRESENTATION_CONTEXT(2) 
PARAMETRIC_REPRESENTATION_CONTEXT() REPRESENTATION_CONTEXT('2D SPACE',''
  ) );
#6747 = ORIENTED_EDGE('',*,*,#6748,.F.);
#6748 = EDGE_CURVE('',#6749,#6674,#6751,.T.);
#6749 = VERTEX_POINT('',#6750);
#6750 = CARTESIAN_POINT('',(44.335250424582,-9.325646323117,
    7.842529396875));
#6751 = SURFACE_CURVE('',#6752,(#6764,#6779),.PCURVE_S1.);
#6752 = B_SPLINE_CURVE_WITH_KNOTS('',4,(#6753,#6754,#6755,#6756,#6757,
    #6758,#6759,#6760,#6761,#6762,#6763),.UNSPECIFIED.,.F.,.F.,(5,3,3,5)
  ,(0.,0.237,0.595,1.),.UNSPECIFIED.);
#6753 = CARTESIAN_POINT('',(44.335250424582,-9.325646323117,
    7.842529396875));
#6754 = CARTESIAN_POINT('',(44.335250424582,-9.325646323117,
    7.843108010156));
#6755 = CARTESIAN_POINT('',(44.335250424582,-9.325646323117,
    7.843686623438));
#6756 = CARTESIAN_POINT('',(44.335250424582,-9.325646323117,
    7.844265236719));
#6757 = CARTESIAN_POINT('',(44.335250424582,-9.325646323117,
    7.845717873438));
#6758 = CARTESIAN_POINT('',(44.335250424582,-9.325646323117,
    7.846591896875));
#6759 = CARTESIAN_POINT('',(44.335250424582,-9.325646323117,
    7.847465920313));
#6760 = CARTESIAN_POINT('',(44.335250424582,-9.325646323117,
    7.849328713281));
#6761 = CARTESIAN_POINT('',(44.335250424582,-9.325646323117,
    7.850317482813));
#6762 = CARTESIAN_POINT('',(44.335250424582,-9.325646323117,
    7.851306252344));
#6763 = CARTESIAN_POINT('',(44.335250424582,-9.325646323117,
    7.852295021875));
#6764 = PCURVE('',#2721,#6765);
#6765 = DEFINITIONAL_REPRESENTATION('',(#6766),#6778);
#6766 = B_SPLINE_CURVE_WITH_KNOTS('',4,(#6767,#6768,#6769,#6770,#6771,
    #6772,#6773,#6774,#6775,#6776,#6777),.UNSPECIFIED.,.F.,.F.,(5,3,3,5)
  ,(0.,0.237,0.595,1.),.UNSPECIFIED.);
#6767 = CARTESIAN_POINT('',(-4.798464811314,-8.157470703125));
#6768 = CARTESIAN_POINT('',(-4.798464811314,-8.156892089844));
#6769 = CARTESIAN_POINT('',(-4.798464811314,-8.156313476563));
#6770 = CARTESIAN_POINT('',(-4.798464811314,-8.155734863281));
#6771 = CARTESIAN_POINT('',(-4.798464811314,-8.154282226562));
#6772 = CARTESIAN_POINT('',(-4.798464811314,-8.153408203125));
#6773 = CARTESIAN_POINT('',(-4.798464811314,-8.152534179687));
#6774 = CARTESIAN_POINT('',(-4.798464811314,-8.150671386719));
#6775 = CARTESIAN_POINT('',(-4.798464811314,-8.149682617187));
#6776 = CARTESIAN_POINT('',(-4.798464811314,-8.148693847656));
#6777 = CARTESIAN_POINT('',(-4.798464811314,-8.147705078125));
#6778 = ( GEOMETRIC_REPRESENTATION_CONTEXT(2) 
PARAMETRIC_REPRESENTATION_CONTEXT() REPRESENTATION_CONTEXT('2D SPACE',''
  ) );
#6779 = PCURVE('',#6780,#6785);
#6780 = B_SPLINE_SURFACE_WITH_KNOTS('',1,1,(
    (#6781,#6782)
    ,(#6783,#6784
    )),.UNSPECIFIED.,.F.,.F.,.F.,(2,2),(2,2),(0.,9.765625E-03),(-0.6,0.)
  ,.PIECEWISE_BEZIER_KNOTS.);
#6781 = CARTESIAN_POINT('',(44.048480688031,-9.307783865569,
    7.852295021875));
#6782 = CARTESIAN_POINT('',(44.647320106833,-9.345084676404,
    7.852295021875));
#6783 = CARTESIAN_POINT('',(44.048480688031,-9.307783865569,
    7.842529396875));
#6784 = CARTESIAN_POINT('',(44.647320106833,-9.345084676404,
    7.842529396875));
#6785 = DEFINITIONAL_REPRESENTATION('',(#6786),#6798);
#6786 = B_SPLINE_CURVE_WITH_KNOTS('',4,(#6787,#6788,#6789,#6790,#6791,
    #6792,#6793,#6794,#6795,#6796,#6797),.UNSPECIFIED.,.F.,.F.,(5,3,3,5)
  ,(0.,0.237,0.595,1.),.UNSPECIFIED.);
#6787 = CARTESIAN_POINT('',(9.765625E-03,-0.31267448914));
#6788 = CARTESIAN_POINT('',(9.18701171875E-03,-0.31267448914));
#6789 = CARTESIAN_POINT('',(8.608398437499E-03,-0.31267448914));
#6790 = CARTESIAN_POINT('',(8.02978515625E-03,-0.31267448914));
#6791 = CARTESIAN_POINT('',(6.5771484375E-03,-0.31267448914));
#6792 = CARTESIAN_POINT('',(5.703124999998E-03,-0.31267448914));
#6793 = CARTESIAN_POINT('',(4.8291015625E-03,-0.31267448914));
#6794 = CARTESIAN_POINT('',(2.96630859375E-03,-0.31267448914));
#6795 = CARTESIAN_POINT('',(1.977539062499E-03,-0.31267448914));
#6796 = CARTESIAN_POINT('',(9.887695312499E-04,-0.31267448914));
#6797 = CARTESIAN_POINT('',(0.,-0.31267448914));
#6798 = ( GEOMETRIC_REPRESENTATION_CONTEXT(2) 
PARAMETRIC_REPRESENTATION_CONTEXT() REPRESENTATION_CONTEXT('2D SPACE',''
  ) );
#6799 = ORIENTED_EDGE('',*,*,#6800,.F.);
#6800 = EDGE_CURVE('',#6801,#6749,#6803,.T.);
#6801 = VERTEX_POINT('',#6802);
#6802 = CARTESIAN_POINT('',(44.24892508317,-10.22044796433,
    7.566650490625));
#6803 = SURFACE_CURVE('',#6804,(#6819,#6837),.PCURVE_S1.);
#6804 = B_SPLINE_CURVE_WITH_KNOTS('',4,(#6805,#6806,#6807,#6808,#6809,
    #6810,#6811,#6812,#6813,#6814,#6815,#6816,#6817,#6818),
  .UNSPECIFIED.,.F.,.F.,(5,3,3,3,5),(0.,0.284034143574,0.515300821823,
    0.753906029952,1.),.UNSPECIFIED.);
#6805 = CARTESIAN_POINT('',(44.24892508317,-10.22044796433,
    7.566650490625));
#6806 = CARTESIAN_POINT('',(44.254288299168,-10.17017380715,
    7.598399842345));
#6807 = CARTESIAN_POINT('',(44.25989866973,-10.11686138566,
    7.627858886332));
#6808 = CARTESIAN_POINT('',(44.265716350128,-10.06068505169,
    7.654950432657));
#6809 = CARTESIAN_POINT('',(44.276562379772,-9.954025029223,
    7.699822614016));
#6810 = CARTESIAN_POINT('',(44.281536752697,-9.904421428104,
    7.718397885684));
#6811 = CARTESIAN_POINT('',(44.286592870811,-9.853216229454,
    7.735415611246));
#6812 = CARTESIAN_POINT('',(44.296982071252,-9.746217083433,
    7.766902600895));
#6813 = CARTESIAN_POINT('',(44.302318940637,-9.69032837594,
    7.781273488203));
#6814 = CARTESIAN_POINT('',(44.307690296119,-9.633041995827,
    7.794067365838));
#6815 = CARTESIAN_POINT('',(44.318623909051,-9.514131367401,
    7.816984297677));
#6816 = CARTESIAN_POINT('',(44.324186910118,-9.452426972266,
    7.827010464741));
#6817 = CARTESIAN_POINT('',(44.329736013331,-9.389552597537,
    7.835498094199));
#6818 = CARTESIAN_POINT('',(44.335250424582,-9.325646323117,
    7.842529396875));
#6819 = PCURVE('',#2721,#6820);
#6820 = DEFINITIONAL_REPRESENTATION('',(#6821),#6836);
#6821 = B_SPLINE_CURVE_WITH_KNOTS('',4,(#6822,#6823,#6824,#6825,#6826,
    #6827,#6828,#6829,#6830,#6831,#6832,#6833,#6834,#6835),
  .UNSPECIFIED.,.F.,.F.,(5,3,3,3,5),(0.,0.284034143574,0.515300821823,
    0.753906029952,1.),.UNSPECIFIED.);
#6822 = CARTESIAN_POINT('',(-4.818666415152,-8.433349609375));
#6823 = CARTESIAN_POINT('',(-4.817530248407,-8.401600257655));
#6824 = CARTESIAN_POINT('',(-4.816325602112,-8.372141213668));
#6825 = CARTESIAN_POINT('',(-4.815056463312,-8.345049667343));
#6826 = CARTESIAN_POINT('',(-4.812647248502,-8.300177485984));
#6827 = CARTESIAN_POINT('',(-4.811526970972,-8.281602214316));
#6828 = CARTESIAN_POINT('',(-4.810370697917,-8.264584488754));
#6829 = CARTESIAN_POINT('',(-4.807954915034,-8.233097499105));
#6830 = CARTESIAN_POINT('',(-4.806693277518,-8.218726611797));
#6831 = CARTESIAN_POINT('',(-4.805400298791,-8.205932734162));
#6832 = CARTESIAN_POINT('',(-4.802716877819,-8.183015802323));
#6833 = CARTESIAN_POINT('',(-4.801324640578,-8.172989635259));
#6834 = CARTESIAN_POINT('',(-4.799906243895,-8.164502005801));
#6835 = CARTESIAN_POINT('',(-4.798464811314,-8.157470703125));
#6836 = ( GEOMETRIC_REPRESENTATION_CONTEXT(2) 
PARAMETRIC_REPRESENTATION_CONTEXT() REPRESENTATION_CONTEXT('2D SPACE',''
  ) );
#6837 = PCURVE('',#6838,#6845);
#6838 = B_SPLINE_SURFACE_WITH_KNOTS('',2,1,(
    (#6839,#6840)
    ,(#6841,#6842)
    ,(#6843,#6844
    )),.UNSPECIFIED.,.F.,.F.,.F.,(3,3),(2,2),(0.,1.),(-0.6,0.),
  .PIECEWISE_BEZIER_KNOTS.);
#6839 = CARTESIAN_POINT('',(44.048480688031,-9.307783865569,
    7.842529396875));
#6840 = CARTESIAN_POINT('',(44.647320106833,-9.345084676404,
    7.842529396875));
#6841 = CARTESIAN_POINT('',(44.013875443604,-9.863347779496,
    7.781494240625));
#6842 = CARTESIAN_POINT('',(44.612714862406,-9.900648590332,
    7.781494240625));
#6843 = CARTESIAN_POINT('',(43.992626609307,-10.20448351611,
    7.566650490625));
#6844 = CARTESIAN_POINT('',(44.591466028108,-10.24178432695,
    7.566650490625));
#6845 = DEFINITIONAL_REPRESENTATION('',(#6846),#6861);
#6846 = B_SPLINE_CURVE_WITH_KNOTS('',4,(#6847,#6848,#6849,#6850,#6851,
    #6852,#6853,#6854,#6855,#6856,#6857,#6858,#6859,#6860),
  .UNSPECIFIED.,.F.,.F.,(5,3,3,3,5),(0.,0.284034143574,0.515300821823,
    0.753906029952,1.),.UNSPECIFIED.);
#6847 = CARTESIAN_POINT('',(1.,-0.343204806681));
#6848 = CARTESIAN_POINT('',(0.926110599634,-0.340977409474));
#6849 = CARTESIAN_POINT('',(0.852339136975,-0.338692218645));
#6850 = CARTESIAN_POINT('',(0.778907075055,-0.336378162742));
#6851 = CARTESIAN_POINT('',(0.646637543106,-0.332183954799));
#6852 = CARTESIAN_POINT('',(0.587622296635,-0.330302961383));
#6853 = CARTESIAN_POINT('',(0.529052635113,-0.328439949043));
#6854 = CARTESIAN_POINT('',(0.411105287738,-0.324722769295));
#6855 = CARTESIAN_POINT('',(0.351760787103,-0.322870713205));
#6856 = CARTESIAN_POINT('',(0.293043875696,-0.32107112826));
#6857 = CARTESIAN_POINT('',(0.175134375066,-0.317551102332));
#6858 = CARTESIAN_POINT('',(0.115984858544,-0.31583490174));
#6859 = CARTESIAN_POINT('',(5.760043152132E-02,-0.314205307432));
#6860 = CARTESIAN_POINT('',(0.,-0.31267448914));
#6861 = ( GEOMETRIC_REPRESENTATION_CONTEXT(2) 
PARAMETRIC_REPRESENTATION_CONTEXT() REPRESENTATION_CONTEXT('2D SPACE',''
  ) );
#6862 = ORIENTED_EDGE('',*,*,#6863,.F.);
#6863 = EDGE_CURVE('',#6864,#6801,#6866,.T.);
#6864 = VERTEX_POINT('',#6865);
#6865 = CARTESIAN_POINT('',(44.211318504309,-10.56056480153,
    7.071045021875));
#6866 = SURFACE_CURVE('',#6867,(#6880,#6896),.PCURVE_S1.);
#6867 = B_SPLINE_CURVE_WITH_KNOTS('',6,(#6868,#6869,#6870,#6871,#6872,
    #6873,#6874,#6875,#6876,#6877,#6878,#6879),.UNSPECIFIED.,.F.,.F.,(7,
    5,7),(0.,0.287349495629,1.),.UNSPECIFIED.);
#6868 = CARTESIAN_POINT('',(44.211318504309,-10.56056480153,
    7.071045021875));
#6869 = CARTESIAN_POINT('',(44.211318504309,-10.56056480153,
    7.098095151934));
#6870 = CARTESIAN_POINT('',(44.211535273245,-10.55867098978,
    7.124920759117));
#6871 = CARTESIAN_POINT('',(44.211973111224,-10.55484590798,
    7.151482063938));
#6872 = CARTESIAN_POINT('',(44.212633964527,-10.54906695989,
    7.17774019478));
#6873 = CARTESIAN_POINT('',(44.213517182168,-10.54132853368,
    7.20365751474));
#6874 = CARTESIAN_POINT('',(44.217352547442,-10.50762598812,
    7.292540335561));
#6875 = CARTESIAN_POINT('',(44.221433167232,-10.47162846492,
    7.353591289545));
#6876 = CARTESIAN_POINT('',(44.226808313942,-10.42385849867,
    7.411740232536));
#6877 = CARTESIAN_POINT('',(44.233319153896,-10.36523042609,
    7.466683686538));
#6878 = CARTESIAN_POINT('',(44.240759983088,-10.296986654,7.51831444851)
  );
#6879 = CARTESIAN_POINT('',(44.24892508317,-10.22044796433,
    7.566650490625));
#6880 = PCURVE('',#2721,#6881);
#6881 = DEFINITIONAL_REPRESENTATION('',(#6882),#6895);
#6882 = B_SPLINE_CURVE_WITH_KNOTS('',6,(#6883,#6884,#6885,#6886,#6887,
    #6888,#6889,#6890,#6891,#6892,#6893,#6894),.UNSPECIFIED.,.F.,.F.,(7,
    5,7),(0.,0.287349495629,1.),.UNSPECIFIED.);
#6883 = CARTESIAN_POINT('',(-4.826356087878,-8.928955078125));
#6884 = CARTESIAN_POINT('',(-4.826356087878,-8.901904948066));
#6885 = CARTESIAN_POINT('',(-4.826313252435,-8.875079340883));
#6886 = CARTESIAN_POINT('',(-4.826226734258,-8.848518036062));
#6887 = CARTESIAN_POINT('',(-4.826096023892,-8.82225990522));
#6888 = CARTESIAN_POINT('',(-4.825920997705,-8.79634258526));
#6889 = CARTESIAN_POINT('',(-4.82515874879,-8.707459764439));
#6890 = CARTESIAN_POINT('',(-4.824344634936,-8.646408810455));
#6891 = CARTESIAN_POINT('',(-4.823264378646,-8.588259867464));
#6892 = CARTESIAN_POINT('',(-4.82193879754,-8.533316413462));
#6893 = CARTESIAN_POINT('',(-4.820396145073,-8.48168565149));
#6894 = CARTESIAN_POINT('',(-4.818666415152,-8.433349609375));
#6895 = ( GEOMETRIC_REPRESENTATION_CONTEXT(2) 
PARAMETRIC_REPRESENTATION_CONTEXT() REPRESENTATION_CONTEXT('2D SPACE',''
  ) );
#6896 = PCURVE('',#6897,#6904);
#6897 = B_SPLINE_SURFACE_WITH_KNOTS('',2,1,(
    (#6898,#6899)
    ,(#6900,#6901)
    ,(#6902,#6903
    )),.UNSPECIFIED.,.F.,.F.,.F.,(3,3),(2,2),(0.,1.),(-0.6,0.),
  .PIECEWISE_BEZIER_KNOTS.);
#6898 = CARTESIAN_POINT('',(43.992626609307,-10.20448351611,
    7.566650490625));
#6899 = CARTESIAN_POINT('',(44.591466028108,-10.24178432695,
    7.566650490625));
#6900 = CARTESIAN_POINT('',(43.971377775009,-10.54561925274,
    7.351806740625));
#6901 = CARTESIAN_POINT('',(44.570217193811,-10.58292006357,
    7.351806740625));
#6902 = CARTESIAN_POINT('',(43.971377775009,-10.54561925274,
    7.071045021875));
#6903 = CARTESIAN_POINT('',(44.570217193811,-10.58292006357,
    7.071045021875));
#6904 = DEFINITIONAL_REPRESENTATION('',(#6905),#6918);
#6905 = B_SPLINE_CURVE_WITH_KNOTS('',6,(#6906,#6907,#6908,#6909,#6910,
    #6911,#6912,#6913,#6914,#6915,#6916,#6917),.UNSPECIFIED.,.F.,.F.,(7,
    5,7),(0.,0.287349495629,1.),.UNSPECIFIED.);
#6906 = CARTESIAN_POINT('',(1.,-0.359594253385));
#6907 = CARTESIAN_POINT('',(0.951827246643,-0.359594253385));
#6908 = CARTESIAN_POINT('',(0.903400532855,-0.359495638268));
#6909 = CARTESIAN_POINT('',(0.854777768603,-0.359296444955));
#6910 = CARTESIAN_POINT('',(0.806020391867,-0.35899613569));
#6911 = CARTESIAN_POINT('',(0.757193519284,-0.35859570908));
#6912 = CARTESIAN_POINT('',(0.587270052423,-0.356862983022));
#6913 = CARTESIAN_POINT('',(0.466119580267,-0.355028151054));
#6914 = CARTESIAN_POINT('',(0.346074105818,-0.352633165627));
#6915 = CARTESIAN_POINT('',(0.227990899824,-0.349779710678));
#6916 = CARTESIAN_POINT('',(0.11249115256,-0.346595854353));
#6917 = CARTESIAN_POINT('',(0.,-0.343204806681));
#6918 = ( GEOMETRIC_REPRESENTATION_CONTEXT(2) 
PARAMETRIC_REPRESENTATION_CONTEXT() REPRESENTATION_CONTEXT('2D SPACE',''
  ) );
#6919 = ORIENTED_EDGE('',*,*,#6920,.F.);
#6920 = EDGE_CURVE('',#6921,#6864,#6923,.T.);
#6921 = VERTEX_POINT('',#6922);
#6922 = CARTESIAN_POINT('',(44.275405322477,-9.965252907772,
    6.404541115625));
#6923 = SURFACE_CURVE('',#6924,(#6943,#6965),.PCURVE_S1.);
#6924 = B_SPLINE_CURVE_WITH_KNOTS('',5,(#6925,#6926,#6927,#6928,#6929,
    #6930,#6931,#6932,#6933,#6934,#6935,#6936,#6937,#6938,#6939,#6940,
    #6941,#6942),.UNSPECIFIED.,.F.,.F.,(6,4,4,4,6),(0.,0.245360968662,
    0.379282362818,0.652617693931,1.),.UNSPECIFIED.);
#6925 = CARTESIAN_POINT('',(44.275405322477,-9.965252907772,
    6.404541115625));
#6926 = CARTESIAN_POINT('',(44.270071214993,-10.01814347763,
    6.426222697021));
#6927 = CARTESIAN_POINT('',(44.264843671116,-10.06918643199,
    6.449230945325));
#6928 = CARTESIAN_POINT('',(44.259758344763,-10.1181377191,
    6.473637006094));
#6929 = CARTESIAN_POINT('',(44.254858361172,-10.16470347297,
    6.499500581679));
#6930 = CARTESIAN_POINT('',(44.24764102901,-10.23253034022,
    6.541768864332));
#6931 = CARTESIAN_POINT('',(44.245161466552,-10.25567866924,
    6.557134171599));
#6932 = CARTESIAN_POINT('',(44.242758268725,-10.27797606344,
    6.572943855125));
#6933 = CARTESIAN_POINT('',(44.240438914356,-10.29937369325,
    6.589197255524));
#6934 = CARTESIAN_POINT('',(44.233663228616,-10.36156355948,
    6.639958323294));
#6935 = CARTESIAN_POINT('',(44.229495049122,-10.39936348507,
    6.675859285416));
#6936 = CARTESIAN_POINT('',(44.225770157599,-10.43281014598,
    6.713536788929));
#6937 = CARTESIAN_POINT('',(44.222542095747,-10.46158774709,
    6.752867901623));
#6938 = CARTESIAN_POINT('',(44.216402255954,-10.51604547408,
    6.84542984174));
#6939 = CARTESIAN_POINT('',(44.213811683773,-10.53878591653,
    6.899559357593));
#6940 = CARTESIAN_POINT('',(44.212126079216,-10.55350864158,
    6.955545193582));
#6941 = CARTESIAN_POINT('',(44.211318504309,-10.56056480153,
    7.012869307443));
#6942 = CARTESIAN_POINT('',(44.211318504309,-10.56056480153,
    7.071045021875));
#6943 = PCURVE('',#2721,#6944);
#6944 = DEFINITIONAL_REPRESENTATION('',(#6945),#6964);
#6945 = B_SPLINE_CURVE_WITH_KNOTS('',5,(#6946,#6947,#6948,#6949,#6950,
    #6951,#6952,#6953,#6954,#6955,#6956,#6957,#6958,#6959,#6960,#6961,
    #6962,#6963),.UNSPECIFIED.,.F.,.F.,(6,4,4,4,6),(0.,0.245360968662,
    0.379282362818,0.652617693931,1.),.UNSPECIFIED.);
#6946 = CARTESIAN_POINT('',(-4.812900896261,-9.595458984375));
#6947 = CARTESIAN_POINT('',(-4.814095477529,-9.573777402979));
#6948 = CARTESIAN_POINT('',(-4.815248508608,-9.550769154675));
#6949 = CARTESIAN_POINT('',(-4.816354456039,-9.526363093906));
#6950 = CARTESIAN_POINT('',(-4.817406654198,-9.500499518322));
#6951 = CARTESIAN_POINT('',(-4.818939458196,-9.458231235668));
#6952 = CARTESIAN_POINT('',(-4.819462621012,-9.442865928401));
#6953 = CARTESIAN_POINT('',(-4.819966587794,-9.427056244875));
#6954 = CARTESIAN_POINT('',(-4.820450249827,-9.410802844476));
#6955 = CARTESIAN_POINT('',(-4.821856045068,-9.360041776706));
#6956 = CARTESIAN_POINT('',(-4.82271062957,-9.324140814584));
#6957 = CARTESIAN_POINT('',(-4.823466886239,-9.286463311071));
#6958 = CARTESIAN_POINT('',(-4.82411762963,-9.247132198377));
#6959 = CARTESIAN_POINT('',(-4.825349152154,-9.15457025826));
#6960 = CARTESIAN_POINT('',(-4.82586347823,-9.100440742407));
#6961 = CARTESIAN_POINT('',(-4.826196487384,-9.044454906418));
#6962 = CARTESIAN_POINT('',(-4.826356087878,-8.987130792557));
#6963 = CARTESIAN_POINT('',(-4.826356087878,-8.928955078125));
#6964 = ( GEOMETRIC_REPRESENTATION_CONTEXT(2) 
PARAMETRIC_REPRESENTATION_CONTEXT() REPRESENTATION_CONTEXT('2D SPACE',''
  ) );
#6965 = PCURVE('',#6966,#6973);
#6966 = B_SPLINE_SURFACE_WITH_KNOTS('',2,1,(
    (#6967,#6968)
    ,(#6969,#6970)
    ,(#6971,#6972
    )),.UNSPECIFIED.,.F.,.F.,.F.,(3,3),(2,2),(0.,1.),(-0.6,0.),
  .PIECEWISE_BEZIER_KNOTS.);
#6967 = CARTESIAN_POINT('',(43.971377775009,-10.54561925274,
    7.071045021875));
#6968 = CARTESIAN_POINT('',(44.570217193811,-10.58292006357,
    7.071045021875));
#6969 = CARTESIAN_POINT('',(43.971377775009,-10.54561925274,
    6.648681740625));
#6970 = CARTESIAN_POINT('',(44.570217193811,-10.58292006357,
    6.648681740625));
#6971 = CARTESIAN_POINT('',(44.00856323503,-9.948631713652,
    6.404541115625));
#6972 = CARTESIAN_POINT('',(44.607402653832,-9.985932524487,
    6.404541115625));
#6973 = DEFINITIONAL_REPRESENTATION('',(#6974),#6993);
#6974 = B_SPLINE_CURVE_WITH_KNOTS('',5,(#6975,#6976,#6977,#6978,#6979,
    #6980,#6981,#6982,#6983,#6984,#6985,#6986,#6987,#6988,#6989,#6990,
    #6991,#6992),.UNSPECIFIED.,.F.,.F.,(6,4,4,4,6),(0.,0.245360968662,
    0.379282362818,0.652617693931,1.),.UNSPECIFIED.);
#6975 = CARTESIAN_POINT('',(1.,-0.332640759039));
#6976 = CARTESIAN_POINT('',(0.9555961213,-0.334676446846));
#6977 = CARTESIAN_POINT('',(0.910274497312,-0.336720639766));
#6978 = CARTESIAN_POINT('',(0.864037604189,-0.338752925061));
#6979 = CARTESIAN_POINT('',(0.816919165494,-0.340748529976));
#6980 = CARTESIAN_POINT('',(0.742844876405,-0.34373523973));
#6981 = CARTESIAN_POINT('',(0.716451538786,-0.344770920229));
#6982 = CARTESIAN_POINT('',(0.689833384864,-0.345783284741));
#6983 = CARTESIAN_POINT('',(0.663008549495,-0.346767904542));
#6984 = CARTESIAN_POINT('',(0.580874543585,-0.349664263332));
#6985 = CARTESIAN_POINT('',(0.524975720376,-0.351474433851));
#6986 = CARTESIAN_POINT('',(0.468516072003,-0.35311280769));
#6987 = CARTESIAN_POINT('',(0.411753476041,-0.35454557907));
#6988 = CARTESIAN_POINT('',(0.282870983155,-0.357288013603));
#6989 = CARTESIAN_POINT('',(0.210729153505,-0.358459846598));
#6990 = CARTESIAN_POINT('',(0.139232236258,-0.359226908051));
#6991 = CARTESIAN_POINT('',(6.88692850621E-02,-0.359594253385));
#6992 = CARTESIAN_POINT('',(0.,-0.359594253385));
#6993 = ( GEOMETRIC_REPRESENTATION_CONTEXT(2) 
PARAMETRIC_REPRESENTATION_CONTEXT() REPRESENTATION_CONTEXT('2D SPACE',''
  ) );
#6994 = ORIENTED_EDGE('',*,*,#6995,.F.);
#6995 = EDGE_CURVE('',#6996,#6921,#6998,.T.);
#6996 = VERTEX_POINT('',#6997);
#6997 = CARTESIAN_POINT('',(44.413163003154,-8.278660118702,
    6.160400490625));
#6998 = SURFACE_CURVE('',#6999,(#7018,#7040),.PCURVE_S1.);
#6999 = B_SPLINE_CURVE_WITH_KNOTS('',5,(#7000,#7001,#7002,#7003,#7004,
    #7005,#7006,#7007,#7008,#7009,#7010,#7011,#7012,#7013,#7014,#7015,
    #7016,#7017),.UNSPECIFIED.,.F.,.F.,(6,4,4,4,6),(0.,0.284699563451,
    0.543965751683,0.781011620425,1.),.UNSPECIFIED.);
#7000 = CARTESIAN_POINT('',(44.413163003154,-8.278660118702,
    6.160400490625));
#7001 = CARTESIAN_POINT('',(44.406644607883,-8.382847942807,
    6.160400490625));
#7002 = CARTESIAN_POINT('',(44.399851254516,-8.486528249017,
    6.161790468503));
#7003 = CARTESIAN_POINT('',(44.392794670843,-8.58960548334,
    6.164694772965));
#7004 = CARTESIAN_POINT('',(44.385491259312,-8.691944368371,
    6.169259376186));
#7005 = CARTESIAN_POINT('',(44.371110165206,-8.885728937119,
    6.181487422661));
#7006 = CARTESIAN_POINT('',(44.36407096974,-8.977327612448,
    6.188837390283));
#7007 = CARTESIAN_POINT('',(44.356864141942,-9.068029919586,
    6.197841366979));
#7008 = CARTESIAN_POINT('',(44.349514500777,-9.157651878243,
    6.208650635686));
#7009 = CARTESIAN_POINT('',(44.335233799898,-9.32669689328,
    6.233124759878));
#7010 = CARTESIAN_POINT('',(44.328321232186,-9.40633236955,
    6.246465013648));
#7011 = CARTESIAN_POINT('',(44.321341812153,-9.48468610686,
    6.261585967805));
#7012 = CARTESIAN_POINT('',(44.314328669889,-9.561521070874,
    6.27862823924));
#7013 = CARTESIAN_POINT('',(44.3008522448,-9.705869352431,6.315375506854
    ));
#7014 = CARTESIAN_POINT('',(44.294387967004,-9.773644850959,
    6.334778283327));
#7015 = CARTESIAN_POINT('',(44.287963871483,-9.839654033724,
    6.356044819479));
#7016 = CARTESIAN_POINT('',(44.281620913928,-9.903621946104,
    6.379276560614));
#7017 = CARTESIAN_POINT('',(44.275405322477,-9.965252907772,
    6.404541115625));
#7018 = PCURVE('',#2721,#7019);
#7019 = DEFINITIONAL_REPRESENTATION('',(#7020),#7039);
#7020 = B_SPLINE_CURVE_WITH_KNOTS('',5,(#7021,#7022,#7023,#7024,#7025,
    #7026,#7027,#7028,#7029,#7030,#7031,#7032,#7033,#7034,#7035,#7036,
    #7037,#7038),.UNSPECIFIED.,.F.,.F.,(6,4,4,4,6),(0.,0.284699563451,
    0.543965751683,0.781011620425,1.),.UNSPECIFIED.);
#7021 = CARTESIAN_POINT('',(-4.774871428703,-9.839599609375));
#7022 = CARTESIAN_POINT('',(-4.777217305849,-9.839599609375));
#7023 = CARTESIAN_POINT('',(-4.779552186179,-9.838209631497));
#7024 = CARTESIAN_POINT('',(-4.781873937,-9.835305327035));
#7025 = CARTESIAN_POINT('',(-4.784179526805,-9.830740723814));
#7026 = CARTESIAN_POINT('',(-4.788546211281,-9.818512677339));
#7027 = CARTESIAN_POINT('',(-4.790610670421,-9.811162709718));
#7028 = CARTESIAN_POINT('',(-4.792655339566,-9.802158733021));
#7029 = CARTESIAN_POINT('',(-4.794676070812,-9.791349464314));
#7030 = CARTESIAN_POINT('',(-4.79848836632,-9.766875340122));
#7031 = CARTESIAN_POINT('',(-4.800284652052,-9.753535086352));
#7032 = CARTESIAN_POINT('',(-4.802052375921,-9.738414132195));
#7033 = CARTESIAN_POINT('',(-4.803786178143,-9.72137186076));
#7034 = CARTESIAN_POINT('',(-4.807044065771,-9.684624593146));
#7035 = CARTESIAN_POINT('',(-4.80857401945,-9.665221816673));
#7036 = CARTESIAN_POINT('',(-4.81006437655,-9.643955280521));
#7037 = CARTESIAN_POINT('',(-4.811508905352,-9.620723539386));
#7038 = CARTESIAN_POINT('',(-4.812900896261,-9.595458984375));
#7039 = ( GEOMETRIC_REPRESENTATION_CONTEXT(2) 
PARAMETRIC_REPRESENTATION_CONTEXT() REPRESENTATION_CONTEXT('2D SPACE',''
  ) );
#7040 = PCURVE('',#7041,#7048);
#7041 = B_SPLINE_SURFACE_WITH_KNOTS('',2,1,(
    (#7042,#7043)
    ,(#7044,#7045)
    ,(#7046,#7047
    )),.UNSPECIFIED.,.F.,.F.,.F.,(3,3),(2,2),(0.,1.),(-0.6,0.),
  .PIECEWISE_BEZIER_KNOTS.);
#7042 = CARTESIAN_POINT('',(44.00856323503,-9.948631713652,
    6.404541115625));
#7043 = CARTESIAN_POINT('',(44.607402653832,-9.985932524487,
    6.404541115625));
#7044 = CARTESIAN_POINT('',(44.04574869505,-9.351644174563,
    6.160400490625));
#7045 = CARTESIAN_POINT('',(44.644588113852,-9.388944985398,
    6.160400490625));
#7046 = CARTESIAN_POINT('',(44.113744964802,-8.260009817372,
    6.160400490625));
#7047 = CARTESIAN_POINT('',(44.712584383604,-8.297310628207,
    6.160400490625));
#7048 = DEFINITIONAL_REPRESENTATION('',(#7049),#7068);
#7049 = B_SPLINE_CURVE_WITH_KNOTS('',5,(#7050,#7051,#7052,#7053,#7054,
    #7055,#7056,#7057,#7058,#7059,#7060,#7061,#7062,#7063,#7064,#7065,
    #7066,#7067),.UNSPECIFIED.,.F.,.F.,(6,4,4,4,6),(0.,0.284699563451,
    0.543965751683,0.781011620425,1.),.UNSPECIFIED.);
#7050 = CARTESIAN_POINT('',(1.,-0.300001674288));
#7051 = CARTESIAN_POINT('',(0.952278158124,-0.300030310483));
#7052 = CARTESIAN_POINT('',(0.903490161967,-0.300364924305));
#7053 = CARTESIAN_POINT('',(0.85356454656,-0.300999751049));
#7054 = CARTESIAN_POINT('',(0.802428037358,-0.301926829924));
#7055 = CARTESIAN_POINT('',(0.702255827378,-0.304232904081));
#7056 = CARTESIAN_POINT('',(0.653442322038,-0.305563975515));
#7057 = CARTESIAN_POINT('',(0.603498107922,-0.307118080464));
#7058 = CARTESIAN_POINT('',(0.552367442403,-0.308881885659));
#7059 = CARTESIAN_POINT('',(0.452121359703,-0.312625769802));
#7060 = CARTESIAN_POINT('',(0.403210780047,-0.314574186793));
#7061 = CARTESIAN_POINT('',(0.353230614941,-0.316669009964));
#7062 = CARTESIAN_POINT('',(0.302159462413,-0.318891909263));
#7063 = CARTESIAN_POINT('',(0.201814857025,-0.323368420302));
#7064 = CARTESIAN_POINT('',(0.152702213448,-0.325606725815));
#7065 = CARTESIAN_POINT('',(0.102667039622,-0.327914735129));
#7066 = CARTESIAN_POINT('',(5.174180866316E-02,-0.330268665157));
#7067 = CARTESIAN_POINT('',(0.,-0.332640759039));
#7068 = ( GEOMETRIC_REPRESENTATION_CONTEXT(2) 
PARAMETRIC_REPRESENTATION_CONTEXT() REPRESENTATION_CONTEXT('2D SPACE',''
  ) );
#7069 = ORIENTED_EDGE('',*,*,#7070,.F.);
#7070 = EDGE_CURVE('',#7071,#6996,#7073,.T.);
#7071 = VERTEX_POINT('',#7072);
#7072 = CARTESIAN_POINT('',(44.487286555901,-6.563642276882,6.3984376));
#7073 = SURFACE_CURVE('',#7074,(#7093,#7115),.PCURVE_S1.);
#7074 = B_SPLINE_CURVE_WITH_KNOTS('',5,(#7075,#7076,#7077,#7078,#7079,
    #7080,#7081,#7082,#7083,#7084,#7085,#7086,#7087,#7088,#7089,#7090,
    #7091,#7092),.UNSPECIFIED.,.F.,.F.,(6,4,4,4,6),(0.,0.218681347571,
    0.456227525625,0.717626025055,1.),.UNSPECIFIED.);
#7075 = CARTESIAN_POINT('',(44.487286555901,-6.563642276882,6.3984376));
#7076 = CARTESIAN_POINT('',(44.485787980442,-6.6263208271,6.373505268335
    ));
#7077 = CARTESIAN_POINT('',(44.484120773589,-6.691433309367,
    6.350653276135));
#7078 = CARTESIAN_POINT('',(44.482275736702,-6.758643490341,
    6.329794845071));
#7079 = CARTESIAN_POINT('',(44.480246589186,-6.827646908847,
    6.310811532981));
#7080 = CARTESIAN_POINT('',(44.475619339795,-6.974843752626,
    6.274868638201));
#7081 = CARTESIAN_POINT('',(44.472987360927,-7.053312950343,
    6.258225695306));
#7082 = CARTESIAN_POINT('',(44.470126546862,-7.133301278481,
    6.243498570393));
#7083 = CARTESIAN_POINT('',(44.467033659318,-7.214557819382,
    6.230535051162));
#7084 = CARTESIAN_POINT('',(44.460044357093,-7.387506024116,
    6.206722072562));
#7085 = CARTESIAN_POINT('',(44.456098516891,-7.479421190948,
    6.196216051241));
#7086 = CARTESIAN_POINT('',(44.451865601101,-7.572396080485,
    6.187496825151));
#7087 = CARTESIAN_POINT('',(44.447343828069,-7.666239781967,
    6.180405168333));
#7088 = CARTESIAN_POINT('',(44.437335271279,-7.862985223671,
    6.168756491289));
#7089 = CARTESIAN_POINT('',(44.431800251281,-7.966004948506,
    6.164448572758));
#7090 = CARTESIAN_POINT('',(44.425926317655,-8.069704286906,
    6.161710129918));
#7091 = CARTESIAN_POINT('',(44.419713874863,-8.173953202201,
    6.160400490625));
#7092 = CARTESIAN_POINT('',(44.413163003154,-8.278660118702,
    6.160400490625));
#7093 = PCURVE('',#2721,#7094);
#7094 = DEFINITIONAL_REPRESENTATION('',(#7095),#7114);
#7095 = B_SPLINE_CURVE_WITH_KNOTS('',5,(#7096,#7097,#7098,#7099,#7100,
    #7101,#7102,#7103,#7104,#7105,#7106,#7107,#7108,#7109,#7110,#7111,
    #7112,#7113),.UNSPECIFIED.,.F.,.F.,(6,4,4,4,6),(0.,0.218681347571,
    0.456227525625,0.717626025055,1.),.UNSPECIFIED.);
#7096 = CARTESIAN_POINT('',(-4.73629333052,-9.6015625));
#7097 = CARTESIAN_POINT('',(-4.737702239785,-9.626494831665));
#7098 = CARTESIAN_POINT('',(-4.739165919104,-9.649346823865));
#7099 = CARTESIAN_POINT('',(-4.740676825589,-9.670205254929));
#7100 = CARTESIAN_POINT('',(-4.742228131323,-9.689188567019));
#7101 = CARTESIAN_POINT('',(-4.745537559557,-9.725131461799));
#7102 = CARTESIAN_POINT('',(-4.747301900047,-9.741774404694));
#7103 = CARTESIAN_POINT('',(-4.749100533693,-9.756501529607));
#7104 = CARTESIAN_POINT('',(-4.750927840629,-9.769465048838));
#7105 = CARTESIAN_POINT('',(-4.754817489514,-9.793278027438));
#7106 = CARTESIAN_POINT('',(-4.756884894664,-9.803784048759));
#7107 = CARTESIAN_POINT('',(-4.758976372804,-9.812503274849));
#7108 = CARTESIAN_POINT('',(-4.761087658976,-9.819594931667));
#7109 = CARTESIAN_POINT('',(-4.765514621849,-9.831243608711));
#7110 = CARTESIAN_POINT('',(-4.767833001416,-9.835551527242));
#7111 = CARTESIAN_POINT('',(-4.77016704575,-9.838289970082));
#7112 = CARTESIAN_POINT('',(-4.772513863751,-9.839599609375));
#7113 = CARTESIAN_POINT('',(-4.774871428703,-9.839599609375));
#7114 = ( GEOMETRIC_REPRESENTATION_CONTEXT(2) 
PARAMETRIC_REPRESENTATION_CONTEXT() REPRESENTATION_CONTEXT('2D SPACE',''
  ) );
#7115 = PCURVE('',#7116,#7123);
#7116 = B_SPLINE_SURFACE_WITH_KNOTS('',2,1,(
    (#7117,#7118)
    ,(#7119,#7120)
    ,(#7121,#7122
    )),.UNSPECIFIED.,.F.,.F.,.F.,(3,3),(2,2),(0.,1.),(-0.6,0.),
  .PIECEWISE_BEZIER_KNOTS.);
#7117 = CARTESIAN_POINT('',(44.113744964802,-8.260009817372,
    6.160400490625));
#7118 = CARTESIAN_POINT('',(44.712584383604,-8.297310628207,
    6.160400490625));
#7119 = CARTESIAN_POINT('',(44.183259008433,-7.144008621851,
    6.160400490625));
#7120 = CARTESIAN_POINT('',(44.782098427235,-7.181309432686,
    6.160400490625));
#7121 = CARTESIAN_POINT('',(44.220444468453,-6.547021082762,6.3984376));
#7122 = CARTESIAN_POINT('',(44.819283887255,-6.584321893597,6.3984376));
#7123 = DEFINITIONAL_REPRESENTATION('',(#7124),#7143);
#7124 = B_SPLINE_CURVE_WITH_KNOTS('',5,(#7125,#7126,#7127,#7128,#7129,
    #7130,#7131,#7132,#7133,#7134,#7135,#7136,#7137,#7138,#7139,#7140,
    #7141,#7142),.UNSPECIFIED.,.F.,.F.,(6,4,4,4,6),(0.,0.218681347571,
    0.456227525625,0.717626025055,1.),.UNSPECIFIED.);
#7125 = CARTESIAN_POINT('',(1.,-0.332640759039));
#7126 = CARTESIAN_POINT('',(0.947629317693,-0.330239834558));
#7127 = CARTESIAN_POINT('',(0.896199925712,-0.327855902556));
#7128 = CARTESIAN_POINT('',(0.845776856479,-0.325519046841));
#7129 = CARTESIAN_POINT('',(0.796380112082,-0.323254463605));
#7130 = CARTESIAN_POINT('',(0.695446270607,-0.318721826455));
#7131 = CARTESIAN_POINT('',(0.644094473296,-0.316470439781));
#7132 = CARTESIAN_POINT('',(0.593929848482,-0.314353004339));
#7133 = CARTESIAN_POINT('',(0.544915597296,-0.312388351202));
#7134 = CARTESIAN_POINT('',(0.444272771841,-0.308612286891));
#7135 = CARTESIAN_POINT('',(0.392878571352,-0.306836310895));
#7136 = CARTESIAN_POINT('',(0.342748917205,-0.305280974335));
#7137 = CARTESIAN_POINT('',(0.293813418673,-0.303959923964));
#7138 = CARTESIAN_POINT('',(0.194349048782,-0.30171784701));
#7139 = CARTESIAN_POINT('',(0.144009521841,-0.300837628494));
#7140 = CARTESIAN_POINT('',(9.489044736129E-02,-0.300253417816));
#7141 = CARTESIAN_POINT('',(4.691245226553E-02,-0.299972895419));
#7142 = CARTESIAN_POINT('',(0.,-0.300001674288));
#7143 = ( GEOMETRIC_REPRESENTATION_CONTEXT(2) 
PARAMETRIC_REPRESENTATION_CONTEXT() REPRESENTATION_CONTEXT('2D SPACE',''
  ) );
#7144 = ORIENTED_EDGE('',*,*,#7145,.F.);
#7145 = EDGE_CURVE('',#7146,#7071,#7148,.T.);
#7146 = VERTEX_POINT('',#7147);
#7147 = CARTESIAN_POINT('',(44.497570657774,-5.96497909247,
    7.075927834375));
#7148 = SURFACE_CURVE('',#7149,(#7168,#7190),.PCURVE_S1.);
#7149 = B_SPLINE_CURVE_WITH_KNOTS('',5,(#7150,#7151,#7152,#7153,#7154,
    #7155,#7156,#7157,#7158,#7159,#7160,#7161,#7162,#7163,#7164,#7165,
    #7166,#7167),.UNSPECIFIED.,.F.,.F.,(6,4,4,4,6),(0.,0.129745265679,
    0.395085125858,0.778118307821,1.),.UNSPECIFIED.);
#7150 = CARTESIAN_POINT('',(44.497570657774,-5.96497909247,
    7.075927834375));
#7151 = CARTESIAN_POINT('',(44.497570657774,-5.96497909247,7.05368167558
    ));
#7152 = CARTESIAN_POINT('',(44.49756063285,-5.965938156662,
    7.031562172362));
#7153 = CARTESIAN_POINT('',(44.497540235283,-5.967890788976,
    7.009592346619));
#7154 = CARTESIAN_POINT('',(44.497508930987,-5.970866351258,
    6.987797147456));
#7155 = CARTESIAN_POINT('',(44.497378201069,-5.983115843934,
    6.922042546214));
#7156 = CARTESIAN_POINT('',(44.49724173597,-5.995722449614,
    6.878718690241));
#7157 = CARTESIAN_POINT('',(44.497050557699,-6.012909267628,
    6.836474542882));
#7158 = CARTESIAN_POINT('',(44.496794692173,-6.03474923264,
    6.795545403949));
#7159 = CARTESIAN_POINT('',(44.495982650625,-6.099145593372,
    6.699248878975));
#7160 = CARTESIAN_POINT('',(44.495343433184,-6.1466121392,6.645503672409
    ));
#7161 = CARTESIAN_POINT('',(44.494509800962,-6.203078980824,
    6.595552988137));
#7162 = CARTESIAN_POINT('',(44.493439048863,-6.267405879516,
    6.549568214254));
#7163 = CARTESIAN_POINT('',(44.491328973996,-6.379394140457,
    6.483132718879));
#7164 = CARTESIAN_POINT('',(44.490465754913,-6.422691311843,6.4600724752
    ));
#7165 = CARTESIAN_POINT('',(44.489507352159,-6.467977520461,
    6.438302458118));
#7166 = CARTESIAN_POINT('',(44.488448919145,-6.51502594426,
    6.417776249746));
#7167 = CARTESIAN_POINT('',(44.487286555901,-6.563642276882,6.3984376));
#7168 = PCURVE('',#2721,#7169);
#7169 = DEFINITIONAL_REPRESENTATION('',(#7170),#7189);
#7170 = B_SPLINE_CURVE_WITH_KNOTS('',5,(#7171,#7172,#7173,#7174,#7175,
    #7176,#7177,#7178,#7179,#7180,#7181,#7182,#7183,#7184,#7185,#7186,
    #7187,#7188),.UNSPECIFIED.,.F.,.F.,(6,4,4,4,6),(0.,0.129745265679,
    0.395085125858,0.778118307821,1.),.UNSPECIFIED.);
#7171 = CARTESIAN_POINT('',(-4.722838138902,-8.924072265625));
#7172 = CARTESIAN_POINT('',(-4.722838138902,-8.94631842442));
#7173 = CARTESIAN_POINT('',(-4.722859692084,-8.968437927638));
#7174 = CARTESIAN_POINT('',(-4.722903573856,-8.990407753381));
#7175 = CARTESIAN_POINT('',(-4.722970444124,-9.012202952544));
#7176 = CARTESIAN_POINT('',(-4.723245729298,-9.077957553786));
#7177 = CARTESIAN_POINT('',(-4.723529040398,-9.121281409759));
#7178 = CARTESIAN_POINT('',(-4.723915284911,-9.163525557118));
#7179 = CARTESIAN_POINT('',(-4.724406104129,-9.204454696051));
#7180 = CARTESIAN_POINT('',(-4.725853328409,-9.300751221025));
#7181 = CARTESIAN_POINT('',(-4.726920088733,-9.354496427591));
#7182 = CARTESIAN_POINT('',(-4.728189142962,-9.404447111864));
#7183 = CARTESIAN_POINT('',(-4.729634887948,-9.450431885746));
#7184 = CARTESIAN_POINT('',(-4.732151924759,-9.516867381121));
#7185 = CARTESIAN_POINT('',(-4.733125087673,-9.5399276248));
#7186 = CARTESIAN_POINT('',(-4.734142982048,-9.561697641882));
#7187 = CARTESIAN_POINT('',(-4.735200516451,-9.582223850254));
#7188 = CARTESIAN_POINT('',(-4.73629333052,-9.6015625));
#7189 = ( GEOMETRIC_REPRESENTATION_CONTEXT(2) 
PARAMETRIC_REPRESENTATION_CONTEXT() REPRESENTATION_CONTEXT('2D SPACE',''
  ) );
#7190 = PCURVE('',#7191,#7198);
#7191 = B_SPLINE_SURFACE_WITH_KNOTS('',2,1,(
    (#7192,#7193)
    ,(#7194,#7195)
    ,(#7196,#7197
    )),.UNSPECIFIED.,.F.,.F.,.F.,(3,3),(2,2),(0.,1.),(-0.6,0.),
  .PIECEWISE_BEZIER_KNOTS.);
#7192 = CARTESIAN_POINT('',(44.220444468453,-6.547021082762,6.3984376));
#7193 = CARTESIAN_POINT('',(44.819283887255,-6.584321893597,6.3984376));
#7194 = CARTESIAN_POINT('',(44.257629928474,-5.950033543673,
    6.636474709375));
#7195 = CARTESIAN_POINT('',(44.856469347276,-5.987334354508,
    6.636474709375));
#7196 = CARTESIAN_POINT('',(44.257629928474,-5.950033543673,
    7.075927834375));
#7197 = CARTESIAN_POINT('',(44.856469347276,-5.987334354508,
    7.075927834375));
#7198 = DEFINITIONAL_REPRESENTATION('',(#7199),#7218);
#7199 = B_SPLINE_CURVE_WITH_KNOTS('',5,(#7200,#7201,#7202,#7203,#7204,
    #7205,#7206,#7207,#7208,#7209,#7210,#7211,#7212,#7213,#7214,#7215,
    #7216,#7217),.UNSPECIFIED.,.F.,.F.,(6,4,4,4,6),(0.,0.129745265679,
    0.395085125858,0.778118307821,1.),.UNSPECIFIED.);
#7200 = CARTESIAN_POINT('',(1.,-0.359594253385));
#7201 = CARTESIAN_POINT('',(0.974688814882,-0.359594253385));
#7202 = CARTESIAN_POINT('',(0.949154762092,-0.359544635797));
#7203 = CARTESIAN_POINT('',(0.923410833257,-0.359443602628));
#7204 = CARTESIAN_POINT('',(0.897474174571,-0.359289861562));
#7205 = CARTESIAN_POINT('',(0.817972875702,-0.358658811927));
#7206 = CARTESIAN_POINT('',(0.763856087949,-0.358011285372));
#7207 = CARTESIAN_POINT('',(0.709215046499,-0.357133623434));
#7208 = CARTESIAN_POINT('',(0.654289343331,-0.356031246699));
#7209 = CARTESIAN_POINT('',(0.520081549469,-0.352838323397));
#7210 = CARTESIAN_POINT('',(0.440765577336,-0.35052540332));
#7211 = CARTESIAN_POINT('',(0.362320691115,-0.347846991416));
#7212 = CARTESIAN_POINT('',(0.285376888999,-0.344916596557));
#7213 = CARTESIAN_POINT('',(0.166914814635,-0.340060501673));
#7214 = CARTESIAN_POINT('',(0.124100495467,-0.338230351698));
#7215 = CARTESIAN_POINT('',(8.199131603366E-02,-0.336371546776));
#7216 = CARTESIAN_POINT('',(4.06210817227E-02,-0.334503025201));
#7217 = CARTESIAN_POINT('',(0.,-0.332640759039));
#7218 = ( GEOMETRIC_REPRESENTATION_CONTEXT(2) 
PARAMETRIC_REPRESENTATION_CONTEXT() REPRESENTATION_CONTEXT('2D SPACE',''
  ) );
#7219 = ORIENTED_EDGE('',*,*,#7220,.F.);
#7220 = EDGE_CURVE('',#7221,#7146,#7223,.T.);
#7221 = VERTEX_POINT('',#7222);
#7222 = CARTESIAN_POINT('',(44.492723825865,-6.304690347445,
    7.569091896875));
#7223 = SURFACE_CURVE('',#7224,(#7237,#7253),.PCURVE_S1.);
#7224 = B_SPLINE_CURVE_WITH_KNOTS('',6,(#7225,#7226,#7227,#7228,#7229,
    #7230,#7231,#7232,#7233,#7234,#7235,#7236),.UNSPECIFIED.,.F.,.F.,(7,
    5,7),(0.,0.698111277866,1.),.UNSPECIFIED.);
#7225 = CARTESIAN_POINT('',(44.492723825865,-6.304690347445,
    7.569091896875));
#7226 = CARTESIAN_POINT('',(44.494080393891,-6.229683350395,
    7.522183095414));
#7227 = CARTESIAN_POINT('',(44.495140536828,-6.162675998537,
    7.472066679062));
#7228 = CARTESIAN_POINT('',(44.495942215481,-6.104910778183,
    7.418725006896));
#7229 = CARTESIAN_POINT('',(44.496532103502,-6.057548315822,
    7.362257443516));
#7230 = CARTESIAN_POINT('',(44.496951665042,-6.021440293672,
    7.302945737384));
#7231 = CARTESIAN_POINT('',(44.497345806239,-5.986137630607,
    7.214718067335));
#7232 = CARTESIAN_POINT('',(44.497437814603,-5.977621861308,
    7.187651882788));
#7233 = CARTESIAN_POINT('',(44.497504983145,-5.971264594251,
    7.160195746906));
#7234 = CARTESIAN_POINT('',(44.497548916713,-5.967059340331,
    7.132392948507));
#7235 = CARTESIAN_POINT('',(44.497570657774,-5.96497909247,
    7.104288327931));
#7236 = CARTESIAN_POINT('',(44.497570657774,-5.96497909247,
    7.075927834375));
#7237 = PCURVE('',#2721,#7238);
#7238 = DEFINITIONAL_REPRESENTATION('',(#7239),#7252);
#7239 = B_SPLINE_CURVE_WITH_KNOTS('',6,(#7240,#7241,#7242,#7243,#7244,
    #7245,#7246,#7247,#7248,#7249,#7250,#7251),.UNSPECIFIED.,.F.,.F.,(7,
    5,7),(0.,0.698111277866,1.),.UNSPECIFIED.);
#7240 = CARTESIAN_POINT('',(-4.730472895182,-8.430908203125));
#7241 = CARTESIAN_POINT('',(-4.728787069038,-8.477817004586));
#7242 = CARTESIAN_POINT('',(-4.727281101288,-8.527933420938));
#7243 = CARTESIAN_POINT('',(-4.725982884191,-8.581275093104));
#7244 = CARTESIAN_POINT('',(-4.724918477119,-8.637742656484));
#7245 = CARTESIAN_POINT('',(-4.724107006222,-8.697054362616));
#7246 = CARTESIAN_POINT('',(-4.723313638509,-8.785282032665));
#7247 = CARTESIAN_POINT('',(-4.723122261749,-8.812348217212));
#7248 = CARTESIAN_POINT('',(-4.722979393845,-8.839804353094));
#7249 = CARTESIAN_POINT('',(-4.722884888597,-8.867607151493));
#7250 = CARTESIAN_POINT('',(-4.722838138902,-8.895711772069));
#7251 = CARTESIAN_POINT('',(-4.722838138902,-8.924072265625));
#7252 = ( GEOMETRIC_REPRESENTATION_CONTEXT(2) 
PARAMETRIC_REPRESENTATION_CONTEXT() REPRESENTATION_CONTEXT('2D SPACE',''
  ) );
#7253 = PCURVE('',#7254,#7261);
#7254 = B_SPLINE_SURFACE_WITH_KNOTS('',2,1,(
    (#7255,#7256)
    ,(#7257,#7258)
    ,(#7259,#7260
    )),.UNSPECIFIED.,.F.,.F.,.F.,(3,3),(2,2),(0.,1.),(-0.6,0.),
  .PIECEWISE_BEZIER_KNOTS.);
#7255 = CARTESIAN_POINT('',(44.257629928474,-5.950033543673,
    7.075927834375));
#7256 = CARTESIAN_POINT('',(44.856469347276,-5.987334354508,
    7.075927834375));
#7257 = CARTESIAN_POINT('',(44.257629928474,-5.950033543673,
    7.356689553125));
#7258 = CARTESIAN_POINT('',(44.856469347276,-5.987334354508,
    7.356689553125));
#7259 = CARTESIAN_POINT('',(44.236532871564,-6.288732596462,
    7.569091896875));
#7260 = CARTESIAN_POINT('',(44.835372290366,-6.326033407298,
    7.569091896875));
#7261 = DEFINITIONAL_REPRESENTATION('',(#7262),#7275);
#7262 = B_SPLINE_CURVE_WITH_KNOTS('',6,(#7263,#7264,#7265,#7266,#7267,
    #7268,#7269,#7270,#7271,#7272,#7273,#7274),.UNSPECIFIED.,.F.,.F.,(7,
    5,7),(0.,0.698111277866,1.),.UNSPECIFIED.);
#7263 = CARTESIAN_POINT('',(1.,-0.343312534622));
#7264 = CARTESIAN_POINT('',(0.889575602998,-0.346621626956));
#7265 = CARTESIAN_POINT('',(0.776309685361,-0.349729248916));
#7266 = CARTESIAN_POINT('',(0.660614847102,-0.352520270214));
#7267 = CARTESIAN_POINT('',(0.543082556206,-0.354875953629));
#7268 = CARTESIAN_POINT('',(0.42451858356,-0.356701967821));
#7269 = CARTESIAN_POINT('',(0.254747970457,-0.358503285607));
#7270 = CARTESIAN_POINT('',(0.203495567616,-0.358940863715));
#7271 = CARTESIAN_POINT('',(0.152322101633,-0.359269043791));
#7272 = CARTESIAN_POINT('',(0.101302305081,-0.359486627505));
#7273 = CARTESIAN_POINT('',(5.050633982795E-02,-0.359594253385));
#7274 = CARTESIAN_POINT('',(0.,-0.359594253385));
#7275 = ( GEOMETRIC_REPRESENTATION_CONTEXT(2) 
PARAMETRIC_REPRESENTATION_CONTEXT() REPRESENTATION_CONTEXT('2D SPACE',''
  ) );
#7276 = ORIENTED_EDGE('',*,*,#7277,.F.);
#7277 = EDGE_CURVE('',#7278,#7221,#7280,.T.);
#7278 = VERTEX_POINT('',#7279);
#7279 = CARTESIAN_POINT('',(44.46692124839,-7.215492550112,
    7.837646584375));
#7280 = SURFACE_CURVE('',#7281,(#7296,#7314),.PCURVE_S1.);
#7281 = B_SPLINE_CURVE_WITH_KNOTS('',4,(#7282,#7283,#7284,#7285,#7286,
    #7287,#7288,#7289,#7290,#7291,#7292,#7293,#7294,#7295),
  .UNSPECIFIED.,.F.,.F.,(5,3,3,3,5),(0.,0.257096615895,0.502886934071,
    0.741971854756,1.),.UNSPECIFIED.);
#7282 = CARTESIAN_POINT('',(44.46692124839,-7.215492550112,
    7.837646584375));
#7283 = CARTESIAN_POINT('',(44.46954810598,-7.147402327511,
    7.830950849726));
#7284 = CARTESIAN_POINT('',(44.471992402707,-7.080435589389,
    7.822669530331));
#7285 = CARTESIAN_POINT('',(44.474257945206,-7.014761751003,
    7.812697992645));
#7286 = CARTESIAN_POINT('',(44.478352067837,-6.889232023286,
    7.789702509803));
#7287 = CARTESIAN_POINT('',(44.480195497546,-6.829246837903,
    7.776832682391));
#7288 = CARTESIAN_POINT('',(44.481886828551,-6.770810872636,
    7.762249568922));
#7289 = CARTESIAN_POINT('',(44.484939163633,-6.658978268423,
    7.729989686499));
#7290 = CARTESIAN_POINT('',(44.486307921491,-6.605486722127,
    7.712408701521));
#7291 = CARTESIAN_POINT('',(44.487547802078,-6.553829617678,
    7.693101905501));
#7292 = CARTESIAN_POINT('',(44.48987792117,-6.450597269648,
    7.649346689349));
#7293 = CARTESIAN_POINT('',(44.490948491693,-6.399351144229,
    7.624612365665));
#7294 = CARTESIAN_POINT('',(44.491892393919,-6.350661660635,
    7.59784200404));
#7295 = CARTESIAN_POINT('',(44.492723825865,-6.304690347445,
    7.569091896875));
#7296 = PCURVE('',#2721,#7297);
#7297 = DEFINITIONAL_REPRESENTATION('',(#7298),#7313);
#7298 = B_SPLINE_CURVE_WITH_KNOTS('',4,(#7299,#7300,#7301,#7302,#7303,
    #7304,#7305,#7306,#7307,#7308,#7309,#7310,#7311,#7312),
  .UNSPECIFIED.,.F.,.F.,(5,3,3,3,5),(0.,0.257096615895,0.502886934071,
    0.741971854756,1.),.UNSPECIFIED.);
#7299 = CARTESIAN_POINT('',(-4.750948929662,-8.162353515625));
#7300 = CARTESIAN_POINT('',(-4.749417674053,-8.169049250274));
#7301 = CARTESIAN_POINT('',(-4.747911804689,-8.177330569669));
#7302 = CARTESIAN_POINT('',(-4.746435112846,-8.187302107355));
#7303 = CARTESIAN_POINT('',(-4.743612720163,-8.210297590197));
#7304 = CARTESIAN_POINT('',(-4.742264104486,-8.223167417609));
#7305 = CARTESIAN_POINT('',(-4.740950388606,-8.237750531078));
#7306 = CARTESIAN_POINT('',(-4.738436360486,-8.270010413501));
#7307 = CARTESIAN_POINT('',(-4.737233911549,-8.287591398479));
#7308 = CARTESIAN_POINT('',(-4.7360727446,-8.306898194499));
#7309 = CARTESIAN_POINT('',(-4.73375232568,-8.350653410651));
#7310 = CARTESIAN_POINT('',(-4.732600477708,-8.375387734335));
#7311 = CARTESIAN_POINT('',(-4.731506127343,-8.40215809596));
#7312 = CARTESIAN_POINT('',(-4.730472895182,-8.430908203125));
#7313 = ( GEOMETRIC_REPRESENTATION_CONTEXT(2) 
PARAMETRIC_REPRESENTATION_CONTEXT() REPRESENTATION_CONTEXT('2D SPACE',''
  ) );
#7314 = PCURVE('',#7315,#7322);
#7315 = B_SPLINE_SURFACE_WITH_KNOTS('',2,1,(
    (#7316,#7317)
    ,(#7318,#7319)
    ,(#7320,#7321
    )),.UNSPECIFIED.,.F.,.F.,.F.,(3,3),(2,2),(0.,1.),(-0.6,0.),
  .PIECEWISE_BEZIER_KNOTS.);
#7316 = CARTESIAN_POINT('',(44.236532871564,-6.288732596462,
    7.569091896875));
#7317 = CARTESIAN_POINT('',(44.835372290366,-6.326033407298,
    7.569091896875));
#7318 = CARTESIAN_POINT('',(44.215435814655,-6.627431649251,
    7.781494240625));
#7319 = CARTESIAN_POINT('',(44.814275233457,-6.664732460087,
    7.781494240625));
#7320 = CARTESIAN_POINT('',(44.1799199059,-7.197615666177,7.837646584375
    ));
#7321 = CARTESIAN_POINT('',(44.778759324702,-7.234916477012,
    7.837646584375));
#7322 = DEFINITIONAL_REPRESENTATION('',(#7323),#7338);
#7323 = B_SPLINE_CURVE_WITH_KNOTS('',4,(#7324,#7325,#7326,#7327,#7328,
    #7329,#7330,#7331,#7332,#7333,#7334,#7335,#7336,#7337),
  .UNSPECIFIED.,.F.,.F.,(5,3,3,3,5),(0.,0.257096615895,0.502886934071,
    0.741971854756,1.),.UNSPECIFIED.);
#7324 = CARTESIAN_POINT('',(1.,-0.312442434337));
#7325 = CARTESIAN_POINT('',(0.940378849737,-0.314053692071));
#7326 = CARTESIAN_POINT('',(0.87982517074,-0.315777312737));
#7327 = CARTESIAN_POINT('',(0.818349301121,-0.317598964852));
#7328 = CARTESIAN_POINT('',(0.696392721617,-0.321316695871));
#7329 = CARTESIAN_POINT('',(0.635987472576,-0.323205991999));
#7330 = CARTESIAN_POINT('',(0.574828007812,-0.325150780684));
#7331 = CARTESIAN_POINT('',(0.452858865583,-0.329056761097));
#7332 = CARTESIAN_POINT('',(0.392085065483,-0.331016114246));
#7333 = CARTESIAN_POINT('',(0.330759171851,-0.332990051765));
#7334 = CARTESIAN_POINT('',(0.202347661275,-0.337082190304));
#7335 = CARTESIAN_POINT('',(0.135189726884,-0.339199560638));
#7336 = CARTESIAN_POINT('',(6.767841318729E-02,-0.3412844129));
#7337 = CARTESIAN_POINT('',(0.,-0.343312534622));
#7338 = ( GEOMETRIC_REPRESENTATION_CONTEXT(2) 
PARAMETRIC_REPRESENTATION_CONTEXT() REPRESENTATION_CONTEXT('2D SPACE',''
  ) );
#7339 = ORIENTED_EDGE('',*,*,#7340,.F.);
#7340 = EDGE_CURVE('',#7341,#7278,#7343,.T.);
#7341 = VERTEX_POINT('',#7342);
#7342 = CARTESIAN_POINT('',(44.46692124839,-7.215492550112,
    7.847412209375));
#7343 = SURFACE_CURVE('',#7344,(#7356,#7371),.PCURVE_S1.);
#7344 = B_SPLINE_CURVE_WITH_KNOTS('',4,(#7345,#7346,#7347,#7348,#7349,
    #7350,#7351,#7352,#7353,#7354,#7355),.UNSPECIFIED.,.F.,.F.,(5,3,3,5)
  ,(0.,0.237,0.595,1.),.UNSPECIFIED.);
#7345 = CARTESIAN_POINT('',(44.46692124839,-7.215492550112,
    7.847412209375));
#7346 = CARTESIAN_POINT('',(44.46692124839,-7.215492550112,
    7.846833596094));
#7347 = CARTESIAN_POINT('',(44.46692124839,-7.215492550112,
    7.846254982813));
#7348 = CARTESIAN_POINT('',(44.46692124839,-7.215492550112,
    7.845676369531));
#7349 = CARTESIAN_POINT('',(44.46692124839,-7.215492550112,
    7.844223732813));
#7350 = CARTESIAN_POINT('',(44.46692124839,-7.215492550112,
    7.843349709375));
#7351 = CARTESIAN_POINT('',(44.46692124839,-7.215492550112,
    7.842475685938));
#7352 = CARTESIAN_POINT('',(44.46692124839,-7.215492550112,
    7.840612892969));
#7353 = CARTESIAN_POINT('',(44.46692124839,-7.215492550112,
    7.839624123438));
#7354 = CARTESIAN_POINT('',(44.46692124839,-7.215492550112,
    7.838635353906));
#7355 = CARTESIAN_POINT('',(44.46692124839,-7.215492550112,
    7.837646584375));
#7356 = PCURVE('',#2721,#7357);
#7357 = DEFINITIONAL_REPRESENTATION('',(#7358),#7370);
#7358 = B_SPLINE_CURVE_WITH_KNOTS('',4,(#7359,#7360,#7361,#7362,#7363,
    #7364,#7365,#7366,#7367,#7368,#7369),.UNSPECIFIED.,.F.,.F.,(5,3,3,5)
  ,(0.,0.237,0.595,1.),.UNSPECIFIED.);
#7359 = CARTESIAN_POINT('',(-4.750948929662,-8.152587890625));
#7360 = CARTESIAN_POINT('',(-4.750948929662,-8.153166503906));
#7361 = CARTESIAN_POINT('',(-4.750948929662,-8.153745117187));
#7362 = CARTESIAN_POINT('',(-4.750948929662,-8.154323730469));
#7363 = CARTESIAN_POINT('',(-4.750948929662,-8.155776367188));
#7364 = CARTESIAN_POINT('',(-4.750948929662,-8.156650390625));
#7365 = CARTESIAN_POINT('',(-4.750948929662,-8.157524414063));
#7366 = CARTESIAN_POINT('',(-4.750948929662,-8.159387207031));
#7367 = CARTESIAN_POINT('',(-4.750948929662,-8.160375976563));
#7368 = CARTESIAN_POINT('',(-4.750948929662,-8.161364746094));
#7369 = CARTESIAN_POINT('',(-4.750948929662,-8.162353515625));
#7370 = ( GEOMETRIC_REPRESENTATION_CONTEXT(2) 
PARAMETRIC_REPRESENTATION_CONTEXT() REPRESENTATION_CONTEXT('2D SPACE',''
  ) );
#7371 = PCURVE('',#7372,#7377);
#7372 = B_SPLINE_SURFACE_WITH_KNOTS('',1,1,(
    (#7373,#7374)
    ,(#7375,#7376
    )),.UNSPECIFIED.,.F.,.F.,.F.,(2,2),(2,2),(0.,9.765625E-03),(-0.6,0.)
  ,.PIECEWISE_BEZIER_KNOTS.);
#7373 = CARTESIAN_POINT('',(44.1799199059,-7.197615666177,7.837646584375
    ));
#7374 = CARTESIAN_POINT('',(44.778759324702,-7.234916477012,
    7.837646584375));
#7375 = CARTESIAN_POINT('',(44.1799199059,-7.197615666177,7.847412209375
    ));
#7376 = CARTESIAN_POINT('',(44.778759324702,-7.234916477012,
    7.847412209375));
#7377 = DEFINITIONAL_REPRESENTATION('',(#7378),#7390);
#7378 = B_SPLINE_CURVE_WITH_KNOTS('',4,(#7379,#7380,#7381,#7382,#7383,
    #7384,#7385,#7386,#7387,#7388,#7389),.UNSPECIFIED.,.F.,.F.,(5,3,3,5)
  ,(0.,0.237,0.595,1.),.UNSPECIFIED.);
#7379 = CARTESIAN_POINT('',(9.765625E-03,-0.312442434337));
#7380 = CARTESIAN_POINT('',(9.18701171875E-03,-0.312442434337));
#7381 = CARTESIAN_POINT('',(8.608398437499E-03,-0.312442434337));
#7382 = CARTESIAN_POINT('',(8.02978515625E-03,-0.312442434337));
#7383 = CARTESIAN_POINT('',(6.5771484375E-03,-0.312442434337));
#7384 = CARTESIAN_POINT('',(5.703124999998E-03,-0.312442434337));
#7385 = CARTESIAN_POINT('',(4.8291015625E-03,-0.312442434337));
#7386 = CARTESIAN_POINT('',(2.96630859375E-03,-0.312442434337));
#7387 = CARTESIAN_POINT('',(1.977539062499E-03,-0.312442434337));
#7388 = CARTESIAN_POINT('',(9.887695312499E-04,-0.312442434337));
#7389 = CARTESIAN_POINT('',(0.,-0.312442434337));
#7390 = ( GEOMETRIC_REPRESENTATION_CONTEXT(2) 
PARAMETRIC_REPRESENTATION_CONTEXT() REPRESENTATION_CONTEXT('2D SPACE',''
  ) );
#7391 = ORIENTED_EDGE('',*,*,#7392,.F.);
#7392 = EDGE_CURVE('',#7393,#7341,#7395,.T.);
#7393 = VERTEX_POINT('',#7394);
#7394 = CARTESIAN_POINT('',(44.494914620961,-6.172735366551,
    8.11962900625));
#7395 = SURFACE_CURVE('',#7396,(#7415,#7437),.PCURVE_S1.);
#7396 = B_SPLINE_CURVE_WITH_KNOTS('',5,(#7397,#7398,#7399,#7400,#7401,
    #7402,#7403,#7404,#7405,#7406,#7407,#7408,#7409,#7410,#7411,#7412,
    #7413,#7414),.UNSPECIFIED.,.F.,.F.,(6,4,4,4,6),(0.,0.235543921784,
    0.478243044017,0.73243861929,1.),.UNSPECIFIED.);
#7397 = CARTESIAN_POINT('',(44.494914620961,-6.172735366551,
    8.11962900625));
#7398 = CARTESIAN_POINT('',(44.494332641432,-6.211227663429,
    8.097424909869));
#7399 = CARTESIAN_POINT('',(44.493683911169,-6.251381248526,
    8.076389063384));
#7400 = CARTESIAN_POINT('',(44.492962579267,-6.293107224869,
    8.056532316692));
#7401 = CARTESIAN_POINT('',(44.492163127904,-6.336305736199,
    8.037848689875));
#7402 = CARTESIAN_POINT('',(44.490371538178,-6.42679557491,
    8.002261527863));
#7403 = CARTESIAN_POINT('',(44.489374276015,-6.474171806581,
    7.985429142337));
#7404 = CARTESIAN_POINT('',(44.48828364219,-6.522890462793,
    7.969805369949));
#7405 = CARTESIAN_POINT('',(44.487095050829,-6.572839308273,
    7.955358271919));
#7406 = CARTESIAN_POINT('',(44.484453192598,-6.677407128123,
    7.928110998718));
#7407 = CARTESIAN_POINT('',(44.482990056392,-6.732135195035,
    7.91542126756));
#7408 = CARTESIAN_POINT('',(44.481410853408,-6.787977950699,
    7.903936647149));
#7409 = CARTESIAN_POINT('',(44.479712080596,-6.844824102023,
    7.893606128862));
#7410 = CARTESIAN_POINT('',(44.475973976167,-6.963365243667,
    7.874664050913));
#7411 = CARTESIAN_POINT('',(44.473921429241,-7.025157633636,
    7.866171699982));
#7412 = CARTESIAN_POINT('',(44.471730027427,-7.087839828905,
    7.85883903522));
#7413 = CARTESIAN_POINT('',(44.469397240667,-7.151312875534,
    7.852605621519));
#7414 = CARTESIAN_POINT('',(44.46692124839,-7.215492550112,
    7.847412209375));
#7415 = PCURVE('',#2721,#7416);
#7416 = DEFINITIONAL_REPRESENTATION('',(#7417),#7436);
#7417 = B_SPLINE_CURVE_WITH_KNOTS('',5,(#7418,#7419,#7420,#7421,#7422,
    #7423,#7424,#7425,#7426,#7427,#7428,#7429,#7430,#7431,#7432,#7433,
    #7434,#7435),.UNSPECIFIED.,.F.,.F.,(6,4,4,4,6),(0.,0.235543921784,
    0.478243044017,0.73243861929,1.),.UNSPECIFIED.);
#7418 = CARTESIAN_POINT('',(-4.72750720497,-7.88037109375));
#7419 = CARTESIAN_POINT('',(-4.728372299267,-7.902575190131));
#7420 = CARTESIAN_POINT('',(-4.729274744295,-7.923611036616));
#7421 = CARTESIAN_POINT('',(-4.730212545928,-7.943467783308));
#7422 = CARTESIAN_POINT('',(-4.731183464402,-7.962151410125));
#7423 = CARTESIAN_POINT('',(-4.733217342439,-7.997738572138));
#7424 = CARTESIAN_POINT('',(-4.734282211868,-8.014570957663));
#7425 = CARTESIAN_POINT('',(-4.735377286051,-8.030194730051));
#7426 = CARTESIAN_POINT('',(-4.73650004856,-8.044641828081));
#7427 = CARTESIAN_POINT('',(-4.738850637036,-8.071889101282));
#7428 = CARTESIAN_POINT('',(-4.740080919341,-8.08457883244));
#7429 = CARTESIAN_POINT('',(-4.741336312337,-8.096063452851));
#7430 = CARTESIAN_POINT('',(-4.742614322475,-8.106393971139));
#7431 = CARTESIAN_POINT('',(-4.7452794925,-8.125336049087));
#7432 = CARTESIAN_POINT('',(-4.746668849397,-8.133828400018));
#7433 = CARTESIAN_POINT('',(-4.748078295711,-8.14116106478));
#7434 = CARTESIAN_POINT('',(-4.749505616908,-8.147394478481));
#7435 = CARTESIAN_POINT('',(-4.750948929662,-8.152587890625));
#7436 = ( GEOMETRIC_REPRESENTATION_CONTEXT(2) 
PARAMETRIC_REPRESENTATION_CONTEXT() REPRESENTATION_CONTEXT('2D SPACE',''
  ) );
#7437 = PCURVE('',#7438,#7445);
#7438 = B_SPLINE_SURFACE_WITH_KNOTS('',2,1,(
    (#7439,#7440)
    ,(#7441,#7442)
    ,(#7443,#7444
    )),.UNSPECIFIED.,.F.,.F.,.F.,(3,3),(2,2),(0.,1.),(-0.6,0.),
  .PIECEWISE_BEZIER_KNOTS.);
#7439 = CARTESIAN_POINT('',(44.1799199059,-7.197615666177,7.847412209375
    ));
#7440 = CARTESIAN_POINT('',(44.778759324702,-7.234916477012,
    7.847412209375));
#7441 = CARTESIAN_POINT('',(44.221203355393,-6.534837663597,
    7.901123146875));
#7442 = CARTESIAN_POINT('',(44.820042774194,-6.572138474432,
    7.901123146875));
#7443 = CARTESIAN_POINT('',(44.244728850508,-6.157151669479,
    8.11962900625));
#7444 = CARTESIAN_POINT('',(44.84356826931,-6.194452480315,8.11962900625
    ));
#7445 = DEFINITIONAL_REPRESENTATION('',(#7446),#7465);
#7446 = B_SPLINE_CURVE_WITH_KNOTS('',5,(#7447,#7448,#7449,#7450,#7451,
    #7452,#7453,#7454,#7455,#7456,#7457,#7458,#7459,#7460,#7461,#7462,
    #7463,#7464),.UNSPECIFIED.,.F.,.F.,(6,4,4,4,6),(0.,0.235543921784,
    0.478243044017,0.73243861929,1.),.UNSPECIFIED.);
#7447 = CARTESIAN_POINT('',(1.,-0.349329356821));
#7448 = CARTESIAN_POINT('',(0.94919107331,-0.347517220819));
#7449 = CARTESIAN_POINT('',(0.898621687298,-0.345668427438));
#7450 = CARTESIAN_POINT('',(0.848362611394,-0.343794342815));
#7451 = CARTESIAN_POINT('',(0.798472587947,-0.341906681966));
#7452 = CARTESIAN_POINT('',(0.698024660957,-0.338069232289));
#7453 = CARTESIAN_POINT('',(0.647492027783,-0.336119279019));
#7454 = CARTESIAN_POINT('',(0.597454201108,-0.33417906093));
#7455 = CARTESIAN_POINT('',(0.54794840716,-0.332260132469));
#7456 = CARTESIAN_POINT('',(0.447733057839,-0.328396106435));
#7457 = CARTESIAN_POINT('',(0.397077613254,-0.326454077042));
#7458 = CARTESIAN_POINT('',(0.347062131501,-0.324558591927));
#7459 = CARTESIAN_POINT('',(0.297701434442,-0.322720066238));
#7460 = CARTESIAN_POINT('',(0.197737832713,-0.31908147221));
#7461 = CARTESIAN_POINT('',(0.147206640386,-0.317288538474));
#7462 = CARTESIAN_POINT('',(9.741069824847E-02,-0.315578873608));
#7463 = CARTESIAN_POINT('',(4.834594577892E-02,-0.313961154545));
#7464 = CARTESIAN_POINT('',(0.,-0.312442434337));
#7465 = ( GEOMETRIC_REPRESENTATION_CONTEXT(2) 
PARAMETRIC_REPRESENTATION_CONTEXT() REPRESENTATION_CONTEXT('2D SPACE',''
  ) );
#7466 = ORIENTED_EDGE('',*,*,#7467,.F.);
#7467 = EDGE_CURVE('',#6317,#7393,#7468,.T.);
#7468 = SURFACE_CURVE('',#7469,(#7480,#7494),.PCURVE_S1.);
#7469 = B_SPLINE_CURVE_WITH_KNOTS('',5,(#7470,#7471,#7472,#7473,#7474,
    #7475,#7476,#7477,#7478,#7479),.UNSPECIFIED.,.F.,.F.,(6,4,6),(0.,
    0.491436495018,1.),.UNSPECIFIED.);
#7470 = CARTESIAN_POINT('',(44.499029852985,-5.793840336206,
    8.682373146875));
#7471 = CARTESIAN_POINT('',(44.499029852985,-5.793840336206,
    8.616692777928));
#7472 = CARTESIAN_POINT('',(44.498972771811,-5.802463789484,
    8.552459764056));
#7473 = CARTESIAN_POINT('',(44.498854570891,-5.820451071938,
    8.490261139255));
#7474 = CARTESIAN_POINT('',(44.498653068431,-5.848224272925,
    8.430700186512));
#7475 = CARTESIAN_POINT('',(44.497997133253,-5.923950941184,
    8.315903255703));
#7476 = CARTESIAN_POINT('',(44.497534105154,-5.972593912898,
    8.260860430219));
#7477 = CARTESIAN_POINT('',(44.49690114197,-6.031001376741,
    8.209729041313));
#7478 = CARTESIAN_POINT('',(44.496042663318,-6.098126313886,
    8.162666879555));
#7479 = CARTESIAN_POINT('',(44.494914620961,-6.172735366551,
    8.11962900625));
#7480 = PCURVE('',#2721,#7481);
#7481 = DEFINITIONAL_REPRESENTATION('',(#7482),#7493);
#7482 = B_SPLINE_CURVE_WITH_KNOTS('',5,(#7483,#7484,#7485,#7486,#7487,
    #7488,#7489,#7490,#7491,#7492),.UNSPECIFIED.,.F.,.F.,(6,4,6),(0.,
    0.491436495018,1.),.UNSPECIFIED.);
#7483 = CARTESIAN_POINT('',(-4.718992181993,-7.317626953125));
#7484 = CARTESIAN_POINT('',(-4.718992181993,-7.383307322072));
#7485 = CARTESIAN_POINT('',(-4.719185971668,-7.447540335944));
#7486 = CARTESIAN_POINT('',(-4.719590189152,-7.509738960745));
#7487 = CARTESIAN_POINT('',(-4.720214321878,-7.569299913488));
#7488 = CARTESIAN_POINT('',(-4.721916108598,-7.684096844297));
#7489 = CARTESIAN_POINT('',(-4.723009258257,-7.739139669781));
#7490 = CARTESIAN_POINT('',(-4.72432186066,-7.790271058687));
#7491 = CARTESIAN_POINT('',(-4.725830405423,-7.837333220445));
#7492 = CARTESIAN_POINT('',(-4.72750720497,-7.88037109375));
#7493 = ( GEOMETRIC_REPRESENTATION_CONTEXT(2) 
PARAMETRIC_REPRESENTATION_CONTEXT() REPRESENTATION_CONTEXT('2D SPACE',''
  ) );
#7494 = PCURVE('',#7495,#7502);
#7495 = B_SPLINE_SURFACE_WITH_KNOTS('',2,1,(
    (#7496,#7497)
    ,(#7498,#7499)
    ,(#7500,#7501
    )),.UNSPECIFIED.,.F.,.F.,.F.,(3,3),(2,2),(0.,1.),(-0.6,0.),
  .PIECEWISE_BEZIER_KNOTS.);
#7496 = CARTESIAN_POINT('',(44.244728850508,-6.157151669479,
    8.11962900625));
#7497 = CARTESIAN_POINT('',(44.84356826931,-6.194452480315,8.11962900625
    ));
#7498 = CARTESIAN_POINT('',(44.268254345623,-5.779465675362,
    8.338134865625));
#7499 = CARTESIAN_POINT('',(44.867093764425,-5.816766486197,
    8.338134865625));
#7500 = CARTESIAN_POINT('',(44.268254345623,-5.779465675362,
    8.682373146875));
#7501 = CARTESIAN_POINT('',(44.867093764425,-5.816766486197,
    8.682373146875));
#7502 = DEFINITIONAL_REPRESENTATION('',(#7503),#7514);
#7503 = B_SPLINE_CURVE_WITH_KNOTS('',5,(#7504,#7505,#7506,#7507,#7508,
    #7509,#7510,#7511,#7512,#7513),.UNSPECIFIED.,.F.,.F.,(6,4,6),(0.,
    0.491436495018,1.),.UNSPECIFIED.);
#7504 = CARTESIAN_POINT('',(1.,-0.368777237988));
#7505 = CARTESIAN_POINT('',(0.904600428651,-0.368777237988));
#7506 = CARTESIAN_POINT('',(0.807147782771,-0.36829810575));
#7507 = CARTESIAN_POINT('',(0.708137984174,-0.367297844333));
#7508 = CARTESIAN_POINT('',(0.608243319335,-0.365772352166));
#7509 = CARTESIAN_POINT('',(0.40500821307,-0.361719241687));
#7510 = CARTESIAN_POINT('',(0.301615953991,-0.359157337006));
#7511 = CARTESIAN_POINT('',(0.199196670213,-0.356157999581));
#7512 = CARTESIAN_POINT('',(9.84821950049E-02,-0.352841793372));
#7513 = CARTESIAN_POINT('',(0.,-0.349329356821));
#7514 = ( GEOMETRIC_REPRESENTATION_CONTEXT(2) 
PARAMETRIC_REPRESENTATION_CONTEXT() REPRESENTATION_CONTEXT('2D SPACE',''
  ) );
#7515 = ADVANCED_FACE('',(#7516,#7519),#2903,.F.);
#7516 = FACE_BOUND('',#7517,.F.);
#7517 = EDGE_LOOP('',(#7518));
#7518 = ORIENTED_EDGE('',*,*,#5033,.T.);
#7519 = FACE_BOUND('',#7520,.F.);
#7520 = EDGE_LOOP('',(#7521));
#7521 = ORIENTED_EDGE('',*,*,#2888,.F.);
#7522 = ADVANCED_FACE('',(#7523),#2940,.F.);
#7523 = FACE_BOUND('',#7524,.F.);
#7524 = EDGE_LOOP('',(#7525,#7552,#7570,#7571));
#7525 = ORIENTED_EDGE('',*,*,#7526,.F.);
#7526 = EDGE_CURVE('',#7527,#7529,#7531,.T.);
#7527 = VERTEX_POINT('',#7528);
#7528 = CARTESIAN_POINT('',(-55.23221480653,-7.517893829705,
    9.651611428125));
#7529 = VERTEX_POINT('',#7530);
#7530 = CARTESIAN_POINT('',(-55.23221480653,-7.517893829705,
    9.141357521875));
#7531 = SURFACE_CURVE('',#7532,(#7535,#7541),.PCURVE_S1.);
#7532 = B_SPLINE_CURVE_WITH_KNOTS('',1,(#7533,#7534),.UNSPECIFIED.,.F.,
  .F.,(2,2),(0.,0.51025390625),.PIECEWISE_BEZIER_KNOTS.);
#7533 = CARTESIAN_POINT('',(-55.23221480653,-7.517893829705,
    9.651611428125));
#7534 = CARTESIAN_POINT('',(-55.23221480653,-7.517893829705,
    9.141357521875));
#7535 = PCURVE('',#2940,#7536);
#7536 = DEFINITIONAL_REPRESENTATION('',(#7537),#7540);
#7537 = B_SPLINE_CURVE_WITH_KNOTS('',1,(#7538,#7539),.UNSPECIFIED.,.F.,
  .F.,(2,2),(0.,0.51025390625),.PIECEWISE_BEZIER_KNOTS.);
#7538 = CARTESIAN_POINT('',(0.,0.));
#7539 = CARTESIAN_POINT('',(0.51025390625,0.));
#7540 = ( GEOMETRIC_REPRESENTATION_CONTEXT(2) 
PARAMETRIC_REPRESENTATION_CONTEXT() REPRESENTATION_CONTEXT('2D SPACE',''
  ) );
#7541 = PCURVE('',#7542,#7547);
#7542 = B_SPLINE_SURFACE_WITH_KNOTS('',1,1,(
    (#7543,#7544)
    ,(#7545,#7546
    )),.UNSPECIFIED.,.F.,.F.,.F.,(2,2),(2,2),(0.31494140625,2.6416015625
    ),(0.,3.43994140625),.PIECEWISE_BEZIER_KNOTS.);
#7543 = CARTESIAN_POINT('',(-55.23221480653,-7.517893829705,
    9.651611428125));
#7544 = CARTESIAN_POINT('',(-55.23221480653,-7.517893829705,
    6.211670021875));
#7545 = CARTESIAN_POINT('',(-55.68142819049,-2.88630692386,
    9.651611428125));
#7546 = CARTESIAN_POINT('',(-55.68142819049,-2.88630692386,
    6.211670021875));
#7547 = DEFINITIONAL_REPRESENTATION('',(#7548),#7551);
#7548 = B_SPLINE_CURVE_WITH_KNOTS('',1,(#7549,#7550),.UNSPECIFIED.,.F.,
  .F.,(2,2),(0.,0.51025390625),.PIECEWISE_BEZIER_KNOTS.);
#7549 = CARTESIAN_POINT('',(0.31494140625,0.));
#7550 = CARTESIAN_POINT('',(0.31494140625,0.51025390625));
#7551 = ( GEOMETRIC_REPRESENTATION_CONTEXT(2) 
PARAMETRIC_REPRESENTATION_CONTEXT() REPRESENTATION_CONTEXT('2D SPACE',''
  ) );
#7552 = ORIENTED_EDGE('',*,*,#7553,.T.);
#7553 = EDGE_CURVE('',#7527,#2921,#7554,.T.);
#7554 = SURFACE_CURVE('',#7555,(#7558,#7564),.PCURVE_S1.);
#7555 = B_SPLINE_CURVE_WITH_KNOTS('',1,(#7556,#7557),.UNSPECIFIED.,.F.,
  .F.,(2,2),(0.,0.6),.PIECEWISE_BEZIER_KNOTS.);
#7556 = CARTESIAN_POINT('',(-55.23221480653,-7.517893829705,
    9.651611428125));
#7557 = CARTESIAN_POINT('',(-55.82941249697,-7.575815488279,
    9.651611428125));
#7558 = PCURVE('',#2940,#7559);
#7559 = DEFINITIONAL_REPRESENTATION('',(#7560),#7563);
#7560 = B_SPLINE_CURVE_WITH_KNOTS('',1,(#7561,#7562),.UNSPECIFIED.,.F.,
  .F.,(2,2),(0.,0.6),.PIECEWISE_BEZIER_KNOTS.);
#7561 = CARTESIAN_POINT('',(0.,0.));
#7562 = CARTESIAN_POINT('',(0.,-0.6));
#7563 = ( GEOMETRIC_REPRESENTATION_CONTEXT(2) 
PARAMETRIC_REPRESENTATION_CONTEXT() REPRESENTATION_CONTEXT('2D SPACE',''
  ) );
#7564 = PCURVE('',#2992,#7565);
#7565 = DEFINITIONAL_REPRESENTATION('',(#7566),#7569);
#7566 = B_SPLINE_CURVE_WITH_KNOTS('',1,(#7567,#7568),.UNSPECIFIED.,.F.,
  .F.,(2,2),(0.,0.6),.PIECEWISE_BEZIER_KNOTS.);
#7567 = CARTESIAN_POINT('',(2.32666015625,-7.105427357601E-15));
#7568 = CARTESIAN_POINT('',(2.32666015625,-0.6));
#7569 = ( GEOMETRIC_REPRESENTATION_CONTEXT(2) 
PARAMETRIC_REPRESENTATION_CONTEXT() REPRESENTATION_CONTEXT('2D SPACE',''
  ) );
#7570 = ORIENTED_EDGE('',*,*,#2918,.F.);
#7571 = ORIENTED_EDGE('',*,*,#7572,.F.);
#7572 = EDGE_CURVE('',#7529,#2919,#7573,.T.);
#7573 = SURFACE_CURVE('',#7574,(#7577,#7583),.PCURVE_S1.);
#7574 = B_SPLINE_CURVE_WITH_KNOTS('',1,(#7575,#7576),.UNSPECIFIED.,.F.,
  .F.,(2,2),(0.,0.6),.PIECEWISE_BEZIER_KNOTS.);
#7575 = CARTESIAN_POINT('',(-55.23221480653,-7.517893829705,
    9.141357521875));
#7576 = CARTESIAN_POINT('',(-55.82941249697,-7.575815488279,
    9.141357521875));
#7577 = PCURVE('',#2940,#7578);
#7578 = DEFINITIONAL_REPRESENTATION('',(#7579),#7582);
#7579 = B_SPLINE_CURVE_WITH_KNOTS('',1,(#7580,#7581),.UNSPECIFIED.,.F.,
  .F.,(2,2),(0.,0.6),.PIECEWISE_BEZIER_KNOTS.);
#7580 = CARTESIAN_POINT('',(0.51025390625,0.));
#7581 = CARTESIAN_POINT('',(0.51025390625,-0.6));
#7582 = ( GEOMETRIC_REPRESENTATION_CONTEXT(2) 
PARAMETRIC_REPRESENTATION_CONTEXT() REPRESENTATION_CONTEXT('2D SPACE',''
  ) );
#7583 = PCURVE('',#3305,#7584);
#7584 = DEFINITIONAL_REPRESENTATION('',(#7585),#7588);
#7585 = B_SPLINE_CURVE_WITH_KNOTS('',1,(#7586,#7587),.UNSPECIFIED.,.F.,
  .F.,(2,2),(0.,0.6),.PIECEWISE_BEZIER_KNOTS.);
#7586 = CARTESIAN_POINT('',(0.,0.));
#7587 = CARTESIAN_POINT('',(8.881784197001E-16,-0.6));
#7588 = ( GEOMETRIC_REPRESENTATION_CONTEXT(2) 
PARAMETRIC_REPRESENTATION_CONTEXT() REPRESENTATION_CONTEXT('2D SPACE',''
  ) );
#7589 = ADVANCED_FACE('',(#7590),#3305,.F.);
#7590 = FACE_BOUND('',#7591,.F.);
#7591 = EDGE_LOOP('',(#7592,#7612,#7613,#7614));
#7592 = ORIENTED_EDGE('',*,*,#7593,.F.);
#7593 = EDGE_CURVE('',#7529,#7594,#7596,.T.);
#7594 = VERTEX_POINT('',#7595);
#7595 = CARTESIAN_POINT('',(-55.39672212132,-5.821751300702,
    9.141357521875));
#7596 = SURFACE_CURVE('',#7597,(#7600,#7606),.PCURVE_S1.);
#7597 = B_SPLINE_CURVE_WITH_KNOTS('',1,(#7598,#7599),.UNSPECIFIED.,.F.,
  .F.,(2,2),(0.,0.85205078125),.PIECEWISE_BEZIER_KNOTS.);
#7598 = CARTESIAN_POINT('',(-55.23221480653,-7.517893829705,
    9.141357521875));
#7599 = CARTESIAN_POINT('',(-55.39672212132,-5.821751300702,
    9.141357521875));
#7600 = PCURVE('',#3305,#7601);
#7601 = DEFINITIONAL_REPRESENTATION('',(#7602),#7605);
#7602 = B_SPLINE_CURVE_WITH_KNOTS('',1,(#7603,#7604),.UNSPECIFIED.,.F.,
  .F.,(2,2),(0.,0.85205078125),.PIECEWISE_BEZIER_KNOTS.);
#7603 = CARTESIAN_POINT('',(-8.881784197001E-16,0.));
#7604 = CARTESIAN_POINT('',(0.85205078125,0.));
#7605 = ( GEOMETRIC_REPRESENTATION_CONTEXT(2) 
PARAMETRIC_REPRESENTATION_CONTEXT() REPRESENTATION_CONTEXT('2D SPACE',''
  ) );
#7606 = PCURVE('',#7542,#7607);
#7607 = DEFINITIONAL_REPRESENTATION('',(#7608),#7611);
#7608 = B_SPLINE_CURVE_WITH_KNOTS('',1,(#7609,#7610),.UNSPECIFIED.,.F.,
  .F.,(2,2),(0.,0.85205078125),.PIECEWISE_BEZIER_KNOTS.);
#7609 = CARTESIAN_POINT('',(0.31494140625,0.51025390625));
#7610 = CARTESIAN_POINT('',(1.1669921875,0.51025390625));
#7611 = ( GEOMETRIC_REPRESENTATION_CONTEXT(2) 
PARAMETRIC_REPRESENTATION_CONTEXT() REPRESENTATION_CONTEXT('2D SPACE',''
  ) );
#7612 = ORIENTED_EDGE('',*,*,#7572,.T.);
#7613 = ORIENTED_EDGE('',*,*,#3287,.F.);
#7614 = ORIENTED_EDGE('',*,*,#7615,.F.);
#7615 = EDGE_CURVE('',#7594,#3254,#7616,.T.);
#7616 = SURFACE_CURVE('',#7617,(#7620,#7626),.PCURVE_S1.);
#7617 = B_SPLINE_CURVE_WITH_KNOTS('',1,(#7618,#7619),.UNSPECIFIED.,.F.,
  .F.,(2,2),(0.,0.6),.PIECEWISE_BEZIER_KNOTS.);
#7618 = CARTESIAN_POINT('',(-55.39672212132,-5.821751300702,
    9.141357521875));
#7619 = CARTESIAN_POINT('',(-55.99391981176,-5.879672959276,
    9.141357521875));
#7620 = PCURVE('',#3305,#7621);
#7621 = DEFINITIONAL_REPRESENTATION('',(#7622),#7625);
#7622 = B_SPLINE_CURVE_WITH_KNOTS('',1,(#7623,#7624),.UNSPECIFIED.,.F.,
  .F.,(2,2),(0.,0.6),.PIECEWISE_BEZIER_KNOTS.);
#7623 = CARTESIAN_POINT('',(0.85205078125,0.));
#7624 = CARTESIAN_POINT('',(0.85205078125,-0.6));
#7625 = ( GEOMETRIC_REPRESENTATION_CONTEXT(2) 
PARAMETRIC_REPRESENTATION_CONTEXT() REPRESENTATION_CONTEXT('2D SPACE',''
  ) );
#7626 = PCURVE('',#3273,#7627);
#7627 = DEFINITIONAL_REPRESENTATION('',(#7628),#7631);
#7628 = B_SPLINE_CURVE_WITH_KNOTS('',1,(#7629,#7630),.UNSPECIFIED.,.F.,
  .F.,(2,2),(0.,0.6),.PIECEWISE_BEZIER_KNOTS.);
#7629 = CARTESIAN_POINT('',(0.,0.));
#7630 = CARTESIAN_POINT('',(0.,-0.6));
#7631 = ( GEOMETRIC_REPRESENTATION_CONTEXT(2) 
PARAMETRIC_REPRESENTATION_CONTEXT() REPRESENTATION_CONTEXT('2D SPACE',''
  ) );
#7632 = ADVANCED_FACE('',(#7633),#3273,.F.);
#7633 = FACE_BOUND('',#7634,.F.);
#7634 = EDGE_LOOP('',(#7635,#7655,#7656,#7657));
#7635 = ORIENTED_EDGE('',*,*,#7636,.F.);
#7636 = EDGE_CURVE('',#7594,#7637,#7639,.T.);
#7637 = VERTEX_POINT('',#7638);
#7638 = CARTESIAN_POINT('',(-55.39672212132,-5.821751300702,
    6.795166115625));
#7639 = SURFACE_CURVE('',#7640,(#7643,#7649),.PCURVE_S1.);
#7640 = B_SPLINE_CURVE_WITH_KNOTS('',1,(#7641,#7642),.UNSPECIFIED.,.F.,
  .F.,(2,2),(0.,2.34619140625),.PIECEWISE_BEZIER_KNOTS.);
#7641 = CARTESIAN_POINT('',(-55.39672212132,-5.821751300702,
    9.141357521875));
#7642 = CARTESIAN_POINT('',(-55.39672212132,-5.821751300702,
    6.795166115625));
#7643 = PCURVE('',#3273,#7644);
#7644 = DEFINITIONAL_REPRESENTATION('',(#7645),#7648);
#7645 = B_SPLINE_CURVE_WITH_KNOTS('',1,(#7646,#7647),.UNSPECIFIED.,.F.,
  .F.,(2,2),(0.,2.34619140625),.PIECEWISE_BEZIER_KNOTS.);
#7646 = CARTESIAN_POINT('',(0.,0.));
#7647 = CARTESIAN_POINT('',(2.34619140625,0.));
#7648 = ( GEOMETRIC_REPRESENTATION_CONTEXT(2) 
PARAMETRIC_REPRESENTATION_CONTEXT() REPRESENTATION_CONTEXT('2D SPACE',''
  ) );
#7649 = PCURVE('',#7542,#7650);
#7650 = DEFINITIONAL_REPRESENTATION('',(#7651),#7654);
#7651 = B_SPLINE_CURVE_WITH_KNOTS('',1,(#7652,#7653),.UNSPECIFIED.,.F.,
  .F.,(2,2),(0.,2.34619140625),.PIECEWISE_BEZIER_KNOTS.);
#7652 = CARTESIAN_POINT('',(1.1669921875,0.51025390625));
#7653 = CARTESIAN_POINT('',(1.1669921875,2.8564453125));
#7654 = ( GEOMETRIC_REPRESENTATION_CONTEXT(2) 
PARAMETRIC_REPRESENTATION_CONTEXT() REPRESENTATION_CONTEXT('2D SPACE',''
  ) );
#7655 = ORIENTED_EDGE('',*,*,#7615,.T.);
#7656 = ORIENTED_EDGE('',*,*,#3253,.F.);
#7657 = ORIENTED_EDGE('',*,*,#7658,.F.);
#7658 = EDGE_CURVE('',#7637,#3220,#7659,.T.);
#7659 = SURFACE_CURVE('',#7660,(#7663,#7669),.PCURVE_S1.);
#7660 = B_SPLINE_CURVE_WITH_KNOTS('',1,(#7661,#7662),.UNSPECIFIED.,.F.,
  .F.,(2,2),(0.,0.6),.PIECEWISE_BEZIER_KNOTS.);
#7661 = CARTESIAN_POINT('',(-55.39672212132,-5.821751300702,
    6.795166115625));
#7662 = CARTESIAN_POINT('',(-55.99391981176,-5.879672959276,
    6.795166115625));
#7663 = PCURVE('',#3273,#7664);
#7664 = DEFINITIONAL_REPRESENTATION('',(#7665),#7668);
#7665 = B_SPLINE_CURVE_WITH_KNOTS('',1,(#7666,#7667),.UNSPECIFIED.,.F.,
  .F.,(2,2),(0.,0.6),.PIECEWISE_BEZIER_KNOTS.);
#7666 = CARTESIAN_POINT('',(2.34619140625,0.));
#7667 = CARTESIAN_POINT('',(2.34619140625,-0.6));
#7668 = ( GEOMETRIC_REPRESENTATION_CONTEXT(2) 
PARAMETRIC_REPRESENTATION_CONTEXT() REPRESENTATION_CONTEXT('2D SPACE',''
  ) );
#7669 = PCURVE('',#3239,#7670);
#7670 = DEFINITIONAL_REPRESENTATION('',(#7671),#7674);
#7671 = B_SPLINE_CURVE_WITH_KNOTS('',1,(#7672,#7673),.UNSPECIFIED.,.F.,
  .F.,(2,2),(0.,0.6),.PIECEWISE_BEZIER_KNOTS.);
#7672 = CARTESIAN_POINT('',(0.,0.));
#7673 = CARTESIAN_POINT('',(0.,-0.6));
#7674 = ( GEOMETRIC_REPRESENTATION_CONTEXT(2) 
PARAMETRIC_REPRESENTATION_CONTEXT() REPRESENTATION_CONTEXT('2D SPACE',''
  ) );
#7675 = ADVANCED_FACE('',(#7676),#3239,.F.);
#7676 = FACE_BOUND('',#7677,.F.);
#7677 = EDGE_LOOP('',(#7678,#7698,#7699,#7700));
#7678 = ORIENTED_EDGE('',*,*,#7679,.F.);
#7679 = EDGE_CURVE('',#7637,#7680,#7682,.T.);
#7680 = VERTEX_POINT('',#7681);
#7681 = CARTESIAN_POINT('',(-55.23739985083,-7.464433749994,
    7.310302834375));
#7682 = SURFACE_CURVE('',#7683,(#7686,#7692),.PCURVE_S1.);
#7683 = B_SPLINE_CURVE_WITH_KNOTS('',1,(#7684,#7685),.UNSPECIFIED.,.F.,
  .F.,(2,2),(0.,0.972786278057),.PIECEWISE_BEZIER_KNOTS.);
#7684 = CARTESIAN_POINT('',(-55.39672212132,-5.821751300702,
    6.795166115625));
#7685 = CARTESIAN_POINT('',(-55.23739985083,-7.464433749994,
    7.310302834375));
#7686 = PCURVE('',#3239,#7687);
#7687 = DEFINITIONAL_REPRESENTATION('',(#7688),#7691);
#7688 = B_SPLINE_CURVE_WITH_KNOTS('',1,(#7689,#7690),.UNSPECIFIED.,.F.,
  .F.,(2,2),(0.,0.972786278057),.PIECEWISE_BEZIER_KNOTS.);
#7689 = CARTESIAN_POINT('',(0.,0.));
#7690 = CARTESIAN_POINT('',(0.972786278057,7.105427357601E-15));
#7691 = ( GEOMETRIC_REPRESENTATION_CONTEXT(2) 
PARAMETRIC_REPRESENTATION_CONTEXT() REPRESENTATION_CONTEXT('2D SPACE',''
  ) );
#7692 = PCURVE('',#7542,#7693);
#7693 = DEFINITIONAL_REPRESENTATION('',(#7694),#7697);
#7694 = B_SPLINE_CURVE_WITH_KNOTS('',1,(#7695,#7696),.UNSPECIFIED.,.F.,
  .F.,(2,2),(0.,0.972786278057),.PIECEWISE_BEZIER_KNOTS.);
#7695 = CARTESIAN_POINT('',(1.1669921875,2.8564453125));
#7696 = CARTESIAN_POINT('',(0.341796875,2.34130859375));
#7697 = ( GEOMETRIC_REPRESENTATION_CONTEXT(2) 
PARAMETRIC_REPRESENTATION_CONTEXT() REPRESENTATION_CONTEXT('2D SPACE',''
  ) );
#7698 = ORIENTED_EDGE('',*,*,#7658,.T.);
#7699 = ORIENTED_EDGE('',*,*,#3219,.F.);
#7700 = ORIENTED_EDGE('',*,*,#7701,.F.);
#7701 = EDGE_CURVE('',#7680,#3186,#7702,.T.);
#7702 = SURFACE_CURVE('',#7703,(#7706,#7712),.PCURVE_S1.);
#7703 = B_SPLINE_CURVE_WITH_KNOTS('',1,(#7704,#7705),.UNSPECIFIED.,.F.,
  .F.,(2,2),(0.,0.6),.PIECEWISE_BEZIER_KNOTS.);
#7704 = CARTESIAN_POINT('',(-55.23739985083,-7.464433749994,
    7.310302834375));
#7705 = CARTESIAN_POINT('',(-55.83459754127,-7.522355408569,
    7.310302834375));
#7706 = PCURVE('',#3239,#7707);
#7707 = DEFINITIONAL_REPRESENTATION('',(#7708),#7711);
#7708 = B_SPLINE_CURVE_WITH_KNOTS('',1,(#7709,#7710),.UNSPECIFIED.,.F.,
  .F.,(2,2),(0.,0.6),.PIECEWISE_BEZIER_KNOTS.);
#7709 = CARTESIAN_POINT('',(0.972786278057,7.105427357601E-15));
#7710 = CARTESIAN_POINT('',(0.972786278057,-0.6));
#7711 = ( GEOMETRIC_REPRESENTATION_CONTEXT(2) 
PARAMETRIC_REPRESENTATION_CONTEXT() REPRESENTATION_CONTEXT('2D SPACE',''
  ) );
#7712 = PCURVE('',#3205,#7713);
#7713 = DEFINITIONAL_REPRESENTATION('',(#7714),#7717);
#7714 = B_SPLINE_CURVE_WITH_KNOTS('',1,(#7715,#7716),.UNSPECIFIED.,.F.,
  .F.,(2,2),(0.,0.6),.PIECEWISE_BEZIER_KNOTS.);
#7715 = CARTESIAN_POINT('',(0.,0.));
#7716 = CARTESIAN_POINT('',(0.,-0.6));
#7717 = ( GEOMETRIC_REPRESENTATION_CONTEXT(2) 
PARAMETRIC_REPRESENTATION_CONTEXT() REPRESENTATION_CONTEXT('2D SPACE',''
  ) );
#7718 = ADVANCED_FACE('',(#7719),#3205,.F.);
#7719 = FACE_BOUND('',#7720,.F.);
#7720 = EDGE_LOOP('',(#7721,#7741,#7742,#7743));
#7721 = ORIENTED_EDGE('',*,*,#7722,.F.);
#7722 = EDGE_CURVE('',#7680,#7723,#7725,.T.);
#7723 = VERTEX_POINT('',#7724);
#7724 = CARTESIAN_POINT('',(-55.23739985083,-7.464433749994,
    6.770752053125));
#7725 = SURFACE_CURVE('',#7726,(#7729,#7735),.PCURVE_S1.);
#7726 = B_SPLINE_CURVE_WITH_KNOTS('',1,(#7727,#7728),.UNSPECIFIED.,.F.,
  .F.,(2,2),(0.,0.53955078125),.PIECEWISE_BEZIER_KNOTS.);
#7727 = CARTESIAN_POINT('',(-55.23739985083,-7.464433749994,
    7.310302834375));
#7728 = CARTESIAN_POINT('',(-55.23739985083,-7.464433749994,
    6.770752053125));
#7729 = PCURVE('',#3205,#7730);
#7730 = DEFINITIONAL_REPRESENTATION('',(#7731),#7734);
#7731 = B_SPLINE_CURVE_WITH_KNOTS('',1,(#7732,#7733),.UNSPECIFIED.,.F.,
  .F.,(2,2),(0.,0.53955078125),.PIECEWISE_BEZIER_KNOTS.);
#7732 = CARTESIAN_POINT('',(0.,0.));
#7733 = CARTESIAN_POINT('',(0.53955078125,0.));
#7734 = ( GEOMETRIC_REPRESENTATION_CONTEXT(2) 
PARAMETRIC_REPRESENTATION_CONTEXT() REPRESENTATION_CONTEXT('2D SPACE',''
  ) );
#7735 = PCURVE('',#7542,#7736);
#7736 = DEFINITIONAL_REPRESENTATION('',(#7737),#7740);
#7737 = B_SPLINE_CURVE_WITH_KNOTS('',1,(#7738,#7739),.UNSPECIFIED.,.F.,
  .F.,(2,2),(0.,0.53955078125),.PIECEWISE_BEZIER_KNOTS.);
#7738 = CARTESIAN_POINT('',(0.341796875,2.34130859375));
#7739 = CARTESIAN_POINT('',(0.341796875,2.880859375));
#7740 = ( GEOMETRIC_REPRESENTATION_CONTEXT(2) 
PARAMETRIC_REPRESENTATION_CONTEXT() REPRESENTATION_CONTEXT('2D SPACE',''
  ) );
#7741 = ORIENTED_EDGE('',*,*,#7701,.T.);
#7742 = ORIENTED_EDGE('',*,*,#3185,.F.);
#7743 = ORIENTED_EDGE('',*,*,#7744,.F.);
#7744 = EDGE_CURVE('',#7723,#3152,#7745,.T.);
#7745 = SURFACE_CURVE('',#7746,(#7749,#7755),.PCURVE_S1.);
#7746 = B_SPLINE_CURVE_WITH_KNOTS('',1,(#7747,#7748),.UNSPECIFIED.,.F.,
  .F.,(2,2),(0.,0.6),.PIECEWISE_BEZIER_KNOTS.);
#7747 = CARTESIAN_POINT('',(-55.23739985083,-7.464433749994,
    6.770752053125));
#7748 = CARTESIAN_POINT('',(-55.83459754127,-7.522355408569,
    6.770752053125));
#7749 = PCURVE('',#3205,#7750);
#7750 = DEFINITIONAL_REPRESENTATION('',(#7751),#7754);
#7751 = B_SPLINE_CURVE_WITH_KNOTS('',1,(#7752,#7753),.UNSPECIFIED.,.F.,
  .F.,(2,2),(0.,0.6),.PIECEWISE_BEZIER_KNOTS.);
#7752 = CARTESIAN_POINT('',(0.53955078125,0.));
#7753 = CARTESIAN_POINT('',(0.53955078125,-0.6));
#7754 = ( GEOMETRIC_REPRESENTATION_CONTEXT(2) 
PARAMETRIC_REPRESENTATION_CONTEXT() REPRESENTATION_CONTEXT('2D SPACE',''
  ) );
#7755 = PCURVE('',#3171,#7756);
#7756 = DEFINITIONAL_REPRESENTATION('',(#7757),#7760);
#7757 = B_SPLINE_CURVE_WITH_KNOTS('',1,(#7758,#7759),.UNSPECIFIED.,.F.,
  .F.,(2,2),(0.,0.6),.PIECEWISE_BEZIER_KNOTS.);
#7758 = CARTESIAN_POINT('',(0.,0.));
#7759 = CARTESIAN_POINT('',(8.881784197001E-16,-0.6));
#7760 = ( GEOMETRIC_REPRESENTATION_CONTEXT(2) 
PARAMETRIC_REPRESENTATION_CONTEXT() REPRESENTATION_CONTEXT('2D SPACE',''
  ) );
#7761 = ADVANCED_FACE('',(#7762),#3171,.F.);
#7762 = FACE_BOUND('',#7763,.F.);
#7763 = EDGE_LOOP('',(#7764,#7784,#7785,#7786));
#7764 = ORIENTED_EDGE('',*,*,#7765,.F.);
#7765 = EDGE_CURVE('',#7723,#7766,#7768,.T.);
#7766 = VERTEX_POINT('',#7767);
#7767 = CARTESIAN_POINT('',(-55.40379263629,-5.748851192006,
    6.211670021875));
#7768 = SURFACE_CURVE('',#7769,(#7772,#7778),.PCURVE_S1.);
#7769 = B_SPLINE_CURVE_WITH_KNOTS('',1,(#7770,#7771),.UNSPECIFIED.,.F.,
  .F.,(2,2),(0.,1.027278071288),.PIECEWISE_BEZIER_KNOTS.);
#7770 = CARTESIAN_POINT('',(-55.23739985083,-7.464433749994,
    6.770752053125));
#7771 = CARTESIAN_POINT('',(-55.40379263629,-5.748851192006,
    6.211670021875));
#7772 = PCURVE('',#3171,#7773);
#7773 = DEFINITIONAL_REPRESENTATION('',(#7774),#7777);
#7774 = B_SPLINE_CURVE_WITH_KNOTS('',1,(#7775,#7776),.UNSPECIFIED.,.F.,
  .F.,(2,2),(0.,1.027278071288),.PIECEWISE_BEZIER_KNOTS.);
#7775 = CARTESIAN_POINT('',(0.,0.));
#7776 = CARTESIAN_POINT('',(1.027278071288,-7.105427357601E-15));
#7777 = ( GEOMETRIC_REPRESENTATION_CONTEXT(2) 
PARAMETRIC_REPRESENTATION_CONTEXT() REPRESENTATION_CONTEXT('2D SPACE',''
  ) );
#7778 = PCURVE('',#7542,#7779);
#7779 = DEFINITIONAL_REPRESENTATION('',(#7780),#7783);
#7780 = B_SPLINE_CURVE_WITH_KNOTS('',1,(#7781,#7782),.UNSPECIFIED.,.F.,
  .F.,(2,2),(0.,1.027278071288),.PIECEWISE_BEZIER_KNOTS.);
#7781 = CARTESIAN_POINT('',(0.341796875,2.880859375));
#7782 = CARTESIAN_POINT('',(1.20361328125,3.43994140625));
#7783 = ( GEOMETRIC_REPRESENTATION_CONTEXT(2) 
PARAMETRIC_REPRESENTATION_CONTEXT() REPRESENTATION_CONTEXT('2D SPACE',''
  ) );
#7784 = ORIENTED_EDGE('',*,*,#7744,.T.);
#7785 = ORIENTED_EDGE('',*,*,#3151,.F.);
#7786 = ORIENTED_EDGE('',*,*,#7787,.F.);
#7787 = EDGE_CURVE('',#7766,#3118,#7788,.T.);
#7788 = SURFACE_CURVE('',#7789,(#7792,#7798),.PCURVE_S1.);
#7789 = B_SPLINE_CURVE_WITH_KNOTS('',1,(#7790,#7791),.UNSPECIFIED.,.F.,
  .F.,(2,2),(0.,0.6),.PIECEWISE_BEZIER_KNOTS.);
#7790 = CARTESIAN_POINT('',(-55.40379263629,-5.748851192006,
    6.211670021875));
#7791 = CARTESIAN_POINT('',(-56.00099032673,-5.80677285058,
    6.211670021875));
#7792 = PCURVE('',#3171,#7793);
#7793 = DEFINITIONAL_REPRESENTATION('',(#7794),#7797);
#7794 = B_SPLINE_CURVE_WITH_KNOTS('',1,(#7795,#7796),.UNSPECIFIED.,.F.,
  .F.,(2,2),(0.,0.6),.PIECEWISE_BEZIER_KNOTS.);
#7795 = CARTESIAN_POINT('',(1.027278071288,-7.105427357601E-15));
#7796 = CARTESIAN_POINT('',(1.027278071288,-0.6));
#7797 = ( GEOMETRIC_REPRESENTATION_CONTEXT(2) 
PARAMETRIC_REPRESENTATION_CONTEXT() REPRESENTATION_CONTEXT('2D SPACE',''
  ) );
#7798 = PCURVE('',#3137,#7799);
#7799 = DEFINITIONAL_REPRESENTATION('',(#7800),#7803);
#7800 = B_SPLINE_CURVE_WITH_KNOTS('',1,(#7801,#7802),.UNSPECIFIED.,.F.,
  .F.,(2,2),(0.,0.6),.PIECEWISE_BEZIER_KNOTS.);
#7801 = CARTESIAN_POINT('',(0.,0.));
#7802 = CARTESIAN_POINT('',(-8.881784197001E-16,-0.6));
#7803 = ( GEOMETRIC_REPRESENTATION_CONTEXT(2) 
PARAMETRIC_REPRESENTATION_CONTEXT() REPRESENTATION_CONTEXT('2D SPACE',''
  ) );
#7804 = ADVANCED_FACE('',(#7805),#3137,.F.);
#7805 = FACE_BOUND('',#7806,.F.);
#7806 = EDGE_LOOP('',(#7807,#7827,#7828,#7829));
#7807 = ORIENTED_EDGE('',*,*,#7808,.F.);
#7808 = EDGE_CURVE('',#7766,#7809,#7811,.T.);
#7809 = VERTEX_POINT('',#7810);
#7810 = CARTESIAN_POINT('',(-55.52917643496,-4.456089264456,
    6.211670021875));
#7811 = SURFACE_CURVE('',#7812,(#7815,#7821),.PCURVE_S1.);
#7812 = B_SPLINE_CURVE_WITH_KNOTS('',1,(#7813,#7814),.UNSPECIFIED.,.F.,
  .F.,(2,2),(0.,0.6494140625),.PIECEWISE_BEZIER_KNOTS.);
#7813 = CARTESIAN_POINT('',(-55.40379263629,-5.748851192006,
    6.211670021875));
#7814 = CARTESIAN_POINT('',(-55.52917643496,-4.456089264456,
    6.211670021875));
#7815 = PCURVE('',#3137,#7816);
#7816 = DEFINITIONAL_REPRESENTATION('',(#7817),#7820);
#7817 = B_SPLINE_CURVE_WITH_KNOTS('',1,(#7818,#7819),.UNSPECIFIED.,.F.,
  .F.,(2,2),(0.,0.6494140625),.PIECEWISE_BEZIER_KNOTS.);
#7818 = CARTESIAN_POINT('',(0.,0.));
#7819 = CARTESIAN_POINT('',(0.6494140625,7.105427357601E-15));
#7820 = ( GEOMETRIC_REPRESENTATION_CONTEXT(2) 
PARAMETRIC_REPRESENTATION_CONTEXT() REPRESENTATION_CONTEXT('2D SPACE',''
  ) );
#7821 = PCURVE('',#7542,#7822);
#7822 = DEFINITIONAL_REPRESENTATION('',(#7823),#7826);
#7823 = B_SPLINE_CURVE_WITH_KNOTS('',1,(#7824,#7825),.UNSPECIFIED.,.F.,
  .F.,(2,2),(0.,0.6494140625),.PIECEWISE_BEZIER_KNOTS.);
#7824 = CARTESIAN_POINT('',(1.20361328125,3.43994140625));
#7825 = CARTESIAN_POINT('',(1.85302734375,3.43994140625));
#7826 = ( GEOMETRIC_REPRESENTATION_CONTEXT(2) 
PARAMETRIC_REPRESENTATION_CONTEXT() REPRESENTATION_CONTEXT('2D SPACE',''
  ) );
#7827 = ORIENTED_EDGE('',*,*,#7787,.T.);
#7828 = ORIENTED_EDGE('',*,*,#3117,.F.);
#7829 = ORIENTED_EDGE('',*,*,#7830,.F.);
#7830 = EDGE_CURVE('',#7809,#3084,#7831,.T.);
#7831 = SURFACE_CURVE('',#7832,(#7835,#7841),.PCURVE_S1.);
#7832 = B_SPLINE_CURVE_WITH_KNOTS('',1,(#7833,#7834),.UNSPECIFIED.,.F.,
  .F.,(2,2),(0.,0.6),.PIECEWISE_BEZIER_KNOTS.);
#7833 = CARTESIAN_POINT('',(-55.52917643496,-4.456089264456,
    6.211670021875));
#7834 = CARTESIAN_POINT('',(-56.1263741254,-4.51401092303,6.211670021875
    ));
#7835 = PCURVE('',#3137,#7836);
#7836 = DEFINITIONAL_REPRESENTATION('',(#7837),#7840);
#7837 = B_SPLINE_CURVE_WITH_KNOTS('',1,(#7838,#7839),.UNSPECIFIED.,.F.,
  .F.,(2,2),(0.,0.6),.PIECEWISE_BEZIER_KNOTS.);
#7838 = CARTESIAN_POINT('',(0.6494140625,7.105427357601E-15));
#7839 = CARTESIAN_POINT('',(0.6494140625,-0.6));
#7840 = ( GEOMETRIC_REPRESENTATION_CONTEXT(2) 
PARAMETRIC_REPRESENTATION_CONTEXT() REPRESENTATION_CONTEXT('2D SPACE',''
  ) );
#7841 = PCURVE('',#3103,#7842);
#7842 = DEFINITIONAL_REPRESENTATION('',(#7843),#7846);
#7843 = B_SPLINE_CURVE_WITH_KNOTS('',1,(#7844,#7845),.UNSPECIFIED.,.F.,
  .F.,(2,2),(0.,0.6),.PIECEWISE_BEZIER_KNOTS.);
#7844 = CARTESIAN_POINT('',(0.,0.));
#7845 = CARTESIAN_POINT('',(0.,-0.6));
#7846 = ( GEOMETRIC_REPRESENTATION_CONTEXT(2) 
PARAMETRIC_REPRESENTATION_CONTEXT() REPRESENTATION_CONTEXT('2D SPACE',''
  ) );
#7847 = ADVANCED_FACE('',(#7848),#3103,.F.);
#7848 = FACE_BOUND('',#7849,.F.);
#7849 = EDGE_LOOP('',(#7850,#7870,#7871,#7872));
#7850 = ORIENTED_EDGE('',*,*,#7851,.F.);
#7851 = EDGE_CURVE('',#7809,#7852,#7854,.T.);
#7852 = VERTEX_POINT('',#7853);
#7853 = CARTESIAN_POINT('',(-55.52917643496,-4.456089264456,
    9.141357521875));
#7854 = SURFACE_CURVE('',#7855,(#7858,#7864),.PCURVE_S1.);
#7855 = B_SPLINE_CURVE_WITH_KNOTS('',1,(#7856,#7857),.UNSPECIFIED.,.F.,
  .F.,(2,2),(0.,2.9296875),.PIECEWISE_BEZIER_KNOTS.);
#7856 = CARTESIAN_POINT('',(-55.52917643496,-4.456089264456,
    6.211670021875));
#7857 = CARTESIAN_POINT('',(-55.52917643496,-4.456089264456,
    9.141357521875));
#7858 = PCURVE('',#3103,#7859);
#7859 = DEFINITIONAL_REPRESENTATION('',(#7860),#7863);
#7860 = B_SPLINE_CURVE_WITH_KNOTS('',1,(#7861,#7862),.UNSPECIFIED.,.F.,
  .F.,(2,2),(0.,2.9296875),.PIECEWISE_BEZIER_KNOTS.);
#7861 = CARTESIAN_POINT('',(0.,0.));
#7862 = CARTESIAN_POINT('',(2.9296875,0.));
#7863 = ( GEOMETRIC_REPRESENTATION_CONTEXT(2) 
PARAMETRIC_REPRESENTATION_CONTEXT() REPRESENTATION_CONTEXT('2D SPACE',''
  ) );
#7864 = PCURVE('',#7542,#7865);
#7865 = DEFINITIONAL_REPRESENTATION('',(#7866),#7869);
#7866 = B_SPLINE_CURVE_WITH_KNOTS('',1,(#7867,#7868),.UNSPECIFIED.,.F.,
  .F.,(2,2),(0.,2.9296875),.PIECEWISE_BEZIER_KNOTS.);
#7867 = CARTESIAN_POINT('',(1.85302734375,3.43994140625));
#7868 = CARTESIAN_POINT('',(1.85302734375,0.51025390625));
#7869 = ( GEOMETRIC_REPRESENTATION_CONTEXT(2) 
PARAMETRIC_REPRESENTATION_CONTEXT() REPRESENTATION_CONTEXT('2D SPACE',''
  ) );
#7870 = ORIENTED_EDGE('',*,*,#7830,.T.);
#7871 = ORIENTED_EDGE('',*,*,#3083,.F.);
#7872 = ORIENTED_EDGE('',*,*,#7873,.F.);
#7873 = EDGE_CURVE('',#7852,#3050,#7874,.T.);
#7874 = SURFACE_CURVE('',#7875,(#7878,#7884),.PCURVE_S1.);
#7875 = B_SPLINE_CURVE_WITH_KNOTS('',1,(#7876,#7877),.UNSPECIFIED.,.F.,
  .F.,(2,2),(0.,0.6),.PIECEWISE_BEZIER_KNOTS.);
#7876 = CARTESIAN_POINT('',(-55.52917643496,-4.456089264456,
    9.141357521875));
#7877 = CARTESIAN_POINT('',(-56.1263741254,-4.51401092303,9.141357521875
    ));
#7878 = PCURVE('',#3103,#7879);
#7879 = DEFINITIONAL_REPRESENTATION('',(#7880),#7883);
#7880 = B_SPLINE_CURVE_WITH_KNOTS('',1,(#7881,#7882),.UNSPECIFIED.,.F.,
  .F.,(2,2),(0.,0.6),.PIECEWISE_BEZIER_KNOTS.);
#7881 = CARTESIAN_POINT('',(2.9296875,0.));
#7882 = CARTESIAN_POINT('',(2.9296875,-0.6));
#7883 = ( GEOMETRIC_REPRESENTATION_CONTEXT(2) 
PARAMETRIC_REPRESENTATION_CONTEXT() REPRESENTATION_CONTEXT('2D SPACE',''
  ) );
#7884 = PCURVE('',#3069,#7885);
#7885 = DEFINITIONAL_REPRESENTATION('',(#7886),#7889);
#7886 = B_SPLINE_CURVE_WITH_KNOTS('',1,(#7887,#7888),.UNSPECIFIED.,.F.,
  .F.,(2,2),(0.,0.6),.PIECEWISE_BEZIER_KNOTS.);
#7887 = CARTESIAN_POINT('',(0.,0.));
#7888 = CARTESIAN_POINT('',(1.7763568394E-15,-0.6));
#7889 = ( GEOMETRIC_REPRESENTATION_CONTEXT(2) 
PARAMETRIC_REPRESENTATION_CONTEXT() REPRESENTATION_CONTEXT('2D SPACE',''
  ) );
#7890 = ADVANCED_FACE('',(#7891),#3069,.F.);
#7891 = FACE_BOUND('',#7892,.F.);
#7892 = EDGE_LOOP('',(#7893,#7913,#7914,#7915));
#7893 = ORIENTED_EDGE('',*,*,#7894,.F.);
#7894 = EDGE_CURVE('',#7852,#7895,#7897,.T.);
#7895 = VERTEX_POINT('',#7896);
#7896 = CARTESIAN_POINT('',(-55.68142819049,-2.88630692386,
    9.141357521875));
#7897 = SURFACE_CURVE('',#7898,(#7901,#7907),.PCURVE_S1.);
#7898 = B_SPLINE_CURVE_WITH_KNOTS('',1,(#7899,#7900),.UNSPECIFIED.,.F.,
  .F.,(2,2),(0.,0.78857421875),.PIECEWISE_BEZIER_KNOTS.);
#7899 = CARTESIAN_POINT('',(-55.52917643496,-4.456089264456,
    9.141357521875));
#7900 = CARTESIAN_POINT('',(-55.68142819049,-2.88630692386,
    9.141357521875));
#7901 = PCURVE('',#3069,#7902);
#7902 = DEFINITIONAL_REPRESENTATION('',(#7903),#7906);
#7903 = B_SPLINE_CURVE_WITH_KNOTS('',1,(#7904,#7905),.UNSPECIFIED.,.F.,
  .F.,(2,2),(0.,0.78857421875),.PIECEWISE_BEZIER_KNOTS.);
#7904 = CARTESIAN_POINT('',(0.,0.));
#7905 = CARTESIAN_POINT('',(0.78857421875,0.));
#7906 = ( GEOMETRIC_REPRESENTATION_CONTEXT(2) 
PARAMETRIC_REPRESENTATION_CONTEXT() REPRESENTATION_CONTEXT('2D SPACE',''
  ) );
#7907 = PCURVE('',#7542,#7908);
#7908 = DEFINITIONAL_REPRESENTATION('',(#7909),#7912);
#7909 = B_SPLINE_CURVE_WITH_KNOTS('',1,(#7910,#7911),.UNSPECIFIED.,.F.,
  .F.,(2,2),(0.,0.78857421875),.PIECEWISE_BEZIER_KNOTS.);
#7910 = CARTESIAN_POINT('',(1.85302734375,0.51025390625));
#7911 = CARTESIAN_POINT('',(2.6416015625,0.51025390625));
#7912 = ( GEOMETRIC_REPRESENTATION_CONTEXT(2) 
PARAMETRIC_REPRESENTATION_CONTEXT() REPRESENTATION_CONTEXT('2D SPACE',''
  ) );
#7913 = ORIENTED_EDGE('',*,*,#7873,.T.);
#7914 = ORIENTED_EDGE('',*,*,#3049,.F.);
#7915 = ORIENTED_EDGE('',*,*,#7916,.F.);
#7916 = EDGE_CURVE('',#7895,#3016,#7917,.T.);
#7917 = SURFACE_CURVE('',#7918,(#7921,#7927),.PCURVE_S1.);
#7918 = B_SPLINE_CURVE_WITH_KNOTS('',1,(#7919,#7920),.UNSPECIFIED.,.F.,
  .F.,(2,2),(0.,0.6),.PIECEWISE_BEZIER_KNOTS.);
#7919 = CARTESIAN_POINT('',(-55.68142819049,-2.88630692386,
    9.141357521875));
#7920 = CARTESIAN_POINT('',(-56.27862588093,-2.944228582434,
    9.141357521875));
#7921 = PCURVE('',#3069,#7922);
#7922 = DEFINITIONAL_REPRESENTATION('',(#7923),#7926);
#7923 = B_SPLINE_CURVE_WITH_KNOTS('',1,(#7924,#7925),.UNSPECIFIED.,.F.,
  .F.,(2,2),(0.,0.6),.PIECEWISE_BEZIER_KNOTS.);
#7924 = CARTESIAN_POINT('',(0.78857421875,0.));
#7925 = CARTESIAN_POINT('',(0.78857421875,-0.6));
#7926 = ( GEOMETRIC_REPRESENTATION_CONTEXT(2) 
PARAMETRIC_REPRESENTATION_CONTEXT() REPRESENTATION_CONTEXT('2D SPACE',''
  ) );
#7927 = PCURVE('',#3035,#7928);
#7928 = DEFINITIONAL_REPRESENTATION('',(#7929),#7932);
#7929 = B_SPLINE_CURVE_WITH_KNOTS('',1,(#7930,#7931),.UNSPECIFIED.,.F.,
  .F.,(2,2),(0.,0.6),.PIECEWISE_BEZIER_KNOTS.);
#7930 = CARTESIAN_POINT('',(0.,0.));
#7931 = CARTESIAN_POINT('',(0.,-0.6));
#7932 = ( GEOMETRIC_REPRESENTATION_CONTEXT(2) 
PARAMETRIC_REPRESENTATION_CONTEXT() REPRESENTATION_CONTEXT('2D SPACE',''
  ) );
#7933 = ADVANCED_FACE('',(#7934),#3035,.F.);
#7934 = FACE_BOUND('',#7935,.F.);
#7935 = EDGE_LOOP('',(#7936,#7956,#7957,#7958));
#7936 = ORIENTED_EDGE('',*,*,#7937,.F.);
#7937 = EDGE_CURVE('',#7895,#7938,#7940,.T.);
#7938 = VERTEX_POINT('',#7939);
#7939 = CARTESIAN_POINT('',(-55.68142819049,-2.88630692386,
    9.651611428125));
#7940 = SURFACE_CURVE('',#7941,(#7944,#7950),.PCURVE_S1.);
#7941 = B_SPLINE_CURVE_WITH_KNOTS('',1,(#7942,#7943),.UNSPECIFIED.,.F.,
  .F.,(2,2),(0.,0.51025390625),.PIECEWISE_BEZIER_KNOTS.);
#7942 = CARTESIAN_POINT('',(-55.68142819049,-2.88630692386,
    9.141357521875));
#7943 = CARTESIAN_POINT('',(-55.68142819049,-2.88630692386,
    9.651611428125));
#7944 = PCURVE('',#3035,#7945);
#7945 = DEFINITIONAL_REPRESENTATION('',(#7946),#7949);
#7946 = B_SPLINE_CURVE_WITH_KNOTS('',1,(#7947,#7948),.UNSPECIFIED.,.F.,
  .F.,(2,2),(0.,0.51025390625),.PIECEWISE_BEZIER_KNOTS.);
#7947 = CARTESIAN_POINT('',(0.,0.));
#7948 = CARTESIAN_POINT('',(0.51025390625,0.));
#7949 = ( GEOMETRIC_REPRESENTATION_CONTEXT(2) 
PARAMETRIC_REPRESENTATION_CONTEXT() REPRESENTATION_CONTEXT('2D SPACE',''
  ) );
#7950 = PCURVE('',#7542,#7951);
#7951 = DEFINITIONAL_REPRESENTATION('',(#7952),#7955);
#7952 = B_SPLINE_CURVE_WITH_KNOTS('',1,(#7953,#7954),.UNSPECIFIED.,.F.,
  .F.,(2,2),(0.,0.51025390625),.PIECEWISE_BEZIER_KNOTS.);
#7953 = CARTESIAN_POINT('',(2.6416015625,0.51025390625));
#7954 = CARTESIAN_POINT('',(2.6416015625,0.));
#7955 = ( GEOMETRIC_REPRESENTATION_CONTEXT(2) 
PARAMETRIC_REPRESENTATION_CONTEXT() REPRESENTATION_CONTEXT('2D SPACE',''
  ) );
#7956 = ORIENTED_EDGE('',*,*,#7916,.T.);
#7957 = ORIENTED_EDGE('',*,*,#3015,.F.);
#7958 = ORIENTED_EDGE('',*,*,#7959,.F.);
#7959 = EDGE_CURVE('',#7938,#2955,#7960,.T.);
#7960 = SURFACE_CURVE('',#7961,(#7964,#7970),.PCURVE_S1.);
#7961 = B_SPLINE_CURVE_WITH_KNOTS('',1,(#7962,#7963),.UNSPECIFIED.,.F.,
  .F.,(2,2),(0.,0.6),.PIECEWISE_BEZIER_KNOTS.);
#7962 = CARTESIAN_POINT('',(-55.68142819049,-2.88630692386,
    9.651611428125));
#7963 = CARTESIAN_POINT('',(-56.27862588093,-2.944228582434,
    9.651611428125));
#7964 = PCURVE('',#3035,#7965);
#7965 = DEFINITIONAL_REPRESENTATION('',(#7966),#7969);
#7966 = B_SPLINE_CURVE_WITH_KNOTS('',1,(#7967,#7968),.UNSPECIFIED.,.F.,
  .F.,(2,2),(0.,0.6),.PIECEWISE_BEZIER_KNOTS.);
#7967 = CARTESIAN_POINT('',(0.51025390625,0.));
#7968 = CARTESIAN_POINT('',(0.51025390625,-0.6));
#7969 = ( GEOMETRIC_REPRESENTATION_CONTEXT(2) 
PARAMETRIC_REPRESENTATION_CONTEXT() REPRESENTATION_CONTEXT('2D SPACE',''
  ) );
#7970 = PCURVE('',#2992,#7971);
#7971 = DEFINITIONAL_REPRESENTATION('',(#7972),#7975);
#7972 = B_SPLINE_CURVE_WITH_KNOTS('',1,(#7973,#7974),.UNSPECIFIED.,.F.,
  .F.,(2,2),(0.,0.6),.PIECEWISE_BEZIER_KNOTS.);
#7973 = CARTESIAN_POINT('',(0.,0.));
#7974 = CARTESIAN_POINT('',(8.881784197001E-16,-0.6));
#7975 = ( GEOMETRIC_REPRESENTATION_CONTEXT(2) 
PARAMETRIC_REPRESENTATION_CONTEXT() REPRESENTATION_CONTEXT('2D SPACE',''
  ) );
#7976 = ADVANCED_FACE('',(#7977),#2992,.F.);
#7977 = FACE_BOUND('',#7978,.F.);
#7978 = EDGE_LOOP('',(#7979,#7997,#7998,#7999));
#7979 = ORIENTED_EDGE('',*,*,#7980,.F.);
#7980 = EDGE_CURVE('',#7938,#7527,#7981,.T.);
#7981 = SURFACE_CURVE('',#7982,(#7985,#7991),.PCURVE_S1.);
#7982 = B_SPLINE_CURVE_WITH_KNOTS('',1,(#7983,#7984),.UNSPECIFIED.,.F.,
  .F.,(2,2),(0.,2.32666015625),.PIECEWISE_BEZIER_KNOTS.);
#7983 = CARTESIAN_POINT('',(-55.68142819049,-2.88630692386,
    9.651611428125));
#7984 = CARTESIAN_POINT('',(-55.23221480653,-7.517893829705,
    9.651611428125));
#7985 = PCURVE('',#2992,#7986);
#7986 = DEFINITIONAL_REPRESENTATION('',(#7987),#7990);
#7987 = B_SPLINE_CURVE_WITH_KNOTS('',1,(#7988,#7989),.UNSPECIFIED.,.F.,
  .F.,(2,2),(0.,2.32666015625),.PIECEWISE_BEZIER_KNOTS.);
#7988 = CARTESIAN_POINT('',(8.881784197001E-16,0.));
#7989 = CARTESIAN_POINT('',(2.32666015625,-7.105427357601E-15));
#7990 = ( GEOMETRIC_REPRESENTATION_CONTEXT(2) 
PARAMETRIC_REPRESENTATION_CONTEXT() REPRESENTATION_CONTEXT('2D SPACE',''
  ) );
#7991 = PCURVE('',#7542,#7992);
#7992 = DEFINITIONAL_REPRESENTATION('',(#7993),#7996);
#7993 = B_SPLINE_CURVE_WITH_KNOTS('',1,(#7994,#7995),.UNSPECIFIED.,.F.,
  .F.,(2,2),(0.,2.32666015625),.PIECEWISE_BEZIER_KNOTS.);
#7994 = CARTESIAN_POINT('',(2.6416015625,0.));
#7995 = CARTESIAN_POINT('',(0.31494140625,0.));
#7996 = ( GEOMETRIC_REPRESENTATION_CONTEXT(2) 
PARAMETRIC_REPRESENTATION_CONTEXT() REPRESENTATION_CONTEXT('2D SPACE',''
  ) );
#7997 = ORIENTED_EDGE('',*,*,#7959,.T.);
#7998 = ORIENTED_EDGE('',*,*,#2954,.F.);
#7999 = ORIENTED_EDGE('',*,*,#7553,.F.);
#8000 = ADVANCED_FACE('',(#8001),#3343,.F.);
#8001 = FACE_BOUND('',#8002,.F.);
#8002 = EDGE_LOOP('',(#8003,#8030,#8048,#8049));
#8003 = ORIENTED_EDGE('',*,*,#8004,.F.);
#8004 = EDGE_CURVE('',#8005,#8007,#8009,.T.);
#8005 = VERTEX_POINT('',#8006);
#8006 = CARTESIAN_POINT('',(-55.7,-2.15087890625,9.651611428125));
#8007 = VERTEX_POINT('',#8008);
#8008 = CARTESIAN_POINT('',(-55.7,-2.15087890625,9.141357521875));
#8009 = SURFACE_CURVE('',#8010,(#8013,#8019),.PCURVE_S1.);
#8010 = B_SPLINE_CURVE_WITH_KNOTS('',1,(#8011,#8012),.UNSPECIFIED.,.F.,
  .F.,(2,2),(0.,0.51025390625),.PIECEWISE_BEZIER_KNOTS.);
#8011 = CARTESIAN_POINT('',(-55.7,-2.15087890625,9.651611428125));
#8012 = CARTESIAN_POINT('',(-55.7,-2.15087890625,9.141357521875));
#8013 = PCURVE('',#3343,#8014);
#8014 = DEFINITIONAL_REPRESENTATION('',(#8015),#8018);
#8015 = B_SPLINE_CURVE_WITH_KNOTS('',1,(#8016,#8017),.UNSPECIFIED.,.F.,
  .F.,(2,2),(0.,0.51025390625),.PIECEWISE_BEZIER_KNOTS.);
#8016 = CARTESIAN_POINT('',(0.,0.));
#8017 = CARTESIAN_POINT('',(0.51025390625,0.));
#8018 = ( GEOMETRIC_REPRESENTATION_CONTEXT(2) 
PARAMETRIC_REPRESENTATION_CONTEXT() REPRESENTATION_CONTEXT('2D SPACE',''
  ) );
#8019 = PCURVE('',#8020,#8025);
#8020 = B_SPLINE_SURFACE_WITH_KNOTS('',1,1,(
    (#8021,#8022)
    ,(#8023,#8024
    )),.UNSPECIFIED.,.F.,.F.,.F.,(2,2),(2,2),(0.31494140625,2.6416015625
    ),(0.,3.43994140625),.PIECEWISE_BEZIER_KNOTS.);
#8021 = CARTESIAN_POINT('',(-55.7,-2.15087890625,9.651611428125));
#8022 = CARTESIAN_POINT('',(-55.7,-2.15087890625,6.211670021875));
#8023 = CARTESIAN_POINT('',(-55.7,2.50244140625,9.651611428125));
#8024 = CARTESIAN_POINT('',(-55.7,2.50244140625,6.211670021875));
#8025 = DEFINITIONAL_REPRESENTATION('',(#8026),#8029);
#8026 = B_SPLINE_CURVE_WITH_KNOTS('',1,(#8027,#8028),.UNSPECIFIED.,.F.,
  .F.,(2,2),(0.,0.51025390625),.PIECEWISE_BEZIER_KNOTS.);
#8027 = CARTESIAN_POINT('',(0.31494140625,0.));
#8028 = CARTESIAN_POINT('',(0.31494140625,0.51025390625));
#8029 = ( GEOMETRIC_REPRESENTATION_CONTEXT(2) 
PARAMETRIC_REPRESENTATION_CONTEXT() REPRESENTATION_CONTEXT('2D SPACE',''
  ) );
#8030 = ORIENTED_EDGE('',*,*,#8031,.T.);
#8031 = EDGE_CURVE('',#8005,#3324,#8032,.T.);
#8032 = SURFACE_CURVE('',#8033,(#8036,#8042),.PCURVE_S1.);
#8033 = B_SPLINE_CURVE_WITH_KNOTS('',1,(#8034,#8035),.UNSPECIFIED.,.F.,
  .F.,(2,2),(0.,0.6),.PIECEWISE_BEZIER_KNOTS.);
#8034 = CARTESIAN_POINT('',(-55.7,-2.15087890625,9.651611428125));
#8035 = CARTESIAN_POINT('',(-56.3,-2.15087890625,9.651611428125));
#8036 = PCURVE('',#3343,#8037);
#8037 = DEFINITIONAL_REPRESENTATION('',(#8038),#8041);
#8038 = B_SPLINE_CURVE_WITH_KNOTS('',1,(#8039,#8040),.UNSPECIFIED.,.F.,
  .F.,(2,2),(0.,0.6),.PIECEWISE_BEZIER_KNOTS.);
#8039 = CARTESIAN_POINT('',(0.,0.));
#8040 = CARTESIAN_POINT('',(0.,-0.6));
#8041 = ( GEOMETRIC_REPRESENTATION_CONTEXT(2) 
PARAMETRIC_REPRESENTATION_CONTEXT() REPRESENTATION_CONTEXT('2D SPACE',''
  ) );
#8042 = PCURVE('',#3395,#8043);
#8043 = DEFINITIONAL_REPRESENTATION('',(#8044),#8047);
#8044 = B_SPLINE_CURVE_WITH_KNOTS('',1,(#8045,#8046),.UNSPECIFIED.,.F.,
  .F.,(2,2),(0.,0.6),.PIECEWISE_BEZIER_KNOTS.);
#8045 = CARTESIAN_POINT('',(2.32666015625,0.));
#8046 = CARTESIAN_POINT('',(2.32666015625,-0.6));
#8047 = ( GEOMETRIC_REPRESENTATION_CONTEXT(2) 
PARAMETRIC_REPRESENTATION_CONTEXT() REPRESENTATION_CONTEXT('2D SPACE',''
  ) );
#8048 = ORIENTED_EDGE('',*,*,#3321,.F.);
#8049 = ORIENTED_EDGE('',*,*,#8050,.F.);
#8050 = EDGE_CURVE('',#8007,#3322,#8051,.T.);
#8051 = SURFACE_CURVE('',#8052,(#8055,#8061),.PCURVE_S1.);
#8052 = B_SPLINE_CURVE_WITH_KNOTS('',1,(#8053,#8054),.UNSPECIFIED.,.F.,
  .F.,(2,2),(0.,0.6),.PIECEWISE_BEZIER_KNOTS.);
#8053 = CARTESIAN_POINT('',(-55.7,-2.15087890625,9.141357521875));
#8054 = CARTESIAN_POINT('',(-56.3,-2.15087890625,9.141357521875));
#8055 = PCURVE('',#3343,#8056);
#8056 = DEFINITIONAL_REPRESENTATION('',(#8057),#8060);
#8057 = B_SPLINE_CURVE_WITH_KNOTS('',1,(#8058,#8059),.UNSPECIFIED.,.F.,
  .F.,(2,2),(0.,0.6),.PIECEWISE_BEZIER_KNOTS.);
#8058 = CARTESIAN_POINT('',(0.51025390625,0.));
#8059 = CARTESIAN_POINT('',(0.51025390625,-0.6));
#8060 = ( GEOMETRIC_REPRESENTATION_CONTEXT(2) 
PARAMETRIC_REPRESENTATION_CONTEXT() REPRESENTATION_CONTEXT('2D SPACE',''
  ) );
#8061 = PCURVE('',#3708,#8062);
#8062 = DEFINITIONAL_REPRESENTATION('',(#8063),#8066);
#8063 = B_SPLINE_CURVE_WITH_KNOTS('',1,(#8064,#8065),.UNSPECIFIED.,.F.,
  .F.,(2,2),(0.,0.6),.PIECEWISE_BEZIER_KNOTS.);
#8064 = CARTESIAN_POINT('',(0.,0.));
#8065 = CARTESIAN_POINT('',(2.22044604925E-16,-0.6));
#8066 = ( GEOMETRIC_REPRESENTATION_CONTEXT(2) 
PARAMETRIC_REPRESENTATION_CONTEXT() REPRESENTATION_CONTEXT('2D SPACE',''
  ) );
#8067 = ADVANCED_FACE('',(#8068),#3708,.F.);
#8068 = FACE_BOUND('',#8069,.F.);
#8069 = EDGE_LOOP('',(#8070,#8090,#8091,#8092));
#8070 = ORIENTED_EDGE('',*,*,#8071,.F.);
#8071 = EDGE_CURVE('',#8007,#8072,#8074,.T.);
#8072 = VERTEX_POINT('',#8073);
#8073 = CARTESIAN_POINT('',(-55.7,-0.44677734375,9.141357521875));
#8074 = SURFACE_CURVE('',#8075,(#8078,#8084),.PCURVE_S1.);
#8075 = B_SPLINE_CURVE_WITH_KNOTS('',1,(#8076,#8077),.UNSPECIFIED.,.F.,
  .F.,(2,2),(0.,0.85205078125),.PIECEWISE_BEZIER_KNOTS.);
#8076 = CARTESIAN_POINT('',(-55.7,-2.15087890625,9.141357521875));
#8077 = CARTESIAN_POINT('',(-55.7,-0.44677734375,9.141357521875));
#8078 = PCURVE('',#3708,#8079);
#8079 = DEFINITIONAL_REPRESENTATION('',(#8080),#8083);
#8080 = B_SPLINE_CURVE_WITH_KNOTS('',1,(#8081,#8082),.UNSPECIFIED.,.F.,
  .F.,(2,2),(0.,0.85205078125),.PIECEWISE_BEZIER_KNOTS.);
#8081 = CARTESIAN_POINT('',(0.,0.));
#8082 = CARTESIAN_POINT('',(0.85205078125,0.));
#8083 = ( GEOMETRIC_REPRESENTATION_CONTEXT(2) 
PARAMETRIC_REPRESENTATION_CONTEXT() REPRESENTATION_CONTEXT('2D SPACE',''
  ) );
#8084 = PCURVE('',#8020,#8085);
#8085 = DEFINITIONAL_REPRESENTATION('',(#8086),#8089);
#8086 = B_SPLINE_CURVE_WITH_KNOTS('',1,(#8087,#8088),.UNSPECIFIED.,.F.,
  .F.,(2,2),(0.,0.85205078125),.PIECEWISE_BEZIER_KNOTS.);
#8087 = CARTESIAN_POINT('',(0.31494140625,0.51025390625));
#8088 = CARTESIAN_POINT('',(1.1669921875,0.51025390625));
#8089 = ( GEOMETRIC_REPRESENTATION_CONTEXT(2) 
PARAMETRIC_REPRESENTATION_CONTEXT() REPRESENTATION_CONTEXT('2D SPACE',''
  ) );
#8090 = ORIENTED_EDGE('',*,*,#8050,.T.);
#8091 = ORIENTED_EDGE('',*,*,#3690,.F.);
#8092 = ORIENTED_EDGE('',*,*,#8093,.F.);
#8093 = EDGE_CURVE('',#8072,#3657,#8094,.T.);
#8094 = SURFACE_CURVE('',#8095,(#8098,#8104),.PCURVE_S1.);
#8095 = B_SPLINE_CURVE_WITH_KNOTS('',1,(#8096,#8097),.UNSPECIFIED.,.F.,
  .F.,(2,2),(0.,0.6),.PIECEWISE_BEZIER_KNOTS.);
#8096 = CARTESIAN_POINT('',(-55.7,-0.44677734375,9.141357521875));
#8097 = CARTESIAN_POINT('',(-56.3,-0.44677734375,9.141357521875));
#8098 = PCURVE('',#3708,#8099);
#8099 = DEFINITIONAL_REPRESENTATION('',(#8100),#8103);
#8100 = B_SPLINE_CURVE_WITH_KNOTS('',1,(#8101,#8102),.UNSPECIFIED.,.F.,
  .F.,(2,2),(0.,0.6),.PIECEWISE_BEZIER_KNOTS.);
#8101 = CARTESIAN_POINT('',(0.85205078125,0.));
#8102 = CARTESIAN_POINT('',(0.85205078125,-0.6));
#8103 = ( GEOMETRIC_REPRESENTATION_CONTEXT(2) 
PARAMETRIC_REPRESENTATION_CONTEXT() REPRESENTATION_CONTEXT('2D SPACE',''
  ) );
#8104 = PCURVE('',#3676,#8105);
#8105 = DEFINITIONAL_REPRESENTATION('',(#8106),#8109);
#8106 = B_SPLINE_CURVE_WITH_KNOTS('',1,(#8107,#8108),.UNSPECIFIED.,.F.,
  .F.,(2,2),(0.,0.6),.PIECEWISE_BEZIER_KNOTS.);
#8107 = CARTESIAN_POINT('',(0.,0.));
#8108 = CARTESIAN_POINT('',(0.,-0.6));
#8109 = ( GEOMETRIC_REPRESENTATION_CONTEXT(2) 
PARAMETRIC_REPRESENTATION_CONTEXT() REPRESENTATION_CONTEXT('2D SPACE',''
  ) );
#8110 = ADVANCED_FACE('',(#8111),#3676,.F.);
#8111 = FACE_BOUND('',#8112,.F.);
#8112 = EDGE_LOOP('',(#8113,#8133,#8134,#8135));
#8113 = ORIENTED_EDGE('',*,*,#8114,.F.);
#8114 = EDGE_CURVE('',#8072,#8115,#8117,.T.);
#8115 = VERTEX_POINT('',#8116);
#8116 = CARTESIAN_POINT('',(-55.7,-0.44677734375,6.795166115625));
#8117 = SURFACE_CURVE('',#8118,(#8121,#8127),.PCURVE_S1.);
#8118 = B_SPLINE_CURVE_WITH_KNOTS('',1,(#8119,#8120),.UNSPECIFIED.,.F.,
  .F.,(2,2),(0.,2.34619140625),.PIECEWISE_BEZIER_KNOTS.);
#8119 = CARTESIAN_POINT('',(-55.7,-0.44677734375,9.141357521875));
#8120 = CARTESIAN_POINT('',(-55.7,-0.44677734375,6.795166115625));
#8121 = PCURVE('',#3676,#8122);
#8122 = DEFINITIONAL_REPRESENTATION('',(#8123),#8126);
#8123 = B_SPLINE_CURVE_WITH_KNOTS('',1,(#8124,#8125),.UNSPECIFIED.,.F.,
  .F.,(2,2),(0.,2.34619140625),.PIECEWISE_BEZIER_KNOTS.);
#8124 = CARTESIAN_POINT('',(0.,0.));
#8125 = CARTESIAN_POINT('',(2.34619140625,0.));
#8126 = ( GEOMETRIC_REPRESENTATION_CONTEXT(2) 
PARAMETRIC_REPRESENTATION_CONTEXT() REPRESENTATION_CONTEXT('2D SPACE',''
  ) );
#8127 = PCURVE('',#8020,#8128);
#8128 = DEFINITIONAL_REPRESENTATION('',(#8129),#8132);
#8129 = B_SPLINE_CURVE_WITH_KNOTS('',1,(#8130,#8131),.UNSPECIFIED.,.F.,
  .F.,(2,2),(0.,2.34619140625),.PIECEWISE_BEZIER_KNOTS.);
#8130 = CARTESIAN_POINT('',(1.1669921875,0.51025390625));
#8131 = CARTESIAN_POINT('',(1.1669921875,2.8564453125));
#8132 = ( GEOMETRIC_REPRESENTATION_CONTEXT(2) 
PARAMETRIC_REPRESENTATION_CONTEXT() REPRESENTATION_CONTEXT('2D SPACE',''
  ) );
#8133 = ORIENTED_EDGE('',*,*,#8093,.T.);
#8134 = ORIENTED_EDGE('',*,*,#3656,.F.);
#8135 = ORIENTED_EDGE('',*,*,#8136,.F.);
#8136 = EDGE_CURVE('',#8115,#3623,#8137,.T.);
#8137 = SURFACE_CURVE('',#8138,(#8141,#8147),.PCURVE_S1.);
#8138 = B_SPLINE_CURVE_WITH_KNOTS('',1,(#8139,#8140),.UNSPECIFIED.,.F.,
  .F.,(2,2),(0.,0.6),.PIECEWISE_BEZIER_KNOTS.);
#8139 = CARTESIAN_POINT('',(-55.7,-0.44677734375,6.795166115625));
#8140 = CARTESIAN_POINT('',(-56.3,-0.44677734375,6.795166115625));
#8141 = PCURVE('',#3676,#8142);
#8142 = DEFINITIONAL_REPRESENTATION('',(#8143),#8146);
#8143 = B_SPLINE_CURVE_WITH_KNOTS('',1,(#8144,#8145),.UNSPECIFIED.,.F.,
  .F.,(2,2),(0.,0.6),.PIECEWISE_BEZIER_KNOTS.);
#8144 = CARTESIAN_POINT('',(2.34619140625,0.));
#8145 = CARTESIAN_POINT('',(2.34619140625,-0.6));
#8146 = ( GEOMETRIC_REPRESENTATION_CONTEXT(2) 
PARAMETRIC_REPRESENTATION_CONTEXT() REPRESENTATION_CONTEXT('2D SPACE',''
  ) );
#8147 = PCURVE('',#3642,#8148);
#8148 = DEFINITIONAL_REPRESENTATION('',(#8149),#8152);
#8149 = B_SPLINE_CURVE_WITH_KNOTS('',1,(#8150,#8151),.UNSPECIFIED.,.F.,
  .F.,(2,2),(0.,0.6),.PIECEWISE_BEZIER_KNOTS.);
#8150 = CARTESIAN_POINT('',(0.,0.));
#8151 = CARTESIAN_POINT('',(0.,-0.6));
#8152 = ( GEOMETRIC_REPRESENTATION_CONTEXT(2) 
PARAMETRIC_REPRESENTATION_CONTEXT() REPRESENTATION_CONTEXT('2D SPACE',''
  ) );
#8153 = ADVANCED_FACE('',(#8154),#3642,.F.);
#8154 = FACE_BOUND('',#8155,.F.);
#8155 = EDGE_LOOP('',(#8156,#8176,#8177,#8178));
#8156 = ORIENTED_EDGE('',*,*,#8157,.F.);
#8157 = EDGE_CURVE('',#8115,#8158,#8160,.T.);
#8158 = VERTEX_POINT('',#8159);
#8159 = CARTESIAN_POINT('',(-55.7,-2.09716796875,7.310302834375));
#8160 = SURFACE_CURVE('',#8161,(#8164,#8170),.PCURVE_S1.);
#8161 = B_SPLINE_CURVE_WITH_KNOTS('',1,(#8162,#8163),.UNSPECIFIED.,.F.,
  .F.,(2,2),(0.,0.972786278057),.PIECEWISE_BEZIER_KNOTS.);
#8162 = CARTESIAN_POINT('',(-55.7,-0.44677734375,6.795166115625));
#8163 = CARTESIAN_POINT('',(-55.7,-2.09716796875,7.310302834375));
#8164 = PCURVE('',#3642,#8165);
#8165 = DEFINITIONAL_REPRESENTATION('',(#8166),#8169);
#8166 = B_SPLINE_CURVE_WITH_KNOTS('',1,(#8167,#8168),.UNSPECIFIED.,.F.,
  .F.,(2,2),(0.,0.972786278057),.PIECEWISE_BEZIER_KNOTS.);
#8167 = CARTESIAN_POINT('',(0.,0.));
#8168 = CARTESIAN_POINT('',(0.972786278057,0.));
#8169 = ( GEOMETRIC_REPRESENTATION_CONTEXT(2) 
PARAMETRIC_REPRESENTATION_CONTEXT() REPRESENTATION_CONTEXT('2D SPACE',''
  ) );
#8170 = PCURVE('',#8020,#8171);
#8171 = DEFINITIONAL_REPRESENTATION('',(#8172),#8175);
#8172 = B_SPLINE_CURVE_WITH_KNOTS('',1,(#8173,#8174),.UNSPECIFIED.,.F.,
  .F.,(2,2),(0.,0.972786278057),.PIECEWISE_BEZIER_KNOTS.);
#8173 = CARTESIAN_POINT('',(1.1669921875,2.8564453125));
#8174 = CARTESIAN_POINT('',(0.341796875,2.34130859375));
#8175 = ( GEOMETRIC_REPRESENTATION_CONTEXT(2) 
PARAMETRIC_REPRESENTATION_CONTEXT() REPRESENTATION_CONTEXT('2D SPACE',''
  ) );
#8176 = ORIENTED_EDGE('',*,*,#8136,.T.);
#8177 = ORIENTED_EDGE('',*,*,#3622,.F.);
#8178 = ORIENTED_EDGE('',*,*,#8179,.F.);
#8179 = EDGE_CURVE('',#8158,#3589,#8180,.T.);
#8180 = SURFACE_CURVE('',#8181,(#8184,#8190),.PCURVE_S1.);
#8181 = B_SPLINE_CURVE_WITH_KNOTS('',1,(#8182,#8183),.UNSPECIFIED.,.F.,
  .F.,(2,2),(0.,0.6),.PIECEWISE_BEZIER_KNOTS.);
#8182 = CARTESIAN_POINT('',(-55.7,-2.09716796875,7.310302834375));
#8183 = CARTESIAN_POINT('',(-56.3,-2.09716796875,7.310302834375));
#8184 = PCURVE('',#3642,#8185);
#8185 = DEFINITIONAL_REPRESENTATION('',(#8186),#8189);
#8186 = B_SPLINE_CURVE_WITH_KNOTS('',1,(#8187,#8188),.UNSPECIFIED.,.F.,
  .F.,(2,2),(0.,0.6),.PIECEWISE_BEZIER_KNOTS.);
#8187 = CARTESIAN_POINT('',(0.972786278057,0.));
#8188 = CARTESIAN_POINT('',(0.972786278057,-0.6));
#8189 = ( GEOMETRIC_REPRESENTATION_CONTEXT(2) 
PARAMETRIC_REPRESENTATION_CONTEXT() REPRESENTATION_CONTEXT('2D SPACE',''
  ) );
#8190 = PCURVE('',#3608,#8191);
#8191 = DEFINITIONAL_REPRESENTATION('',(#8192),#8195);
#8192 = B_SPLINE_CURVE_WITH_KNOTS('',1,(#8193,#8194),.UNSPECIFIED.,.F.,
  .F.,(2,2),(0.,0.6),.PIECEWISE_BEZIER_KNOTS.);
#8193 = CARTESIAN_POINT('',(0.,0.));
#8194 = CARTESIAN_POINT('',(0.,-0.6));
#8195 = ( GEOMETRIC_REPRESENTATION_CONTEXT(2) 
PARAMETRIC_REPRESENTATION_CONTEXT() REPRESENTATION_CONTEXT('2D SPACE',''
  ) );
#8196 = ADVANCED_FACE('',(#8197),#3608,.F.);
#8197 = FACE_BOUND('',#8198,.F.);
#8198 = EDGE_LOOP('',(#8199,#8219,#8220,#8221));
#8199 = ORIENTED_EDGE('',*,*,#8200,.F.);
#8200 = EDGE_CURVE('',#8158,#8201,#8203,.T.);
#8201 = VERTEX_POINT('',#8202);
#8202 = CARTESIAN_POINT('',(-55.7,-2.09716796875,6.770752053125));
#8203 = SURFACE_CURVE('',#8204,(#8207,#8213),.PCURVE_S1.);
#8204 = B_SPLINE_CURVE_WITH_KNOTS('',1,(#8205,#8206),.UNSPECIFIED.,.F.,
  .F.,(2,2),(0.,0.53955078125),.PIECEWISE_BEZIER_KNOTS.);
#8205 = CARTESIAN_POINT('',(-55.7,-2.09716796875,7.310302834375));
#8206 = CARTESIAN_POINT('',(-55.7,-2.09716796875,6.770752053125));
#8207 = PCURVE('',#3608,#8208);
#8208 = DEFINITIONAL_REPRESENTATION('',(#8209),#8212);
#8209 = B_SPLINE_CURVE_WITH_KNOTS('',1,(#8210,#8211),.UNSPECIFIED.,.F.,
  .F.,(2,2),(0.,0.53955078125),.PIECEWISE_BEZIER_KNOTS.);
#8210 = CARTESIAN_POINT('',(0.,0.));
#8211 = CARTESIAN_POINT('',(0.53955078125,0.));
#8212 = ( GEOMETRIC_REPRESENTATION_CONTEXT(2) 
PARAMETRIC_REPRESENTATION_CONTEXT() REPRESENTATION_CONTEXT('2D SPACE',''
  ) );
#8213 = PCURVE('',#8020,#8214);
#8214 = DEFINITIONAL_REPRESENTATION('',(#8215),#8218);
#8215 = B_SPLINE_CURVE_WITH_KNOTS('',1,(#8216,#8217),.UNSPECIFIED.,.F.,
  .F.,(2,2),(0.,0.53955078125),.PIECEWISE_BEZIER_KNOTS.);
#8216 = CARTESIAN_POINT('',(0.341796875,2.34130859375));
#8217 = CARTESIAN_POINT('',(0.341796875,2.880859375));
#8218 = ( GEOMETRIC_REPRESENTATION_CONTEXT(2) 
PARAMETRIC_REPRESENTATION_CONTEXT() REPRESENTATION_CONTEXT('2D SPACE',''
  ) );
#8219 = ORIENTED_EDGE('',*,*,#8179,.T.);
#8220 = ORIENTED_EDGE('',*,*,#3588,.F.);
#8221 = ORIENTED_EDGE('',*,*,#8222,.F.);
#8222 = EDGE_CURVE('',#8201,#3555,#8223,.T.);
#8223 = SURFACE_CURVE('',#8224,(#8227,#8233),.PCURVE_S1.);
#8224 = B_SPLINE_CURVE_WITH_KNOTS('',1,(#8225,#8226),.UNSPECIFIED.,.F.,
  .F.,(2,2),(0.,0.6),.PIECEWISE_BEZIER_KNOTS.);
#8225 = CARTESIAN_POINT('',(-55.7,-2.09716796875,6.770752053125));
#8226 = CARTESIAN_POINT('',(-56.3,-2.09716796875,6.770752053125));
#8227 = PCURVE('',#3608,#8228);
#8228 = DEFINITIONAL_REPRESENTATION('',(#8229),#8232);
#8229 = B_SPLINE_CURVE_WITH_KNOTS('',1,(#8230,#8231),.UNSPECIFIED.,.F.,
  .F.,(2,2),(0.,0.6),.PIECEWISE_BEZIER_KNOTS.);
#8230 = CARTESIAN_POINT('',(0.53955078125,0.));
#8231 = CARTESIAN_POINT('',(0.53955078125,-0.6));
#8232 = ( GEOMETRIC_REPRESENTATION_CONTEXT(2) 
PARAMETRIC_REPRESENTATION_CONTEXT() REPRESENTATION_CONTEXT('2D SPACE',''
  ) );
#8233 = PCURVE('',#3574,#8234);
#8234 = DEFINITIONAL_REPRESENTATION('',(#8235),#8238);
#8235 = B_SPLINE_CURVE_WITH_KNOTS('',1,(#8236,#8237),.UNSPECIFIED.,.F.,
  .F.,(2,2),(0.,0.6),.PIECEWISE_BEZIER_KNOTS.);
#8236 = CARTESIAN_POINT('',(0.,0.));
#8237 = CARTESIAN_POINT('',(0.,-0.6));
#8238 = ( GEOMETRIC_REPRESENTATION_CONTEXT(2) 
PARAMETRIC_REPRESENTATION_CONTEXT() REPRESENTATION_CONTEXT('2D SPACE',''
  ) );
#8239 = ADVANCED_FACE('',(#8240),#3574,.F.);
#8240 = FACE_BOUND('',#8241,.F.);
#8241 = EDGE_LOOP('',(#8242,#8262,#8263,#8264));
#8242 = ORIENTED_EDGE('',*,*,#8243,.F.);
#8243 = EDGE_CURVE('',#8201,#8244,#8246,.T.);
#8244 = VERTEX_POINT('',#8245);
#8245 = CARTESIAN_POINT('',(-55.7,-0.37353515625,6.211670021875));
#8246 = SURFACE_CURVE('',#8247,(#8250,#8256),.PCURVE_S1.);
#8247 = B_SPLINE_CURVE_WITH_KNOTS('',1,(#8248,#8249),.UNSPECIFIED.,.F.,
  .F.,(2,2),(0.,1.027278071288),.PIECEWISE_BEZIER_KNOTS.);
#8248 = CARTESIAN_POINT('',(-55.7,-2.09716796875,6.770752053125));
#8249 = CARTESIAN_POINT('',(-55.7,-0.37353515625,6.211670021875));
#8250 = PCURVE('',#3574,#8251);
#8251 = DEFINITIONAL_REPRESENTATION('',(#8252),#8255);
#8252 = B_SPLINE_CURVE_WITH_KNOTS('',1,(#8253,#8254),.UNSPECIFIED.,.F.,
  .F.,(2,2),(0.,1.027278071288),.PIECEWISE_BEZIER_KNOTS.);
#8253 = CARTESIAN_POINT('',(0.,0.));
#8254 = CARTESIAN_POINT('',(1.027278071288,0.));
#8255 = ( GEOMETRIC_REPRESENTATION_CONTEXT(2) 
PARAMETRIC_REPRESENTATION_CONTEXT() REPRESENTATION_CONTEXT('2D SPACE',''
  ) );
#8256 = PCURVE('',#8020,#8257);
#8257 = DEFINITIONAL_REPRESENTATION('',(#8258),#8261);
#8258 = B_SPLINE_CURVE_WITH_KNOTS('',1,(#8259,#8260),.UNSPECIFIED.,.F.,
  .F.,(2,2),(0.,1.027278071288),.PIECEWISE_BEZIER_KNOTS.);
#8259 = CARTESIAN_POINT('',(0.341796875,2.880859375));
#8260 = CARTESIAN_POINT('',(1.20361328125,3.43994140625));
#8261 = ( GEOMETRIC_REPRESENTATION_CONTEXT(2) 
PARAMETRIC_REPRESENTATION_CONTEXT() REPRESENTATION_CONTEXT('2D SPACE',''
  ) );
#8262 = ORIENTED_EDGE('',*,*,#8222,.T.);
#8263 = ORIENTED_EDGE('',*,*,#3554,.F.);
#8264 = ORIENTED_EDGE('',*,*,#8265,.F.);
#8265 = EDGE_CURVE('',#8244,#3521,#8266,.T.);
#8266 = SURFACE_CURVE('',#8267,(#8270,#8276),.PCURVE_S1.);
#8267 = B_SPLINE_CURVE_WITH_KNOTS('',1,(#8268,#8269),.UNSPECIFIED.,.F.,
  .F.,(2,2),(0.,0.6),.PIECEWISE_BEZIER_KNOTS.);
#8268 = CARTESIAN_POINT('',(-55.7,-0.37353515625,6.211670021875));
#8269 = CARTESIAN_POINT('',(-56.3,-0.37353515625,6.211670021875));
#8270 = PCURVE('',#3574,#8271);
#8271 = DEFINITIONAL_REPRESENTATION('',(#8272),#8275);
#8272 = B_SPLINE_CURVE_WITH_KNOTS('',1,(#8273,#8274),.UNSPECIFIED.,.F.,
  .F.,(2,2),(0.,0.6),.PIECEWISE_BEZIER_KNOTS.);
#8273 = CARTESIAN_POINT('',(1.027278071288,0.));
#8274 = CARTESIAN_POINT('',(1.027278071288,-0.6));
#8275 = ( GEOMETRIC_REPRESENTATION_CONTEXT(2) 
PARAMETRIC_REPRESENTATION_CONTEXT() REPRESENTATION_CONTEXT('2D SPACE',''
  ) );
#8276 = PCURVE('',#3540,#8277);
#8277 = DEFINITIONAL_REPRESENTATION('',(#8278),#8281);
#8278 = B_SPLINE_CURVE_WITH_KNOTS('',1,(#8279,#8280),.UNSPECIFIED.,.F.,
  .F.,(2,2),(0.,0.6),.PIECEWISE_BEZIER_KNOTS.);
#8279 = CARTESIAN_POINT('',(0.,0.));
#8280 = CARTESIAN_POINT('',(0.,-0.6));
#8281 = ( GEOMETRIC_REPRESENTATION_CONTEXT(2) 
PARAMETRIC_REPRESENTATION_CONTEXT() REPRESENTATION_CONTEXT('2D SPACE',''
  ) );
#8282 = ADVANCED_FACE('',(#8283),#3540,.F.);
#8283 = FACE_BOUND('',#8284,.F.);
#8284 = EDGE_LOOP('',(#8285,#8305,#8306,#8307));
#8285 = ORIENTED_EDGE('',*,*,#8286,.F.);
#8286 = EDGE_CURVE('',#8244,#8287,#8289,.T.);
#8287 = VERTEX_POINT('',#8288);
#8288 = CARTESIAN_POINT('',(-55.7,0.92529296875,6.211670021875));
#8289 = SURFACE_CURVE('',#8290,(#8293,#8299),.PCURVE_S1.);
#8290 = B_SPLINE_CURVE_WITH_KNOTS('',1,(#8291,#8292),.UNSPECIFIED.,.F.,
  .F.,(2,2),(0.,0.6494140625),.PIECEWISE_BEZIER_KNOTS.);
#8291 = CARTESIAN_POINT('',(-55.7,-0.37353515625,6.211670021875));
#8292 = CARTESIAN_POINT('',(-55.7,0.92529296875,6.211670021875));
#8293 = PCURVE('',#3540,#8294);
#8294 = DEFINITIONAL_REPRESENTATION('',(#8295),#8298);
#8295 = B_SPLINE_CURVE_WITH_KNOTS('',1,(#8296,#8297),.UNSPECIFIED.,.F.,
  .F.,(2,2),(0.,0.6494140625),.PIECEWISE_BEZIER_KNOTS.);
#8296 = CARTESIAN_POINT('',(8.326672684689E-17,0.));
#8297 = CARTESIAN_POINT('',(0.6494140625,0.));
#8298 = ( GEOMETRIC_REPRESENTATION_CONTEXT(2) 
PARAMETRIC_REPRESENTATION_CONTEXT() REPRESENTATION_CONTEXT('2D SPACE',''
  ) );
#8299 = PCURVE('',#8020,#8300);
#8300 = DEFINITIONAL_REPRESENTATION('',(#8301),#8304);
#8301 = B_SPLINE_CURVE_WITH_KNOTS('',1,(#8302,#8303),.UNSPECIFIED.,.F.,
  .F.,(2,2),(0.,0.6494140625),.PIECEWISE_BEZIER_KNOTS.);
#8302 = CARTESIAN_POINT('',(1.20361328125,3.43994140625));
#8303 = CARTESIAN_POINT('',(1.85302734375,3.43994140625));
#8304 = ( GEOMETRIC_REPRESENTATION_CONTEXT(2) 
PARAMETRIC_REPRESENTATION_CONTEXT() REPRESENTATION_CONTEXT('2D SPACE',''
  ) );
#8305 = ORIENTED_EDGE('',*,*,#8265,.T.);
#8306 = ORIENTED_EDGE('',*,*,#3520,.F.);
#8307 = ORIENTED_EDGE('',*,*,#8308,.F.);
#8308 = EDGE_CURVE('',#8287,#3487,#8309,.T.);
#8309 = SURFACE_CURVE('',#8310,(#8313,#8319),.PCURVE_S1.);
#8310 = B_SPLINE_CURVE_WITH_KNOTS('',1,(#8311,#8312),.UNSPECIFIED.,.F.,
  .F.,(2,2),(0.,0.6),.PIECEWISE_BEZIER_KNOTS.);
#8311 = CARTESIAN_POINT('',(-55.7,0.92529296875,6.211670021875));
#8312 = CARTESIAN_POINT('',(-56.3,0.92529296875,6.211670021875));
#8313 = PCURVE('',#3540,#8314);
#8314 = DEFINITIONAL_REPRESENTATION('',(#8315),#8318);
#8315 = B_SPLINE_CURVE_WITH_KNOTS('',1,(#8316,#8317),.UNSPECIFIED.,.F.,
  .F.,(2,2),(0.,0.6),.PIECEWISE_BEZIER_KNOTS.);
#8316 = CARTESIAN_POINT('',(0.6494140625,0.));
#8317 = CARTESIAN_POINT('',(0.6494140625,-0.6));
#8318 = ( GEOMETRIC_REPRESENTATION_CONTEXT(2) 
PARAMETRIC_REPRESENTATION_CONTEXT() REPRESENTATION_CONTEXT('2D SPACE',''
  ) );
#8319 = PCURVE('',#3506,#8320);
#8320 = DEFINITIONAL_REPRESENTATION('',(#8321),#8324);
#8321 = B_SPLINE_CURVE_WITH_KNOTS('',1,(#8322,#8323),.UNSPECIFIED.,.F.,
  .F.,(2,2),(0.,0.6),.PIECEWISE_BEZIER_KNOTS.);
#8322 = CARTESIAN_POINT('',(0.,0.));
#8323 = CARTESIAN_POINT('',(0.,-0.6));
#8324 = ( GEOMETRIC_REPRESENTATION_CONTEXT(2) 
PARAMETRIC_REPRESENTATION_CONTEXT() REPRESENTATION_CONTEXT('2D SPACE',''
  ) );
#8325 = ADVANCED_FACE('',(#8326),#3506,.F.);
#8326 = FACE_BOUND('',#8327,.F.);
#8327 = EDGE_LOOP('',(#8328,#8348,#8349,#8350));
#8328 = ORIENTED_EDGE('',*,*,#8329,.F.);
#8329 = EDGE_CURVE('',#8287,#8330,#8332,.T.);
#8330 = VERTEX_POINT('',#8331);
#8331 = CARTESIAN_POINT('',(-55.7,0.92529296875,9.141357521875));
#8332 = SURFACE_CURVE('',#8333,(#8336,#8342),.PCURVE_S1.);
#8333 = B_SPLINE_CURVE_WITH_KNOTS('',1,(#8334,#8335),.UNSPECIFIED.,.F.,
  .F.,(2,2),(0.,2.9296875),.PIECEWISE_BEZIER_KNOTS.);
#8334 = CARTESIAN_POINT('',(-55.7,0.92529296875,6.211670021875));
#8335 = CARTESIAN_POINT('',(-55.7,0.92529296875,9.141357521875));
#8336 = PCURVE('',#3506,#8337);
#8337 = DEFINITIONAL_REPRESENTATION('',(#8338),#8341);
#8338 = B_SPLINE_CURVE_WITH_KNOTS('',1,(#8339,#8340),.UNSPECIFIED.,.F.,
  .F.,(2,2),(0.,2.9296875),.PIECEWISE_BEZIER_KNOTS.);
#8339 = CARTESIAN_POINT('',(0.,0.));
#8340 = CARTESIAN_POINT('',(2.9296875,0.));
#8341 = ( GEOMETRIC_REPRESENTATION_CONTEXT(2) 
PARAMETRIC_REPRESENTATION_CONTEXT() REPRESENTATION_CONTEXT('2D SPACE',''
  ) );
#8342 = PCURVE('',#8020,#8343);
#8343 = DEFINITIONAL_REPRESENTATION('',(#8344),#8347);
#8344 = B_SPLINE_CURVE_WITH_KNOTS('',1,(#8345,#8346),.UNSPECIFIED.,.F.,
  .F.,(2,2),(0.,2.9296875),.PIECEWISE_BEZIER_KNOTS.);
#8345 = CARTESIAN_POINT('',(1.85302734375,3.43994140625));
#8346 = CARTESIAN_POINT('',(1.85302734375,0.51025390625));
#8347 = ( GEOMETRIC_REPRESENTATION_CONTEXT(2) 
PARAMETRIC_REPRESENTATION_CONTEXT() REPRESENTATION_CONTEXT('2D SPACE',''
  ) );
#8348 = ORIENTED_EDGE('',*,*,#8308,.T.);
#8349 = ORIENTED_EDGE('',*,*,#3486,.F.);
#8350 = ORIENTED_EDGE('',*,*,#8351,.F.);
#8351 = EDGE_CURVE('',#8330,#3453,#8352,.T.);
#8352 = SURFACE_CURVE('',#8353,(#8356,#8362),.PCURVE_S1.);
#8353 = B_SPLINE_CURVE_WITH_KNOTS('',1,(#8354,#8355),.UNSPECIFIED.,.F.,
  .F.,(2,2),(0.,0.6),.PIECEWISE_BEZIER_KNOTS.);
#8354 = CARTESIAN_POINT('',(-55.7,0.92529296875,9.141357521875));
#8355 = CARTESIAN_POINT('',(-56.3,0.92529296875,9.141357521875));
#8356 = PCURVE('',#3506,#8357);
#8357 = DEFINITIONAL_REPRESENTATION('',(#8358),#8361);
#8358 = B_SPLINE_CURVE_WITH_KNOTS('',1,(#8359,#8360),.UNSPECIFIED.,.F.,
  .F.,(2,2),(0.,0.6),.PIECEWISE_BEZIER_KNOTS.);
#8359 = CARTESIAN_POINT('',(2.9296875,0.));
#8360 = CARTESIAN_POINT('',(2.9296875,-0.6));
#8361 = ( GEOMETRIC_REPRESENTATION_CONTEXT(2) 
PARAMETRIC_REPRESENTATION_CONTEXT() REPRESENTATION_CONTEXT('2D SPACE',''
  ) );
#8362 = PCURVE('',#3472,#8363);
#8363 = DEFINITIONAL_REPRESENTATION('',(#8364),#8367);
#8364 = B_SPLINE_CURVE_WITH_KNOTS('',1,(#8365,#8366),.UNSPECIFIED.,.F.,
  .F.,(2,2),(0.,0.6),.PIECEWISE_BEZIER_KNOTS.);
#8365 = CARTESIAN_POINT('',(0.,0.));
#8366 = CARTESIAN_POINT('',(0.,-0.6));
#8367 = ( GEOMETRIC_REPRESENTATION_CONTEXT(2) 
PARAMETRIC_REPRESENTATION_CONTEXT() REPRESENTATION_CONTEXT('2D SPACE',''
  ) );
#8368 = ADVANCED_FACE('',(#8369),#3472,.F.);
#8369 = FACE_BOUND('',#8370,.F.);
#8370 = EDGE_LOOP('',(#8371,#8391,#8392,#8393));
#8371 = ORIENTED_EDGE('',*,*,#8372,.F.);
#8372 = EDGE_CURVE('',#8330,#8373,#8375,.T.);
#8373 = VERTEX_POINT('',#8374);
#8374 = CARTESIAN_POINT('',(-55.7,2.50244140625,9.141357521875));
#8375 = SURFACE_CURVE('',#8376,(#8379,#8385),.PCURVE_S1.);
#8376 = B_SPLINE_CURVE_WITH_KNOTS('',1,(#8377,#8378),.UNSPECIFIED.,.F.,
  .F.,(2,2),(0.,0.78857421875),.PIECEWISE_BEZIER_KNOTS.);
#8377 = CARTESIAN_POINT('',(-55.7,0.92529296875,9.141357521875));
#8378 = CARTESIAN_POINT('',(-55.7,2.50244140625,9.141357521875));
#8379 = PCURVE('',#3472,#8380);
#8380 = DEFINITIONAL_REPRESENTATION('',(#8381),#8384);
#8381 = B_SPLINE_CURVE_WITH_KNOTS('',1,(#8382,#8383),.UNSPECIFIED.,.F.,
  .F.,(2,2),(0.,0.78857421875),.PIECEWISE_BEZIER_KNOTS.);
#8382 = CARTESIAN_POINT('',(5.551115123126E-17,0.));
#8383 = CARTESIAN_POINT('',(0.78857421875,0.));
#8384 = ( GEOMETRIC_REPRESENTATION_CONTEXT(2) 
PARAMETRIC_REPRESENTATION_CONTEXT() REPRESENTATION_CONTEXT('2D SPACE',''
  ) );
#8385 = PCURVE('',#8020,#8386);
#8386 = DEFINITIONAL_REPRESENTATION('',(#8387),#8390);
#8387 = B_SPLINE_CURVE_WITH_KNOTS('',1,(#8388,#8389),.UNSPECIFIED.,.F.,
  .F.,(2,2),(0.,0.78857421875),.PIECEWISE_BEZIER_KNOTS.);
#8388 = CARTESIAN_POINT('',(1.85302734375,0.51025390625));
#8389 = CARTESIAN_POINT('',(2.6416015625,0.51025390625));
#8390 = ( GEOMETRIC_REPRESENTATION_CONTEXT(2) 
PARAMETRIC_REPRESENTATION_CONTEXT() REPRESENTATION_CONTEXT('2D SPACE',''
  ) );
#8391 = ORIENTED_EDGE('',*,*,#8351,.T.);
#8392 = ORIENTED_EDGE('',*,*,#3452,.F.);
#8393 = ORIENTED_EDGE('',*,*,#8394,.F.);
#8394 = EDGE_CURVE('',#8373,#3419,#8395,.T.);
#8395 = SURFACE_CURVE('',#8396,(#8399,#8405),.PCURVE_S1.);
#8396 = B_SPLINE_CURVE_WITH_KNOTS('',1,(#8397,#8398),.UNSPECIFIED.,.F.,
  .F.,(2,2),(0.,0.6),.PIECEWISE_BEZIER_KNOTS.);
#8397 = CARTESIAN_POINT('',(-55.7,2.50244140625,9.141357521875));
#8398 = CARTESIAN_POINT('',(-56.3,2.50244140625,9.141357521875));
#8399 = PCURVE('',#3472,#8400);
#8400 = DEFINITIONAL_REPRESENTATION('',(#8401),#8404);
#8401 = B_SPLINE_CURVE_WITH_KNOTS('',1,(#8402,#8403),.UNSPECIFIED.,.F.,
  .F.,(2,2),(0.,0.6),.PIECEWISE_BEZIER_KNOTS.);
#8402 = CARTESIAN_POINT('',(0.78857421875,0.));
#8403 = CARTESIAN_POINT('',(0.78857421875,-0.6));
#8404 = ( GEOMETRIC_REPRESENTATION_CONTEXT(2) 
PARAMETRIC_REPRESENTATION_CONTEXT() REPRESENTATION_CONTEXT('2D SPACE',''
  ) );
#8405 = PCURVE('',#3438,#8406);
#8406 = DEFINITIONAL_REPRESENTATION('',(#8407),#8410);
#8407 = B_SPLINE_CURVE_WITH_KNOTS('',1,(#8408,#8409),.UNSPECIFIED.,.F.,
  .F.,(2,2),(0.,0.6),.PIECEWISE_BEZIER_KNOTS.);
#8408 = CARTESIAN_POINT('',(0.,0.));
#8409 = CARTESIAN_POINT('',(0.,-0.6));
#8410 = ( GEOMETRIC_REPRESENTATION_CONTEXT(2) 
PARAMETRIC_REPRESENTATION_CONTEXT() REPRESENTATION_CONTEXT('2D SPACE',''
  ) );
#8411 = ADVANCED_FACE('',(#8412),#3438,.F.);
#8412 = FACE_BOUND('',#8413,.F.);
#8413 = EDGE_LOOP('',(#8414,#8434,#8435,#8436));
#8414 = ORIENTED_EDGE('',*,*,#8415,.F.);
#8415 = EDGE_CURVE('',#8373,#8416,#8418,.T.);
#8416 = VERTEX_POINT('',#8417);
#8417 = CARTESIAN_POINT('',(-55.7,2.50244140625,9.651611428125));
#8418 = SURFACE_CURVE('',#8419,(#8422,#8428),.PCURVE_S1.);
#8419 = B_SPLINE_CURVE_WITH_KNOTS('',1,(#8420,#8421),.UNSPECIFIED.,.F.,
  .F.,(2,2),(0.,0.51025390625),.PIECEWISE_BEZIER_KNOTS.);
#8420 = CARTESIAN_POINT('',(-55.7,2.50244140625,9.141357521875));
#8421 = CARTESIAN_POINT('',(-55.7,2.50244140625,9.651611428125));
#8422 = PCURVE('',#3438,#8423);
#8423 = DEFINITIONAL_REPRESENTATION('',(#8424),#8427);
#8424 = B_SPLINE_CURVE_WITH_KNOTS('',1,(#8425,#8426),.UNSPECIFIED.,.F.,
  .F.,(2,2),(0.,0.51025390625),.PIECEWISE_BEZIER_KNOTS.);
#8425 = CARTESIAN_POINT('',(0.,0.));
#8426 = CARTESIAN_POINT('',(0.51025390625,0.));
#8427 = ( GEOMETRIC_REPRESENTATION_CONTEXT(2) 
PARAMETRIC_REPRESENTATION_CONTEXT() REPRESENTATION_CONTEXT('2D SPACE',''
  ) );
#8428 = PCURVE('',#8020,#8429);
#8429 = DEFINITIONAL_REPRESENTATION('',(#8430),#8433);
#8430 = B_SPLINE_CURVE_WITH_KNOTS('',1,(#8431,#8432),.UNSPECIFIED.,.F.,
  .F.,(2,2),(0.,0.51025390625),.PIECEWISE_BEZIER_KNOTS.);
#8431 = CARTESIAN_POINT('',(2.6416015625,0.51025390625));
#8432 = CARTESIAN_POINT('',(2.6416015625,0.));
#8433 = ( GEOMETRIC_REPRESENTATION_CONTEXT(2) 
PARAMETRIC_REPRESENTATION_CONTEXT() REPRESENTATION_CONTEXT('2D SPACE',''
  ) );
#8434 = ORIENTED_EDGE('',*,*,#8394,.T.);
#8435 = ORIENTED_EDGE('',*,*,#3418,.F.);
#8436 = ORIENTED_EDGE('',*,*,#8437,.F.);
#8437 = EDGE_CURVE('',#8416,#3358,#8438,.T.);
#8438 = SURFACE_CURVE('',#8439,(#8442,#8448),.PCURVE_S1.);
#8439 = B_SPLINE_CURVE_WITH_KNOTS('',1,(#8440,#8441),.UNSPECIFIED.,.F.,
  .F.,(2,2),(0.,0.6),.PIECEWISE_BEZIER_KNOTS.);
#8440 = CARTESIAN_POINT('',(-55.7,2.50244140625,9.651611428125));
#8441 = CARTESIAN_POINT('',(-56.3,2.50244140625,9.651611428125));
#8442 = PCURVE('',#3438,#8443);
#8443 = DEFINITIONAL_REPRESENTATION('',(#8444),#8447);
#8444 = B_SPLINE_CURVE_WITH_KNOTS('',1,(#8445,#8446),.UNSPECIFIED.,.F.,
  .F.,(2,2),(0.,0.6),.PIECEWISE_BEZIER_KNOTS.);
#8445 = CARTESIAN_POINT('',(0.51025390625,0.));
#8446 = CARTESIAN_POINT('',(0.51025390625,-0.6));
#8447 = ( GEOMETRIC_REPRESENTATION_CONTEXT(2) 
PARAMETRIC_REPRESENTATION_CONTEXT() REPRESENTATION_CONTEXT('2D SPACE',''
  ) );
#8448 = PCURVE('',#3395,#8449);
#8449 = DEFINITIONAL_REPRESENTATION('',(#8450),#8453);
#8450 = B_SPLINE_CURVE_WITH_KNOTS('',1,(#8451,#8452),.UNSPECIFIED.,.F.,
  .F.,(2,2),(0.,0.6),.PIECEWISE_BEZIER_KNOTS.);
#8451 = CARTESIAN_POINT('',(0.,0.));
#8452 = CARTESIAN_POINT('',(-2.22044604925E-16,-0.6));
#8453 = ( GEOMETRIC_REPRESENTATION_CONTEXT(2) 
PARAMETRIC_REPRESENTATION_CONTEXT() REPRESENTATION_CONTEXT('2D SPACE',''
  ) );
#8454 = ADVANCED_FACE('',(#8455),#3395,.F.);
#8455 = FACE_BOUND('',#8456,.F.);
#8456 = EDGE_LOOP('',(#8457,#8475,#8476,#8477));
#8457 = ORIENTED_EDGE('',*,*,#8458,.F.);
#8458 = EDGE_CURVE('',#8416,#8005,#8459,.T.);
#8459 = SURFACE_CURVE('',#8460,(#8463,#8469),.PCURVE_S1.);
#8460 = B_SPLINE_CURVE_WITH_KNOTS('',1,(#8461,#8462),.UNSPECIFIED.,.F.,
  .F.,(2,2),(0.,2.32666015625),.PIECEWISE_BEZIER_KNOTS.);
#8461 = CARTESIAN_POINT('',(-55.7,2.50244140625,9.651611428125));
#8462 = CARTESIAN_POINT('',(-55.7,-2.15087890625,9.651611428125));
#8463 = PCURVE('',#3395,#8464);
#8464 = DEFINITIONAL_REPRESENTATION('',(#8465),#8468);
#8465 = B_SPLINE_CURVE_WITH_KNOTS('',1,(#8466,#8467),.UNSPECIFIED.,.F.,
  .F.,(2,2),(0.,2.32666015625),.PIECEWISE_BEZIER_KNOTS.);
#8466 = CARTESIAN_POINT('',(0.,0.));
#8467 = CARTESIAN_POINT('',(2.32666015625,0.));
#8468 = ( GEOMETRIC_REPRESENTATION_CONTEXT(2) 
PARAMETRIC_REPRESENTATION_CONTEXT() REPRESENTATION_CONTEXT('2D SPACE',''
  ) );
#8469 = PCURVE('',#8020,#8470);
#8470 = DEFINITIONAL_REPRESENTATION('',(#8471),#8474);
#8471 = B_SPLINE_CURVE_WITH_KNOTS('',1,(#8472,#8473),.UNSPECIFIED.,.F.,
  .F.,(2,2),(0.,2.32666015625),.PIECEWISE_BEZIER_KNOTS.);
#8472 = CARTESIAN_POINT('',(2.6416015625,0.));
#8473 = CARTESIAN_POINT('',(0.31494140625,0.));
#8474 = ( GEOMETRIC_REPRESENTATION_CONTEXT(2) 
PARAMETRIC_REPRESENTATION_CONTEXT() REPRESENTATION_CONTEXT('2D SPACE',''
  ) );
#8475 = ORIENTED_EDGE('',*,*,#8437,.T.);
#8476 = ORIENTED_EDGE('',*,*,#3357,.F.);
#8477 = ORIENTED_EDGE('',*,*,#8031,.F.);
#8478 = ADVANCED_FACE('',(#8479),#3746,.F.);
#8479 = FACE_BOUND('',#8480,.F.);
#8480 = EDGE_LOOP('',(#8481,#8508,#8526,#8527));
#8481 = ORIENTED_EDGE('',*,*,#8482,.F.);
#8482 = EDGE_CURVE('',#8483,#8485,#8487,.T.);
#8483 = VERTEX_POINT('',#8484);
#8484 = CARTESIAN_POINT('',(-55.67482904319,2.95434702531,9.651611428125
    ));
#8485 = VERTEX_POINT('',#8486);
#8486 = CARTESIAN_POINT('',(-55.67482904319,2.95434702531,9.175537209375
    ));
#8487 = SURFACE_CURVE('',#8488,(#8491,#8497),.PCURVE_S1.);
#8488 = B_SPLINE_CURVE_WITH_KNOTS('',1,(#8489,#8490),.UNSPECIFIED.,.F.,
  .F.,(2,2),(0.,0.47607421875),.PIECEWISE_BEZIER_KNOTS.);
#8489 = CARTESIAN_POINT('',(-55.67482904319,2.95434702531,9.651611428125
    ));
#8490 = CARTESIAN_POINT('',(-55.67482904319,2.95434702531,9.175537209375
    ));
#8491 = PCURVE('',#3746,#8492);
#8492 = DEFINITIONAL_REPRESENTATION('',(#8493),#8496);
#8493 = B_SPLINE_CURVE_WITH_KNOTS('',1,(#8494,#8495),.UNSPECIFIED.,.F.,
  .F.,(2,2),(0.,0.47607421875),.PIECEWISE_BEZIER_KNOTS.);
#8494 = CARTESIAN_POINT('',(0.,0.));
#8495 = CARTESIAN_POINT('',(0.47607421875,0.));
#8496 = ( GEOMETRIC_REPRESENTATION_CONTEXT(2) 
PARAMETRIC_REPRESENTATION_CONTEXT() REPRESENTATION_CONTEXT('2D SPACE',''
  ) );
#8497 = PCURVE('',#8498,#8503);
#8498 = B_SPLINE_SURFACE_WITH_KNOTS('',1,1,(
    (#8499,#8500)
    ,(#8501,#8502
    )),.UNSPECIFIED.,.F.,.F.,.F.,(2,2),(2,2),(0.17333984375,
    2.58056640625),(0.,3.4912109375),.PIECEWISE_BEZIER_KNOTS.);
#8499 = CARTESIAN_POINT('',(-55.67482904319,2.95434702531,9.651611428125
    ));
#8500 = CARTESIAN_POINT('',(-55.67482904319,2.95434702531,6.160400490625
    ));
#8501 = CARTESIAN_POINT('',(-55.21006052631,7.746314170287,
    9.651611428125));
#8502 = CARTESIAN_POINT('',(-55.21006052631,7.746314170287,
    6.160400490625));
#8503 = DEFINITIONAL_REPRESENTATION('',(#8504),#8507);
#8504 = B_SPLINE_CURVE_WITH_KNOTS('',1,(#8505,#8506),.UNSPECIFIED.,.F.,
  .F.,(2,2),(0.,0.47607421875),.PIECEWISE_BEZIER_KNOTS.);
#8505 = CARTESIAN_POINT('',(0.17333984375,0.));
#8506 = CARTESIAN_POINT('',(0.17333984375,0.47607421875));
#8507 = ( GEOMETRIC_REPRESENTATION_CONTEXT(2) 
PARAMETRIC_REPRESENTATION_CONTEXT() REPRESENTATION_CONTEXT('2D SPACE',''
  ) );
#8508 = ORIENTED_EDGE('',*,*,#8509,.T.);
#8509 = EDGE_CURVE('',#8483,#3727,#8510,.T.);
#8510 = SURFACE_CURVE('',#8511,(#8514,#8520),.PCURVE_S1.);
#8511 = B_SPLINE_CURVE_WITH_KNOTS('',1,(#8512,#8513),.UNSPECIFIED.,.F.,
  .F.,(2,2),(0.,0.6),.PIECEWISE_BEZIER_KNOTS.);
#8512 = CARTESIAN_POINT('',(-55.67482904319,2.95434702531,9.651611428125
    ));
#8513 = CARTESIAN_POINT('',(-56.27202673363,3.012268683884,
    9.651611428125));
#8514 = PCURVE('',#3746,#8515);
#8515 = DEFINITIONAL_REPRESENTATION('',(#8516),#8519);
#8516 = B_SPLINE_CURVE_WITH_KNOTS('',1,(#8517,#8518),.UNSPECIFIED.,.F.,
  .F.,(2,2),(0.,0.6),.PIECEWISE_BEZIER_KNOTS.);
#8517 = CARTESIAN_POINT('',(0.,0.));
#8518 = CARTESIAN_POINT('',(0.,-0.6));
#8519 = ( GEOMETRIC_REPRESENTATION_CONTEXT(2) 
PARAMETRIC_REPRESENTATION_CONTEXT() REPRESENTATION_CONTEXT('2D SPACE',''
  ) );
#8520 = PCURVE('',#3798,#8521);
#8521 = DEFINITIONAL_REPRESENTATION('',(#8522),#8525);
#8522 = B_SPLINE_CURVE_WITH_KNOTS('',1,(#8523,#8524),.UNSPECIFIED.,.F.,
  .F.,(2,2),(0.,0.6),.PIECEWISE_BEZIER_KNOTS.);
#8523 = CARTESIAN_POINT('',(2.4072265625,7.105427357601E-15));
#8524 = CARTESIAN_POINT('',(2.4072265625,-0.6));
#8525 = ( GEOMETRIC_REPRESENTATION_CONTEXT(2) 
PARAMETRIC_REPRESENTATION_CONTEXT() REPRESENTATION_CONTEXT('2D SPACE',''
  ) );
#8526 = ORIENTED_EDGE('',*,*,#3724,.F.);
#8527 = ORIENTED_EDGE('',*,*,#8528,.F.);
#8528 = EDGE_CURVE('',#8485,#3725,#8529,.T.);
#8529 = SURFACE_CURVE('',#8530,(#8533,#8539),.PCURVE_S1.);
#8530 = B_SPLINE_CURVE_WITH_KNOTS('',1,(#8531,#8532),.UNSPECIFIED.,.F.,
  .F.,(2,2),(0.,0.6),.PIECEWISE_BEZIER_KNOTS.);
#8531 = CARTESIAN_POINT('',(-55.67482904319,2.95434702531,9.175537209375
    ));
#8532 = CARTESIAN_POINT('',(-56.27202673363,3.012268683884,
    9.175537209375));
#8533 = PCURVE('',#3746,#8534);
#8534 = DEFINITIONAL_REPRESENTATION('',(#8535),#8538);
#8535 = B_SPLINE_CURVE_WITH_KNOTS('',1,(#8536,#8537),.UNSPECIFIED.,.F.,
  .F.,(2,2),(0.,0.6),.PIECEWISE_BEZIER_KNOTS.);
#8536 = CARTESIAN_POINT('',(0.47607421875,0.));
#8537 = CARTESIAN_POINT('',(0.47607421875,-0.6));
#8538 = ( GEOMETRIC_REPRESENTATION_CONTEXT(2) 
PARAMETRIC_REPRESENTATION_CONTEXT() REPRESENTATION_CONTEXT('2D SPACE',''
  ) );
#8539 = PCURVE('',#4929,#8540);
#8540 = DEFINITIONAL_REPRESENTATION('',(#8541),#8545);
#8541 = B_SPLINE_CURVE_WITH_KNOTS('',2,(#8542,#8543,#8544),
  .UNSPECIFIED.,.F.,.F.,(3,3),(0.,0.6),.PIECEWISE_BEZIER_KNOTS.);
#8542 = CARTESIAN_POINT('',(0.,0.));
#8543 = CARTESIAN_POINT('',(-4.510762138226E-16,-0.3));
#8544 = CARTESIAN_POINT('',(0.,-0.6));
#8545 = ( GEOMETRIC_REPRESENTATION_CONTEXT(2) 
PARAMETRIC_REPRESENTATION_CONTEXT() REPRESENTATION_CONTEXT('2D SPACE',''
  ) );
#8546 = ADVANCED_FACE('',(#8547),#4929,.F.);
#8547 = FACE_BOUND('',#8548,.F.);
#8548 = EDGE_LOOP('',(#8549,#8572,#8573,#8574));
#8549 = ORIENTED_EDGE('',*,*,#8550,.F.);
#8550 = EDGE_CURVE('',#8485,#8551,#8553,.T.);
#8551 = VERTEX_POINT('',#8552);
#8552 = CARTESIAN_POINT('',(-55.60106000375,3.714938159376,
    8.599365334375));
#8553 = SURFACE_CURVE('',#8554,(#8558,#8565),.PCURVE_S1.);
#8554 = B_SPLINE_CURVE_WITH_KNOTS('',2,(#8555,#8556,#8557),
  .UNSPECIFIED.,.F.,.F.,(3,3),(0.,1.),.PIECEWISE_BEZIER_KNOTS.);
#8555 = CARTESIAN_POINT('',(-55.67482904319,2.95434702531,9.175537209375
    ));
#8556 = CARTESIAN_POINT('',(-55.64890382166,3.221647423864,
    8.880127053125));
#8557 = CARTESIAN_POINT('',(-55.60106000375,3.714938159376,
    8.599365334375));
#8558 = PCURVE('',#4929,#8559);
#8559 = DEFINITIONAL_REPRESENTATION('',(#8560),#8564);
#8560 = B_SPLINE_CURVE_WITH_KNOTS('',2,(#8561,#8562,#8563),
  .UNSPECIFIED.,.F.,.F.,(3,3),(0.,1.),.PIECEWISE_BEZIER_KNOTS.);
#8561 = CARTESIAN_POINT('',(0.,0.));
#8562 = CARTESIAN_POINT('',(0.5,1.36060910609E-16));
#8563 = CARTESIAN_POINT('',(1.,0.));
#8564 = ( GEOMETRIC_REPRESENTATION_CONTEXT(2) 
PARAMETRIC_REPRESENTATION_CONTEXT() REPRESENTATION_CONTEXT('2D SPACE',''
  ) );
#8565 = PCURVE('',#8498,#8566);
#8566 = DEFINITIONAL_REPRESENTATION('',(#8567),#8571);
#8567 = B_SPLINE_CURVE_WITH_KNOTS('',2,(#8568,#8569,#8570),
  .UNSPECIFIED.,.F.,.F.,(3,3),(0.,1.),.PIECEWISE_BEZIER_KNOTS.);
#8568 = CARTESIAN_POINT('',(0.17333984375,0.47607421875));
#8569 = CARTESIAN_POINT('',(0.3076171875,0.771484375));
#8570 = CARTESIAN_POINT('',(0.555419921875,1.05224609375));
#8571 = ( GEOMETRIC_REPRESENTATION_CONTEXT(2) 
PARAMETRIC_REPRESENTATION_CONTEXT() REPRESENTATION_CONTEXT('2D SPACE',''
  ) );
#8572 = ORIENTED_EDGE('',*,*,#8528,.T.);
#8573 = ORIENTED_EDGE('',*,*,#4901,.F.);
#8574 = ORIENTED_EDGE('',*,*,#8575,.F.);
#8575 = EDGE_CURVE('',#8551,#4851,#8576,.T.);
#8576 = SURFACE_CURVE('',#8577,(#8580,#8587),.PCURVE_S1.);
#8577 = B_SPLINE_CURVE_WITH_KNOTS('',1,(#8578,#8579),.UNSPECIFIED.,.F.,
  .F.,(2,2),(0.,0.6),.PIECEWISE_BEZIER_KNOTS.);
#8578 = CARTESIAN_POINT('',(-55.60106000375,3.714938159376,
    8.599365334375));
#8579 = CARTESIAN_POINT('',(-56.19825769419,3.77285981795,8.599365334375
    ));
#8580 = PCURVE('',#4929,#8581);
#8581 = DEFINITIONAL_REPRESENTATION('',(#8582),#8586);
#8582 = B_SPLINE_CURVE_WITH_KNOTS('',2,(#8583,#8584,#8585),
  .UNSPECIFIED.,.F.,.F.,(3,3),(0.,0.6),.PIECEWISE_BEZIER_KNOTS.);
#8583 = CARTESIAN_POINT('',(1.,0.));
#8584 = CARTESIAN_POINT('',(1.,-0.3));
#8585 = CARTESIAN_POINT('',(1.,-0.6));
#8586 = ( GEOMETRIC_REPRESENTATION_CONTEXT(2) 
PARAMETRIC_REPRESENTATION_CONTEXT() REPRESENTATION_CONTEXT('2D SPACE',''
  ) );
#8587 = PCURVE('',#4880,#8588);
#8588 = DEFINITIONAL_REPRESENTATION('',(#8589),#8593);
#8589 = B_SPLINE_CURVE_WITH_KNOTS('',2,(#8590,#8591,#8592),
  .UNSPECIFIED.,.F.,.F.,(3,3),(0.,0.6),.PIECEWISE_BEZIER_KNOTS.);
#8590 = CARTESIAN_POINT('',(0.,0.));
#8591 = CARTESIAN_POINT('',(0.,-0.3));
#8592 = CARTESIAN_POINT('',(0.,-0.6));
#8593 = ( GEOMETRIC_REPRESENTATION_CONTEXT(2) 
PARAMETRIC_REPRESENTATION_CONTEXT() REPRESENTATION_CONTEXT('2D SPACE',''
  ) );
#8594 = ADVANCED_FACE('',(#8595),#4880,.F.);
#8595 = FACE_BOUND('',#8596,.F.);
#8596 = EDGE_LOOP('',(#8597,#8620,#8621,#8622));
#8597 = ORIENTED_EDGE('',*,*,#8598,.F.);
#8598 = EDGE_CURVE('',#8551,#8599,#8601,.T.);
#8599 = VERTEX_POINT('',#8600);
#8600 = CARTESIAN_POINT('',(-55.48062556555,4.956670010838,
    8.013427834375));
#8601 = SURFACE_CURVE('',#8602,(#8606,#8613),.PCURVE_S1.);
#8602 = B_SPLINE_CURVE_WITH_KNOTS('',2,(#8603,#8604,#8605),
  .UNSPECIFIED.,.F.,.F.,(3,3),(0.,1.),.PIECEWISE_BEZIER_KNOTS.);
#8603 = CARTESIAN_POINT('',(-55.60106000375,3.714938159376,
    8.599365334375));
#8604 = CARTESIAN_POINT('',(-55.55321618583,4.208228894888,
    8.318603615625));
#8605 = CARTESIAN_POINT('',(-55.48062556555,4.956670010838,
    8.013427834375));
#8606 = PCURVE('',#4880,#8607);
#8607 = DEFINITIONAL_REPRESENTATION('',(#8608),#8612);
#8608 = B_SPLINE_CURVE_WITH_KNOTS('',2,(#8609,#8610,#8611),
  .UNSPECIFIED.,.F.,.F.,(3,3),(0.,1.),.PIECEWISE_BEZIER_KNOTS.);
#8609 = CARTESIAN_POINT('',(0.,0.));
#8610 = CARTESIAN_POINT('',(0.5,-1.995204499072E-15));
#8611 = CARTESIAN_POINT('',(1.,6.986500067294E-15));
#8612 = ( GEOMETRIC_REPRESENTATION_CONTEXT(2) 
PARAMETRIC_REPRESENTATION_CONTEXT() REPRESENTATION_CONTEXT('2D SPACE',''
  ) );
#8613 = PCURVE('',#8498,#8614);
#8614 = DEFINITIONAL_REPRESENTATION('',(#8615),#8619);
#8615 = B_SPLINE_CURVE_WITH_KNOTS('',2,(#8616,#8617,#8618),
  .UNSPECIFIED.,.F.,.F.,(3,3),(0.,1.),.PIECEWISE_BEZIER_KNOTS.);
#8616 = CARTESIAN_POINT('',(0.555419921875,1.05224609375));
#8617 = CARTESIAN_POINT('',(0.80322265625,1.3330078125));
#8618 = CARTESIAN_POINT('',(1.17919921875,1.63818359375));
#8619 = ( GEOMETRIC_REPRESENTATION_CONTEXT(2) 
PARAMETRIC_REPRESENTATION_CONTEXT() REPRESENTATION_CONTEXT('2D SPACE',''
  ) );
#8620 = ORIENTED_EDGE('',*,*,#8575,.T.);
#8621 = ORIENTED_EDGE('',*,*,#4850,.F.);
#8622 = ORIENTED_EDGE('',*,*,#8623,.F.);
#8623 = EDGE_CURVE('',#8599,#4782,#8624,.T.);
#8624 = SURFACE_CURVE('',#8625,(#8628,#8635),.PCURVE_S1.);
#8625 = B_SPLINE_CURVE_WITH_KNOTS('',1,(#8626,#8627),.UNSPECIFIED.,.F.,
  .F.,(2,2),(0.,0.6),.PIECEWISE_BEZIER_KNOTS.);
#8626 = CARTESIAN_POINT('',(-55.48062556555,4.956670010838,
    8.013427834375));
#8627 = CARTESIAN_POINT('',(-56.07782325599,5.014591669412,
    8.013427834375));
#8628 = PCURVE('',#4880,#8629);
#8629 = DEFINITIONAL_REPRESENTATION('',(#8630),#8634);
#8630 = B_SPLINE_CURVE_WITH_KNOTS('',2,(#8631,#8632,#8633),
  .UNSPECIFIED.,.F.,.F.,(3,3),(0.,0.6),.PIECEWISE_BEZIER_KNOTS.);
#8631 = CARTESIAN_POINT('',(1.,6.986500067294E-15));
#8632 = CARTESIAN_POINT('',(1.,-0.3));
#8633 = CARTESIAN_POINT('',(1.,-0.6));
#8634 = ( GEOMETRIC_REPRESENTATION_CONTEXT(2) 
PARAMETRIC_REPRESENTATION_CONTEXT() REPRESENTATION_CONTEXT('2D SPACE',''
  ) );
#8635 = PCURVE('',#4823,#8636);
#8636 = DEFINITIONAL_REPRESENTATION('',(#8637),#8641);
#8637 = B_SPLINE_CURVE_WITH_KNOTS('',2,(#8638,#8639,#8640),
  .UNSPECIFIED.,.F.,.F.,(3,3),(0.,0.6),.PIECEWISE_BEZIER_KNOTS.);
#8638 = CARTESIAN_POINT('',(5.72686745667E-16,7.072241345925E-15));
#8639 = CARTESIAN_POINT('',(3.481037081505E-17,-0.3));
#8640 = CARTESIAN_POINT('',(0.,-0.6));
#8641 = ( GEOMETRIC_REPRESENTATION_CONTEXT(2) 
PARAMETRIC_REPRESENTATION_CONTEXT() REPRESENTATION_CONTEXT('2D SPACE',''
  ) );
#8642 = ADVANCED_FACE('',(#8643),#4823,.F.);
#8643 = FACE_BOUND('',#8644,.F.);
#8644 = EDGE_LOOP('',(#8645,#8668,#8669,#8670));
#8645 = ORIENTED_EDGE('',*,*,#8646,.F.);
#8646 = EDGE_CURVE('',#8599,#8647,#8649,.T.);
#8647 = VERTEX_POINT('',#8648);
#8648 = CARTESIAN_POINT('',(-55.38281677523,5.965121514472,
    7.530029396875));
#8649 = SURFACE_CURVE('',#8650,(#8654,#8661),.PCURVE_S1.);
#8650 = B_SPLINE_CURVE_WITH_KNOTS('',2,(#8651,#8652,#8653),
  .UNSPECIFIED.,.F.,.F.,(3,3),(0.,1.),.PIECEWISE_BEZIER_KNOTS.);
#8651 = CARTESIAN_POINT('',(-55.48062556555,4.956670010838,
    8.013427834375));
#8652 = CARTESIAN_POINT('',(-55.41086315125,5.675951083309,
    7.720459084375));
#8653 = CARTESIAN_POINT('',(-55.38281677523,5.965121514472,
    7.530029396875));
#8654 = PCURVE('',#4823,#8655);
#8655 = DEFINITIONAL_REPRESENTATION('',(#8656),#8660);
#8656 = B_SPLINE_CURVE_WITH_KNOTS('',2,(#8657,#8658,#8659),
  .UNSPECIFIED.,.F.,.F.,(3,3),(0.,1.),.PIECEWISE_BEZIER_KNOTS.);
#8657 = CARTESIAN_POINT('',(5.72686745667E-16,7.072241345925E-15));
#8658 = CARTESIAN_POINT('',(0.5,-4.261447306287E-15));
#8659 = CARTESIAN_POINT('',(1.,7.157982624557E-15));
#8660 = ( GEOMETRIC_REPRESENTATION_CONTEXT(2) 
PARAMETRIC_REPRESENTATION_CONTEXT() REPRESENTATION_CONTEXT('2D SPACE',''
  ) );
#8661 = PCURVE('',#8498,#8662);
#8662 = DEFINITIONAL_REPRESENTATION('',(#8663),#8667);
#8663 = B_SPLINE_CURVE_WITH_KNOTS('',2,(#8664,#8665,#8666),
  .UNSPECIFIED.,.F.,.F.,(3,3),(0.,1.),.PIECEWISE_BEZIER_KNOTS.);
#8664 = CARTESIAN_POINT('',(1.17919921875,1.63818359375));
#8665 = CARTESIAN_POINT('',(1.54052734375,1.93115234375));
#8666 = CARTESIAN_POINT('',(1.685791015625,2.12158203125));
#8667 = ( GEOMETRIC_REPRESENTATION_CONTEXT(2) 
PARAMETRIC_REPRESENTATION_CONTEXT() REPRESENTATION_CONTEXT('2D SPACE',''
  ) );
#8668 = ORIENTED_EDGE('',*,*,#8623,.T.);
#8669 = ORIENTED_EDGE('',*,*,#4781,.F.);
#8670 = ORIENTED_EDGE('',*,*,#8671,.F.);
#8671 = EDGE_CURVE('',#8647,#4731,#8672,.T.);
#8672 = SURFACE_CURVE('',#8673,(#8676,#8683),.PCURVE_S1.);
#8673 = B_SPLINE_CURVE_WITH_KNOTS('',1,(#8674,#8675),.UNSPECIFIED.,.F.,
  .F.,(2,2),(0.,0.6),.PIECEWISE_BEZIER_KNOTS.);
#8674 = CARTESIAN_POINT('',(-55.38281677523,5.965121514472,
    7.530029396875));
#8675 = CARTESIAN_POINT('',(-55.98001446567,6.023043173046,
    7.530029396875));
#8676 = PCURVE('',#4823,#8677);
#8677 = DEFINITIONAL_REPRESENTATION('',(#8678),#8682);
#8678 = B_SPLINE_CURVE_WITH_KNOTS('',2,(#8679,#8680,#8681),
  .UNSPECIFIED.,.F.,.F.,(3,3),(0.,0.6),.PIECEWISE_BEZIER_KNOTS.);
#8679 = CARTESIAN_POINT('',(1.,7.072241345925E-15));
#8680 = CARTESIAN_POINT('',(1.,-0.3));
#8681 = CARTESIAN_POINT('',(1.,-0.6));
#8682 = ( GEOMETRIC_REPRESENTATION_CONTEXT(2) 
PARAMETRIC_REPRESENTATION_CONTEXT() REPRESENTATION_CONTEXT('2D SPACE',''
  ) );
#8683 = PCURVE('',#4760,#8684);
#8684 = DEFINITIONAL_REPRESENTATION('',(#8685),#8689);
#8685 = B_SPLINE_CURVE_WITH_KNOTS('',2,(#8686,#8687,#8688),
  .UNSPECIFIED.,.F.,.F.,(3,3),(0.,0.6),.PIECEWISE_BEZIER_KNOTS.);
#8686 = CARTESIAN_POINT('',(0.,0.));
#8687 = CARTESIAN_POINT('',(0.,-0.3));
#8688 = CARTESIAN_POINT('',(0.,-0.6));
#8689 = ( GEOMETRIC_REPRESENTATION_CONTEXT(2) 
PARAMETRIC_REPRESENTATION_CONTEXT() REPRESENTATION_CONTEXT('2D SPACE',''
  ) );
#8690 = ADVANCED_FACE('',(#8691),#4760,.F.);
#8691 = FACE_BOUND('',#8692,.F.);
#8692 = EDGE_LOOP('',(#8693,#8716,#8717,#8718));
#8693 = ORIENTED_EDGE('',*,*,#8694,.F.);
#8694 = EDGE_CURVE('',#8647,#8695,#8697,.T.);
#8695 = VERTEX_POINT('',#8696);
#8696 = CARTESIAN_POINT('',(-55.35477039921,6.254291945634,
    7.156494240625));
#8697 = SURFACE_CURVE('',#8698,(#8702,#8709),.PCURVE_S1.);
#8698 = B_SPLINE_CURVE_WITH_KNOTS('',2,(#8699,#8700,#8701),
  .UNSPECIFIED.,.F.,.F.,(3,3),(0.,1.),.PIECEWISE_BEZIER_KNOTS.);
#8699 = CARTESIAN_POINT('',(-55.38281677523,5.965121514472,
    7.530029396875));
#8700 = CARTESIAN_POINT('',(-55.35477039921,6.254291945634,
    7.339599709375));
#8701 = CARTESIAN_POINT('',(-55.35477039921,6.254291945634,
    7.156494240625));
#8702 = PCURVE('',#4760,#8703);
#8703 = DEFINITIONAL_REPRESENTATION('',(#8704),#8708);
#8704 = B_SPLINE_CURVE_WITH_KNOTS('',2,(#8705,#8706,#8707),
  .UNSPECIFIED.,.F.,.F.,(3,3),(0.,1.),.PIECEWISE_BEZIER_KNOTS.);
#8705 = CARTESIAN_POINT('',(-2.508212711601E-16,7.157982624557E-15));
#8706 = CARTESIAN_POINT('',(0.5,-1.19300679881E-14));
#8707 = CARTESIAN_POINT('',(1.,0.));
#8708 = ( GEOMETRIC_REPRESENTATION_CONTEXT(2) 
PARAMETRIC_REPRESENTATION_CONTEXT() REPRESENTATION_CONTEXT('2D SPACE',''
  ) );
#8709 = PCURVE('',#8498,#8710);
#8710 = DEFINITIONAL_REPRESENTATION('',(#8711),#8715);
#8711 = B_SPLINE_CURVE_WITH_KNOTS('',2,(#8712,#8713,#8714),
  .UNSPECIFIED.,.F.,.F.,(3,3),(0.,1.),.PIECEWISE_BEZIER_KNOTS.);
#8712 = CARTESIAN_POINT('',(1.685791015625,2.12158203125));
#8713 = CARTESIAN_POINT('',(1.8310546875,2.31201171875));
#8714 = CARTESIAN_POINT('',(1.8310546875,2.4951171875));
#8715 = ( GEOMETRIC_REPRESENTATION_CONTEXT(2) 
PARAMETRIC_REPRESENTATION_CONTEXT() REPRESENTATION_CONTEXT('2D SPACE',''
  ) );
#8716 = ORIENTED_EDGE('',*,*,#8671,.T.);
#8717 = ORIENTED_EDGE('',*,*,#4730,.F.);
#8718 = ORIENTED_EDGE('',*,*,#8719,.F.);
#8719 = EDGE_CURVE('',#8695,#4614,#8720,.T.);
#8720 = SURFACE_CURVE('',#8721,(#8724,#8731),.PCURVE_S1.);
#8721 = B_SPLINE_CURVE_WITH_KNOTS('',1,(#8722,#8723),.UNSPECIFIED.,.F.,
  .F.,(2,2),(0.,0.6),.PIECEWISE_BEZIER_KNOTS.);
#8722 = CARTESIAN_POINT('',(-55.35477039921,6.254291945634,
    7.156494240625));
#8723 = CARTESIAN_POINT('',(-55.95196808965,6.312213604208,
    7.156494240625));
#8724 = PCURVE('',#4760,#8725);
#8725 = DEFINITIONAL_REPRESENTATION('',(#8726),#8730);
#8726 = B_SPLINE_CURVE_WITH_KNOTS('',2,(#8727,#8728,#8729),
  .UNSPECIFIED.,.F.,.F.,(3,3),(0.,0.6),.PIECEWISE_BEZIER_KNOTS.);
#8727 = CARTESIAN_POINT('',(1.,0.));
#8728 = CARTESIAN_POINT('',(1.,-0.3));
#8729 = CARTESIAN_POINT('',(1.,-0.6));
#8730 = ( GEOMETRIC_REPRESENTATION_CONTEXT(2) 
PARAMETRIC_REPRESENTATION_CONTEXT() REPRESENTATION_CONTEXT('2D SPACE',''
  ) );
#8731 = PCURVE('',#4687,#8732);
#8732 = DEFINITIONAL_REPRESENTATION('',(#8733),#8737);
#8733 = B_SPLINE_CURVE_WITH_KNOTS('',2,(#8734,#8735,#8736),
  .UNSPECIFIED.,.F.,.F.,(3,3),(0.,0.6),.PIECEWISE_BEZIER_KNOTS.);
#8734 = CARTESIAN_POINT('',(0.,0.));
#8735 = CARTESIAN_POINT('',(0.,-0.3));
#8736 = CARTESIAN_POINT('',(0.,-0.6));
#8737 = ( GEOMETRIC_REPRESENTATION_CONTEXT(2) 
PARAMETRIC_REPRESENTATION_CONTEXT() REPRESENTATION_CONTEXT('2D SPACE',''
  ) );
#8738 = ADVANCED_FACE('',(#8739),#4687,.F.);
#8739 = FACE_BOUND('',#8740,.F.);
#8740 = EDGE_LOOP('',(#8741,#8764,#8765,#8766));
#8741 = ORIENTED_EDGE('',*,*,#8742,.F.);
#8742 = EDGE_CURVE('',#8695,#8743,#8745,.T.);
#8743 = VERTEX_POINT('',#8744);
#8744 = CARTESIAN_POINT('',(-55.44197341709,5.355190605045,
    6.707275490625));
#8745 = SURFACE_CURVE('',#8746,(#8750,#8757),.PCURVE_S1.);
#8746 = B_SPLINE_CURVE_WITH_KNOTS('',2,(#8747,#8748,#8749),
  .UNSPECIFIED.,.F.,.F.,(3,3),(0.,1.),.PIECEWISE_BEZIER_KNOTS.);
#8747 = CARTESIAN_POINT('',(-55.35477039921,6.254291945634,
    7.156494240625));
#8748 = CARTESIAN_POINT('',(-55.35477039921,6.254291945634,
    6.707275490625));
#8749 = CARTESIAN_POINT('',(-55.44197341709,5.355190605045,
    6.707275490625));
#8750 = PCURVE('',#4687,#8751);
#8751 = DEFINITIONAL_REPRESENTATION('',(#8752),#8756);
#8752 = B_SPLINE_CURVE_WITH_KNOTS('',2,(#8753,#8754,#8755),
  .UNSPECIFIED.,.F.,.F.,(3,3),(0.,1.),.PIECEWISE_BEZIER_KNOTS.);
#8753 = CARTESIAN_POINT('',(0.,0.));
#8754 = CARTESIAN_POINT('',(0.5,-6.924977329052E-15));
#8755 = CARTESIAN_POINT('',(1.,7.072241345925E-15));
#8756 = ( GEOMETRIC_REPRESENTATION_CONTEXT(2) 
PARAMETRIC_REPRESENTATION_CONTEXT() REPRESENTATION_CONTEXT('2D SPACE',''
  ) );
#8757 = PCURVE('',#8498,#8758);
#8758 = DEFINITIONAL_REPRESENTATION('',(#8759),#8763);
#8759 = B_SPLINE_CURVE_WITH_KNOTS('',2,(#8760,#8761,#8762),
  .UNSPECIFIED.,.F.,.F.,(3,3),(0.,1.),.PIECEWISE_BEZIER_KNOTS.);
#8760 = CARTESIAN_POINT('',(1.8310546875,2.4951171875));
#8761 = CARTESIAN_POINT('',(1.8310546875,2.9443359375));
#8762 = CARTESIAN_POINT('',(1.37939453125,2.9443359375));
#8763 = ( GEOMETRIC_REPRESENTATION_CONTEXT(2) 
PARAMETRIC_REPRESENTATION_CONTEXT() REPRESENTATION_CONTEXT('2D SPACE',''
  ) );
#8764 = ORIENTED_EDGE('',*,*,#8719,.T.);
#8765 = ORIENTED_EDGE('',*,*,#4613,.F.);
#8766 = ORIENTED_EDGE('',*,*,#8767,.F.);
#8767 = EDGE_CURVE('',#8743,#4539,#8768,.T.);
#8768 = SURFACE_CURVE('',#8769,(#8772,#8779),.PCURVE_S1.);
#8769 = B_SPLINE_CURVE_WITH_KNOTS('',1,(#8770,#8771),.UNSPECIFIED.,.F.,
  .F.,(2,2),(0.,0.6),.PIECEWISE_BEZIER_KNOTS.);
#8770 = CARTESIAN_POINT('',(-55.44197341709,5.355190605045,
    6.707275490625));
#8771 = CARTESIAN_POINT('',(-56.03917110753,5.413112263619,
    6.707275490625));
#8772 = PCURVE('',#4687,#8773);
#8773 = DEFINITIONAL_REPRESENTATION('',(#8774),#8778);
#8774 = B_SPLINE_CURVE_WITH_KNOTS('',2,(#8775,#8776,#8777),
  .UNSPECIFIED.,.F.,.F.,(3,3),(0.,0.6),.PIECEWISE_BEZIER_KNOTS.);
#8775 = CARTESIAN_POINT('',(1.,7.072241345925E-15));
#8776 = CARTESIAN_POINT('',(1.,-0.3));
#8777 = CARTESIAN_POINT('',(1.,-0.6));
#8778 = ( GEOMETRIC_REPRESENTATION_CONTEXT(2) 
PARAMETRIC_REPRESENTATION_CONTEXT() REPRESENTATION_CONTEXT('2D SPACE',''
  ) );
#8779 = PCURVE('',#4584,#8780);
#8780 = DEFINITIONAL_REPRESENTATION('',(#8781),#8785);
#8781 = B_SPLINE_CURVE_WITH_KNOTS('',2,(#8782,#8783,#8784),
  .UNSPECIFIED.,.F.,.F.,(3,3),(0.,0.6),.PIECEWISE_BEZIER_KNOTS.);
#8782 = CARTESIAN_POINT('',(-1.560872343446E-15,7.072241345925E-15));
#8783 = CARTESIAN_POINT('',(-9.487655420944E-17,-0.3));
#8784 = CARTESIAN_POINT('',(0.,-0.6));
#8785 = ( GEOMETRIC_REPRESENTATION_CONTEXT(2) 
PARAMETRIC_REPRESENTATION_CONTEXT() REPRESENTATION_CONTEXT('2D SPACE',''
  ) );
#8786 = ADVANCED_FACE('',(#8787),#4584,.F.);
#8787 = FACE_BOUND('',#8788,.F.);
#8788 = EDGE_LOOP('',(#8789,#8812,#8813,#8814));
#8789 = ORIENTED_EDGE('',*,*,#8790,.F.);
#8790 = EDGE_CURVE('',#8743,#8791,#8793,.T.);
#8791 = VERTEX_POINT('',#8792);
#8792 = CARTESIAN_POINT('',(-55.50678647091,4.686939608661,6.82568369375
    ));
#8793 = SURFACE_CURVE('',#8794,(#8798,#8805),.PCURVE_S1.);
#8794 = B_SPLINE_CURVE_WITH_KNOTS('',2,(#8795,#8796,#8797),
  .UNSPECIFIED.,.F.,.F.,(3,3),(0.,1.),.PIECEWISE_BEZIER_KNOTS.);
#8795 = CARTESIAN_POINT('',(-55.44197341709,5.355190605045,
    6.707275490625));
#8796 = CARTESIAN_POINT('',(-55.48439650686,4.917789952867,
    6.707275490625));
#8797 = CARTESIAN_POINT('',(-55.50678647091,4.686939608661,6.82568369375
    ));
#8798 = PCURVE('',#4584,#8799);
#8799 = DEFINITIONAL_REPRESENTATION('',(#8800),#8804);
#8800 = B_SPLINE_CURVE_WITH_KNOTS('',2,(#8801,#8802,#8803),
  .UNSPECIFIED.,.F.,.F.,(3,3),(0.,1.),.PIECEWISE_BEZIER_KNOTS.);
#8801 = CARTESIAN_POINT('',(-1.560872343446E-15,7.072241345925E-15));
#8802 = CARTESIAN_POINT('',(0.5,-4.13774506408E-15));
#8803 = CARTESIAN_POINT('',(1.,0.));
#8804 = ( GEOMETRIC_REPRESENTATION_CONTEXT(2) 
PARAMETRIC_REPRESENTATION_CONTEXT() REPRESENTATION_CONTEXT('2D SPACE',''
  ) );
#8805 = PCURVE('',#8498,#8806);
#8806 = DEFINITIONAL_REPRESENTATION('',(#8807),#8811);
#8807 = B_SPLINE_CURVE_WITH_KNOTS('',2,(#8808,#8809,#8810),
  .UNSPECIFIED.,.F.,.F.,(3,3),(0.,1.),.PIECEWISE_BEZIER_KNOTS.);
#8808 = CARTESIAN_POINT('',(1.37939453125,2.9443359375));
#8809 = CARTESIAN_POINT('',(1.15966796875,2.9443359375));
#8810 = CARTESIAN_POINT('',(1.043701171875,2.825927734375));
#8811 = ( GEOMETRIC_REPRESENTATION_CONTEXT(2) 
PARAMETRIC_REPRESENTATION_CONTEXT() REPRESENTATION_CONTEXT('2D SPACE',''
  ) );
#8812 = ORIENTED_EDGE('',*,*,#8767,.T.);
#8813 = ORIENTED_EDGE('',*,*,#4538,.F.);
#8814 = ORIENTED_EDGE('',*,*,#8815,.F.);
#8815 = EDGE_CURVE('',#8791,#4488,#8816,.T.);
#8816 = SURFACE_CURVE('',#8817,(#8820,#8827),.PCURVE_S1.);
#8817 = B_SPLINE_CURVE_WITH_KNOTS('',1,(#8818,#8819),.UNSPECIFIED.,.F.,
  .F.,(2,2),(0.,0.6),.PIECEWISE_BEZIER_KNOTS.);
#8818 = CARTESIAN_POINT('',(-55.50678647091,4.686939608661,6.82568369375
    ));
#8819 = CARTESIAN_POINT('',(-56.10398416135,4.744861267236,6.82568369375
    ));
#8820 = PCURVE('',#4584,#8821);
#8821 = DEFINITIONAL_REPRESENTATION('',(#8822),#8826);
#8822 = B_SPLINE_CURVE_WITH_KNOTS('',2,(#8823,#8824,#8825),
  .UNSPECIFIED.,.F.,.F.,(3,3),(0.,0.6),.PIECEWISE_BEZIER_KNOTS.);
#8823 = CARTESIAN_POINT('',(1.,0.));
#8824 = CARTESIAN_POINT('',(1.,-0.3));
#8825 = CARTESIAN_POINT('',(1.,-0.6));
#8826 = ( GEOMETRIC_REPRESENTATION_CONTEXT(2) 
PARAMETRIC_REPRESENTATION_CONTEXT() REPRESENTATION_CONTEXT('2D SPACE',''
  ) );
#8827 = PCURVE('',#4517,#8828);
#8828 = DEFINITIONAL_REPRESENTATION('',(#8829),#8833);
#8829 = B_SPLINE_CURVE_WITH_KNOTS('',2,(#8830,#8831,#8832),
  .UNSPECIFIED.,.F.,.F.,(3,3),(0.,0.6),.PIECEWISE_BEZIER_KNOTS.);
#8830 = CARTESIAN_POINT('',(0.,0.));
#8831 = CARTESIAN_POINT('',(0.,-0.3));
#8832 = CARTESIAN_POINT('',(0.,-0.6));
#8833 = ( GEOMETRIC_REPRESENTATION_CONTEXT(2) 
PARAMETRIC_REPRESENTATION_CONTEXT() REPRESENTATION_CONTEXT('2D SPACE',''
  ) );
#8834 = ADVANCED_FACE('',(#8835),#4517,.F.);
#8835 = FACE_BOUND('',#8836,.F.);
#8836 = EDGE_LOOP('',(#8837,#8860,#8861,#8862));
#8837 = ORIENTED_EDGE('',*,*,#8838,.F.);
#8838 = EDGE_CURVE('',#8791,#8839,#8841,.T.);
#8839 = VERTEX_POINT('',#8840);
#8840 = CARTESIAN_POINT('',(-55.53577558226,4.388049163006,
    7.180908303125));
#8841 = SURFACE_CURVE('',#8842,(#8846,#8853),.PCURVE_S1.);
#8842 = B_SPLINE_CURVE_WITH_KNOTS('',2,(#8843,#8844,#8845),
  .UNSPECIFIED.,.F.,.F.,(3,3),(0.,1.),.PIECEWISE_BEZIER_KNOTS.);
#8843 = CARTESIAN_POINT('',(-55.50678647091,4.686939608661,6.82568369375
    ));
#8844 = CARTESIAN_POINT('',(-55.52917643496,4.456089264456,
    6.944091896875));
#8845 = CARTESIAN_POINT('',(-55.53577558226,4.388049163006,
    7.180908303125));
#8846 = PCURVE('',#4517,#8847);
#8847 = DEFINITIONAL_REPRESENTATION('',(#8848),#8852);
#8848 = B_SPLINE_CURVE_WITH_KNOTS('',2,(#8849,#8850,#8851),
  .UNSPECIFIED.,.F.,.F.,(3,3),(0.,1.),.PIECEWISE_BEZIER_KNOTS.);
#8849 = CARTESIAN_POINT('',(0.,0.));
#8850 = CARTESIAN_POINT('',(0.5,4.921871182734E-15));
#8851 = CARTESIAN_POINT('',(1.,0.));
#8852 = ( GEOMETRIC_REPRESENTATION_CONTEXT(2) 
PARAMETRIC_REPRESENTATION_CONTEXT() REPRESENTATION_CONTEXT('2D SPACE',''
  ) );
#8853 = PCURVE('',#8498,#8854);
#8854 = DEFINITIONAL_REPRESENTATION('',(#8855),#8859);
#8855 = B_SPLINE_CURVE_WITH_KNOTS('',2,(#8856,#8857,#8858),
  .UNSPECIFIED.,.F.,.F.,(3,3),(0.,1.),.PIECEWISE_BEZIER_KNOTS.);
#8856 = CARTESIAN_POINT('',(1.043701171875,2.825927734375));
#8857 = CARTESIAN_POINT('',(0.927734375,2.70751953125));
#8858 = CARTESIAN_POINT('',(0.8935546875,2.470703125));
#8859 = ( GEOMETRIC_REPRESENTATION_CONTEXT(2) 
PARAMETRIC_REPRESENTATION_CONTEXT() REPRESENTATION_CONTEXT('2D SPACE',''
  ) );
#8860 = ORIENTED_EDGE('',*,*,#8815,.T.);
#8861 = ORIENTED_EDGE('',*,*,#4487,.F.);
#8862 = ORIENTED_EDGE('',*,*,#8863,.F.);
#8863 = EDGE_CURVE('',#8839,#4454,#8864,.T.);
#8864 = SURFACE_CURVE('',#8865,(#8868,#8875),.PCURVE_S1.);
#8865 = B_SPLINE_CURVE_WITH_KNOTS('',1,(#8866,#8867),.UNSPECIFIED.,.F.,
  .F.,(2,2),(0.,0.6),.PIECEWISE_BEZIER_KNOTS.);
#8866 = CARTESIAN_POINT('',(-55.53577558226,4.388049163006,
    7.180908303125));
#8867 = CARTESIAN_POINT('',(-56.1329732727,4.44597082158,7.180908303125)
  );
#8868 = PCURVE('',#4517,#8869);
#8869 = DEFINITIONAL_REPRESENTATION('',(#8870),#8874);
#8870 = B_SPLINE_CURVE_WITH_KNOTS('',2,(#8871,#8872,#8873),
  .UNSPECIFIED.,.F.,.F.,(3,3),(0.,0.6),.PIECEWISE_BEZIER_KNOTS.);
#8871 = CARTESIAN_POINT('',(1.,0.));
#8872 = CARTESIAN_POINT('',(1.,-0.3));
#8873 = CARTESIAN_POINT('',(1.,-0.6));
#8874 = ( GEOMETRIC_REPRESENTATION_CONTEXT(2) 
PARAMETRIC_REPRESENTATION_CONTEXT() REPRESENTATION_CONTEXT('2D SPACE',''
  ) );
#8875 = PCURVE('',#4473,#8876);
#8876 = DEFINITIONAL_REPRESENTATION('',(#8877),#8880);
#8877 = B_SPLINE_CURVE_WITH_KNOTS('',1,(#8878,#8879),.UNSPECIFIED.,.F.,
  .F.,(2,2),(0.,0.6),.PIECEWISE_BEZIER_KNOTS.);
#8878 = CARTESIAN_POINT('',(0.,0.));
#8879 = CARTESIAN_POINT('',(1.7763568394E-15,-0.6));
#8880 = ( GEOMETRIC_REPRESENTATION_CONTEXT(2) 
PARAMETRIC_REPRESENTATION_CONTEXT() REPRESENTATION_CONTEXT('2D SPACE',''
  ) );
#8881 = ADVANCED_FACE('',(#8882),#4473,.F.);
#8882 = FACE_BOUND('',#8883,.F.);
#8883 = EDGE_LOOP('',(#8884,#8904,#8905,#8906));
#8884 = ORIENTED_EDGE('',*,*,#8885,.F.);
#8885 = EDGE_CURVE('',#8839,#8886,#8888,.T.);
#8886 = VERTEX_POINT('',#8887);
#8887 = CARTESIAN_POINT('',(-55.66917263122,3.012667112267,
    7.141845803125));
#8888 = SURFACE_CURVE('',#8889,(#8892,#8898),.PCURVE_S1.);
#8889 = B_SPLINE_CURVE_WITH_KNOTS('',1,(#8890,#8891),.UNSPECIFIED.,.F.,
  .F.,(2,2),(0.,0.69202132803),.PIECEWISE_BEZIER_KNOTS.);
#8890 = CARTESIAN_POINT('',(-55.53577558226,4.388049163006,
    7.180908303125));
#8891 = CARTESIAN_POINT('',(-55.66917263122,3.012667112267,
    7.141845803125));
#8892 = PCURVE('',#4473,#8893);
#8893 = DEFINITIONAL_REPRESENTATION('',(#8894),#8897);
#8894 = B_SPLINE_CURVE_WITH_KNOTS('',1,(#8895,#8896),.UNSPECIFIED.,.F.,
  .F.,(2,2),(0.,0.69202132803),.PIECEWISE_BEZIER_KNOTS.);
#8895 = CARTESIAN_POINT('',(8.881784197001E-16,0.));
#8896 = CARTESIAN_POINT('',(0.69202132803,0.));
#8897 = ( GEOMETRIC_REPRESENTATION_CONTEXT(2) 
PARAMETRIC_REPRESENTATION_CONTEXT() REPRESENTATION_CONTEXT('2D SPACE',''
  ) );
#8898 = PCURVE('',#8498,#8899);
#8899 = DEFINITIONAL_REPRESENTATION('',(#8900),#8903);
#8900 = B_SPLINE_CURVE_WITH_KNOTS('',1,(#8901,#8902),.UNSPECIFIED.,.F.,
  .F.,(2,2),(0.,0.69202132803),.PIECEWISE_BEZIER_KNOTS.);
#8901 = CARTESIAN_POINT('',(0.8935546875,2.470703125));
#8902 = CARTESIAN_POINT('',(0.20263671875,2.509765625));
#8903 = ( GEOMETRIC_REPRESENTATION_CONTEXT(2) 
PARAMETRIC_REPRESENTATION_CONTEXT() REPRESENTATION_CONTEXT('2D SPACE',''
  ) );
#8904 = ORIENTED_EDGE('',*,*,#8863,.T.);
#8905 = ORIENTED_EDGE('',*,*,#4453,.F.);
#8906 = ORIENTED_EDGE('',*,*,#8907,.F.);
#8907 = EDGE_CURVE('',#8886,#4379,#8908,.T.);
#8908 = SURFACE_CURVE('',#8909,(#8912,#8918),.PCURVE_S1.);
#8909 = B_SPLINE_CURVE_WITH_KNOTS('',1,(#8910,#8911),.UNSPECIFIED.,.F.,
  .F.,(2,2),(0.,0.6),.PIECEWISE_BEZIER_KNOTS.);
#8910 = CARTESIAN_POINT('',(-55.66917263122,3.012667112267,
    7.141845803125));
#8911 = CARTESIAN_POINT('',(-56.26637032166,3.070588770842,
    7.141845803125));
#8912 = PCURVE('',#4473,#8913);
#8913 = DEFINITIONAL_REPRESENTATION('',(#8914),#8917);
#8914 = B_SPLINE_CURVE_WITH_KNOTS('',1,(#8915,#8916),.UNSPECIFIED.,.F.,
  .F.,(2,2),(0.,0.6),.PIECEWISE_BEZIER_KNOTS.);
#8915 = CARTESIAN_POINT('',(0.69202132803,0.));
#8916 = CARTESIAN_POINT('',(0.69202132803,-0.6));
#8917 = ( GEOMETRIC_REPRESENTATION_CONTEXT(2) 
PARAMETRIC_REPRESENTATION_CONTEXT() REPRESENTATION_CONTEXT('2D SPACE',''
  ) );
#8918 = PCURVE('',#4424,#8919);
#8919 = DEFINITIONAL_REPRESENTATION('',(#8920),#8924);
#8920 = B_SPLINE_CURVE_WITH_KNOTS('',2,(#8921,#8922,#8923),
  .UNSPECIFIED.,.F.,.F.,(3,3),(0.,0.6),.PIECEWISE_BEZIER_KNOTS.);
#8921 = CARTESIAN_POINT('',(8.646605103207E-17,7.072241345925E-15));
#8922 = CARTESIAN_POINT('',(5.255779572538E-18,-0.3));
#8923 = CARTESIAN_POINT('',(0.,-0.6));
#8924 = ( GEOMETRIC_REPRESENTATION_CONTEXT(2) 
PARAMETRIC_REPRESENTATION_CONTEXT() REPRESENTATION_CONTEXT('2D SPACE',''
  ) );
#8925 = ADVANCED_FACE('',(#8926),#4424,.F.);
#8926 = FACE_BOUND('',#8927,.F.);
#8927 = EDGE_LOOP('',(#8928,#8951,#8952,#8953));
#8928 = ORIENTED_EDGE('',*,*,#8929,.F.);
#8929 = EDGE_CURVE('',#8886,#8930,#8932,.T.);
#8930 = VERTEX_POINT('',#8931);
#8931 = CARTESIAN_POINT('',(-55.60011726842,3.724658173869,
    6.411865334375));
#8932 = SURFACE_CURVE('',#8933,(#8937,#8944),.PCURVE_S1.);
#8933 = B_SPLINE_CURVE_WITH_KNOTS('',2,(#8934,#8935,#8936),
  .UNSPECIFIED.,.F.,.F.,(3,3),(0.,1.),.PIECEWISE_BEZIER_KNOTS.);
#8934 = CARTESIAN_POINT('',(-55.66917263122,3.012667112267,
    7.141845803125));
#8935 = CARTESIAN_POINT('',(-55.65785980728,3.129307286181,
    6.663330178125));
#8936 = CARTESIAN_POINT('',(-55.60011726842,3.724658173869,
    6.411865334375));
#8937 = PCURVE('',#4424,#8938);
#8938 = DEFINITIONAL_REPRESENTATION('',(#8939),#8943);
#8939 = B_SPLINE_CURVE_WITH_KNOTS('',2,(#8940,#8941,#8942),
  .UNSPECIFIED.,.F.,.F.,(3,3),(0.,1.),.PIECEWISE_BEZIER_KNOTS.);
#8940 = CARTESIAN_POINT('',(8.646605103207E-17,7.072241345925E-15));
#8941 = CARTESIAN_POINT('',(0.5,-4.122851590844E-15));
#8942 = CARTESIAN_POINT('',(1.,7.072241345925E-15));
#8943 = ( GEOMETRIC_REPRESENTATION_CONTEXT(2) 
PARAMETRIC_REPRESENTATION_CONTEXT() REPRESENTATION_CONTEXT('2D SPACE',''
  ) );
#8944 = PCURVE('',#8498,#8945);
#8945 = DEFINITIONAL_REPRESENTATION('',(#8946),#8950);
#8946 = B_SPLINE_CURVE_WITH_KNOTS('',2,(#8947,#8948,#8949),
  .UNSPECIFIED.,.F.,.F.,(3,3),(0.,1.),.PIECEWISE_BEZIER_KNOTS.);
#8947 = CARTESIAN_POINT('',(0.20263671875,2.509765625));
#8948 = CARTESIAN_POINT('',(0.26123046875,2.98828125));
#8949 = CARTESIAN_POINT('',(0.560302734375,3.23974609375));
#8950 = ( GEOMETRIC_REPRESENTATION_CONTEXT(2) 
PARAMETRIC_REPRESENTATION_CONTEXT() REPRESENTATION_CONTEXT('2D SPACE',''
  ) );
#8951 = ORIENTED_EDGE('',*,*,#8907,.T.);
#8952 = ORIENTED_EDGE('',*,*,#4378,.F.);
#8953 = ORIENTED_EDGE('',*,*,#8954,.F.);
#8954 = EDGE_CURVE('',#8930,#4304,#8955,.T.);
#8955 = SURFACE_CURVE('',#8956,(#8959,#8966),.PCURVE_S1.);
#8956 = B_SPLINE_CURVE_WITH_KNOTS('',1,(#8957,#8958),.UNSPECIFIED.,.F.,
  .F.,(2,2),(0.,0.6),.PIECEWISE_BEZIER_KNOTS.);
#8957 = CARTESIAN_POINT('',(-55.60011726842,3.724658173869,
    6.411865334375));
#8958 = CARTESIAN_POINT('',(-56.19731495886,3.782579832443,
    6.411865334375));
#8959 = PCURVE('',#4424,#8960);
#8960 = DEFINITIONAL_REPRESENTATION('',(#8961),#8965);
#8961 = B_SPLINE_CURVE_WITH_KNOTS('',2,(#8962,#8963,#8964),
  .UNSPECIFIED.,.F.,.F.,(3,3),(0.,0.6),.PIECEWISE_BEZIER_KNOTS.);
#8962 = CARTESIAN_POINT('',(1.,7.072241345925E-15));
#8963 = CARTESIAN_POINT('',(1.,-0.3));
#8964 = CARTESIAN_POINT('',(1.,-0.6));
#8965 = ( GEOMETRIC_REPRESENTATION_CONTEXT(2) 
PARAMETRIC_REPRESENTATION_CONTEXT() REPRESENTATION_CONTEXT('2D SPACE',''
  ) );
#8966 = PCURVE('',#4349,#8967);
#8967 = DEFINITIONAL_REPRESENTATION('',(#8968),#8972);
#8968 = B_SPLINE_CURVE_WITH_KNOTS('',2,(#8969,#8970,#8971),
  .UNSPECIFIED.,.F.,.F.,(3,3),(0.,0.6),.PIECEWISE_BEZIER_KNOTS.);
#8969 = CARTESIAN_POINT('',(0.,0.));
#8970 = CARTESIAN_POINT('',(2.169456221816E-16,-0.3));
#8971 = CARTESIAN_POINT('',(0.,-0.6));
#8972 = ( GEOMETRIC_REPRESENTATION_CONTEXT(2) 
PARAMETRIC_REPRESENTATION_CONTEXT() REPRESENTATION_CONTEXT('2D SPACE',''
  ) );
#8973 = ADVANCED_FACE('',(#8974),#4349,.F.);
#8974 = FACE_BOUND('',#8975,.F.);
#8975 = EDGE_LOOP('',(#8976,#8999,#9000,#9001));
#8976 = ORIENTED_EDGE('',*,*,#8977,.F.);
#8977 = EDGE_CURVE('',#8930,#8978,#8980,.T.);
#8978 = VERTEX_POINT('',#8979);
#8979 = CARTESIAN_POINT('',(-55.44291615241,5.345470590552,
    6.160400490625));
#8980 = SURFACE_CURVE('',#8981,(#8985,#8992),.PCURVE_S1.);
#8981 = B_SPLINE_CURVE_WITH_KNOTS('',2,(#8982,#8983,#8984),
  .UNSPECIFIED.,.F.,.F.,(3,3),(0.,1.),.PIECEWISE_BEZIER_KNOTS.);
#8982 = CARTESIAN_POINT('',(-55.60011726842,3.724658173869,
    6.411865334375));
#8983 = CARTESIAN_POINT('',(-55.54237472956,4.320009061556,
    6.160400490625));
#8984 = CARTESIAN_POINT('',(-55.44291615241,5.345470590552,
    6.160400490625));
#8985 = PCURVE('',#4349,#8986);
#8986 = DEFINITIONAL_REPRESENTATION('',(#8987),#8991);
#8987 = B_SPLINE_CURVE_WITH_KNOTS('',2,(#8988,#8989,#8990),
  .UNSPECIFIED.,.F.,.F.,(3,3),(0.,1.),.PIECEWISE_BEZIER_KNOTS.);
#8988 = CARTESIAN_POINT('',(0.,0.));
#8989 = CARTESIAN_POINT('',(0.5,-2.339344557153E-15));
#8990 = CARTESIAN_POINT('',(1.,8.574127863166E-17));
#8991 = ( GEOMETRIC_REPRESENTATION_CONTEXT(2) 
PARAMETRIC_REPRESENTATION_CONTEXT() REPRESENTATION_CONTEXT('2D SPACE',''
  ) );
#8992 = PCURVE('',#8498,#8993);
#8993 = DEFINITIONAL_REPRESENTATION('',(#8994),#8998);
#8994 = B_SPLINE_CURVE_WITH_KNOTS('',2,(#8995,#8996,#8997),
  .UNSPECIFIED.,.F.,.F.,(3,3),(0.,1.),.PIECEWISE_BEZIER_KNOTS.);
#8995 = CARTESIAN_POINT('',(0.560302734375,3.23974609375));
#8996 = CARTESIAN_POINT('',(0.859375,3.4912109375));
#8997 = CARTESIAN_POINT('',(1.37451171875,3.4912109375));
#8998 = ( GEOMETRIC_REPRESENTATION_CONTEXT(2) 
PARAMETRIC_REPRESENTATION_CONTEXT() REPRESENTATION_CONTEXT('2D SPACE',''
  ) );
#8999 = ORIENTED_EDGE('',*,*,#8954,.T.);
#9000 = ORIENTED_EDGE('',*,*,#4303,.F.);
#9001 = ORIENTED_EDGE('',*,*,#9002,.F.);
#9002 = EDGE_CURVE('',#8978,#4229,#9003,.T.);
#9003 = SURFACE_CURVE('',#9004,(#9007,#9014),.PCURVE_S1.);
#9004 = B_SPLINE_CURVE_WITH_KNOTS('',1,(#9005,#9006),.UNSPECIFIED.,.F.,
  .F.,(2,2),(0.,0.6),.PIECEWISE_BEZIER_KNOTS.);
#9005 = CARTESIAN_POINT('',(-55.44291615241,5.345470590552,
    6.160400490625));
#9006 = CARTESIAN_POINT('',(-56.04011384285,5.403392249126,
    6.160400490625));
#9007 = PCURVE('',#4349,#9008);
#9008 = DEFINITIONAL_REPRESENTATION('',(#9009),#9013);
#9009 = B_SPLINE_CURVE_WITH_KNOTS('',2,(#9010,#9011,#9012),
  .UNSPECIFIED.,.F.,.F.,(3,3),(0.,0.6),.PIECEWISE_BEZIER_KNOTS.);
#9010 = CARTESIAN_POINT('',(1.,0.));
#9011 = CARTESIAN_POINT('',(1.,-0.3));
#9012 = CARTESIAN_POINT('',(1.,-0.6));
#9013 = ( GEOMETRIC_REPRESENTATION_CONTEXT(2) 
PARAMETRIC_REPRESENTATION_CONTEXT() REPRESENTATION_CONTEXT('2D SPACE',''
  ) );
#9014 = PCURVE('',#4274,#9015);
#9015 = DEFINITIONAL_REPRESENTATION('',(#9016),#9020);
#9016 = B_SPLINE_CURVE_WITH_KNOTS('',2,(#9017,#9018,#9019),
  .UNSPECIFIED.,.F.,.F.,(3,3),(0.,0.6),.PIECEWISE_BEZIER_KNOTS.);
#9017 = CARTESIAN_POINT('',(7.940762212969E-16,-8.574127863166E-17));
#9018 = CARTESIAN_POINT('',(4.826737815726E-17,-0.3));
#9019 = CARTESIAN_POINT('',(0.,-0.6));
#9020 = ( GEOMETRIC_REPRESENTATION_CONTEXT(2) 
PARAMETRIC_REPRESENTATION_CONTEXT() REPRESENTATION_CONTEXT('2D SPACE',''
  ) );
#9021 = ADVANCED_FACE('',(#9022),#4274,.F.);
#9022 = FACE_BOUND('',#9023,.F.);
#9023 = EDGE_LOOP('',(#9024,#9047,#9048,#9049));
#9024 = ORIENTED_EDGE('',*,*,#9025,.F.);
#9025 = EDGE_CURVE('',#8978,#9026,#9028,.T.);
#9026 = VERTEX_POINT('',#9027);
#9027 = CARTESIAN_POINT('',(-55.27793746995,7.046473126802,
    6.414306740625));
#9028 = SURFACE_CURVE('',#9029,(#9033,#9040),.PCURVE_S1.);
#9029 = B_SPLINE_CURVE_WITH_KNOTS('',2,(#9030,#9031,#9032),
  .UNSPECIFIED.,.F.,.F.,(3,3),(0.,1.),.PIECEWISE_BEZIER_KNOTS.);
#9030 = CARTESIAN_POINT('',(-55.44291615241,5.345470590552,
    6.160400490625));
#9031 = CARTESIAN_POINT('',(-55.33544432498,6.453552242737,
    6.160400490625));
#9032 = CARTESIAN_POINT('',(-55.27793746995,7.046473126802,
    6.414306740625));
#9033 = PCURVE('',#4274,#9034);
#9034 = DEFINITIONAL_REPRESENTATION('',(#9035),#9039);
#9035 = B_SPLINE_CURVE_WITH_KNOTS('',2,(#9036,#9037,#9038),
  .UNSPECIFIED.,.F.,.F.,(3,3),(0.,1.),.PIECEWISE_BEZIER_KNOTS.);
#9036 = CARTESIAN_POINT('',(0.,0.));
#9037 = CARTESIAN_POINT('',(0.5,9.368849192648E-15));
#9038 = CARTESIAN_POINT('',(1.,7.072241345925E-15));
#9039 = ( GEOMETRIC_REPRESENTATION_CONTEXT(2) 
PARAMETRIC_REPRESENTATION_CONTEXT() REPRESENTATION_CONTEXT('2D SPACE',''
  ) );
#9040 = PCURVE('',#8498,#9041);
#9041 = DEFINITIONAL_REPRESENTATION('',(#9042),#9046);
#9042 = B_SPLINE_CURVE_WITH_KNOTS('',2,(#9043,#9044,#9045),
  .UNSPECIFIED.,.F.,.F.,(3,3),(0.,1.),.PIECEWISE_BEZIER_KNOTS.);
#9043 = CARTESIAN_POINT('',(1.37451171875,3.4912109375));
#9044 = CARTESIAN_POINT('',(1.93115234375,3.4912109375));
#9045 = CARTESIAN_POINT('',(2.22900390625,3.2373046875));
#9046 = ( GEOMETRIC_REPRESENTATION_CONTEXT(2) 
PARAMETRIC_REPRESENTATION_CONTEXT() REPRESENTATION_CONTEXT('2D SPACE',''
  ) );
#9047 = ORIENTED_EDGE('',*,*,#9002,.T.);
#9048 = ORIENTED_EDGE('',*,*,#4228,.F.);
#9049 = ORIENTED_EDGE('',*,*,#9050,.F.);
#9050 = EDGE_CURVE('',#9026,#4154,#9051,.T.);
#9051 = SURFACE_CURVE('',#9052,(#9055,#9062),.PCURVE_S1.);
#9052 = B_SPLINE_CURVE_WITH_KNOTS('',1,(#9053,#9054),.UNSPECIFIED.,.F.,
  .F.,(2,2),(0.,0.6),.PIECEWISE_BEZIER_KNOTS.);
#9053 = CARTESIAN_POINT('',(-55.27793746995,7.046473126802,
    6.414306740625));
#9054 = CARTESIAN_POINT('',(-55.87513516039,7.104394785376,
    6.414306740625));
#9055 = PCURVE('',#4274,#9056);
#9056 = DEFINITIONAL_REPRESENTATION('',(#9057),#9061);
#9057 = B_SPLINE_CURVE_WITH_KNOTS('',2,(#9058,#9059,#9060),
  .UNSPECIFIED.,.F.,.F.,(3,3),(0.,0.6),.PIECEWISE_BEZIER_KNOTS.);
#9058 = CARTESIAN_POINT('',(1.,7.072241345925E-15));
#9059 = CARTESIAN_POINT('',(1.,-0.3));
#9060 = CARTESIAN_POINT('',(1.,-0.6));
#9061 = ( GEOMETRIC_REPRESENTATION_CONTEXT(2) 
PARAMETRIC_REPRESENTATION_CONTEXT() REPRESENTATION_CONTEXT('2D SPACE',''
  ) );
#9062 = PCURVE('',#4199,#9063);
#9063 = DEFINITIONAL_REPRESENTATION('',(#9064),#9068);
#9064 = B_SPLINE_CURVE_WITH_KNOTS('',2,(#9065,#9066,#9067),
  .UNSPECIFIED.,.F.,.F.,(3,3),(0.,0.6),.PIECEWISE_BEZIER_KNOTS.);
#9065 = CARTESIAN_POINT('',(6.668629700791E-16,7.072241345925E-15));
#9066 = CARTESIAN_POINT('',(4.05348079852E-17,-0.3));
#9067 = CARTESIAN_POINT('',(0.,-0.6));
#9068 = ( GEOMETRIC_REPRESENTATION_CONTEXT(2) 
PARAMETRIC_REPRESENTATION_CONTEXT() REPRESENTATION_CONTEXT('2D SPACE',''
  ) );
#9069 = ADVANCED_FACE('',(#9070),#4199,.F.);
#9070 = FACE_BOUND('',#9071,.F.);
#9071 = EDGE_LOOP('',(#9072,#9095,#9096,#9097));
#9072 = ORIENTED_EDGE('',*,*,#9073,.F.);
#9073 = EDGE_CURVE('',#9026,#9074,#9076,.T.);
#9074 = VERTEX_POINT('',#9075);
#9075 = CARTESIAN_POINT('',(-55.22043061492,7.639394010866,
    7.127197365625));
#9076 = SURFACE_CURVE('',#9077,(#9081,#9088),.PCURVE_S1.);
#9077 = B_SPLINE_CURVE_WITH_KNOTS('',2,(#9078,#9079,#9080),
  .UNSPECIFIED.,.F.,.F.,(3,3),(0.,1.),.PIECEWISE_BEZIER_KNOTS.);
#9078 = CARTESIAN_POINT('',(-55.27793746995,7.046473126802,
    6.414306740625));
#9079 = CARTESIAN_POINT('',(-55.22043061492,7.639394010866,
    6.668212990625));
#9080 = CARTESIAN_POINT('',(-55.22043061492,7.639394010866,
    7.127197365625));
#9081 = PCURVE('',#4199,#9082);
#9082 = DEFINITIONAL_REPRESENTATION('',(#9083),#9087);
#9083 = B_SPLINE_CURVE_WITH_KNOTS('',2,(#9084,#9085,#9086),
  .UNSPECIFIED.,.F.,.F.,(3,3),(0.,1.),.PIECEWISE_BEZIER_KNOTS.);
#9084 = CARTESIAN_POINT('',(6.668629700791E-16,7.072241345925E-15));
#9085 = CARTESIAN_POINT('',(0.5,4.358546808816E-15));
#9086 = CARTESIAN_POINT('',(1.,0.));
#9087 = ( GEOMETRIC_REPRESENTATION_CONTEXT(2) 
PARAMETRIC_REPRESENTATION_CONTEXT() REPRESENTATION_CONTEXT('2D SPACE',''
  ) );
#9088 = PCURVE('',#8498,#9089);
#9089 = DEFINITIONAL_REPRESENTATION('',(#9090),#9094);
#9090 = B_SPLINE_CURVE_WITH_KNOTS('',2,(#9091,#9092,#9093),
  .UNSPECIFIED.,.F.,.F.,(3,3),(0.,1.),.PIECEWISE_BEZIER_KNOTS.);
#9091 = CARTESIAN_POINT('',(2.22900390625,3.2373046875));
#9092 = CARTESIAN_POINT('',(2.52685546875,2.9833984375));
#9093 = CARTESIAN_POINT('',(2.52685546875,2.5244140625));
#9094 = ( GEOMETRIC_REPRESENTATION_CONTEXT(2) 
PARAMETRIC_REPRESENTATION_CONTEXT() REPRESENTATION_CONTEXT('2D SPACE',''
  ) );
#9095 = ORIENTED_EDGE('',*,*,#9050,.T.);
#9096 = ORIENTED_EDGE('',*,*,#4153,.F.);
#9097 = ORIENTED_EDGE('',*,*,#9098,.F.);
#9098 = EDGE_CURVE('',#9074,#4103,#9099,.T.);
#9099 = SURFACE_CURVE('',#9100,(#9103,#9110),.PCURVE_S1.);
#9100 = B_SPLINE_CURVE_WITH_KNOTS('',1,(#9101,#9102),.UNSPECIFIED.,.F.,
  .F.,(2,2),(0.,0.6),.PIECEWISE_BEZIER_KNOTS.);
#9101 = CARTESIAN_POINT('',(-55.22043061492,7.639394010866,
    7.127197365625));
#9102 = CARTESIAN_POINT('',(-55.81762830536,7.69731566944,7.127197365625
    ));
#9103 = PCURVE('',#4199,#9104);
#9104 = DEFINITIONAL_REPRESENTATION('',(#9105),#9109);
#9105 = B_SPLINE_CURVE_WITH_KNOTS('',2,(#9106,#9107,#9108),
  .UNSPECIFIED.,.F.,.F.,(3,3),(0.,0.6),.PIECEWISE_BEZIER_KNOTS.);
#9106 = CARTESIAN_POINT('',(1.,0.));
#9107 = CARTESIAN_POINT('',(1.,-0.3));
#9108 = CARTESIAN_POINT('',(1.,-0.6));
#9109 = ( GEOMETRIC_REPRESENTATION_CONTEXT(2) 
PARAMETRIC_REPRESENTATION_CONTEXT() REPRESENTATION_CONTEXT('2D SPACE',''
  ) );
#9110 = PCURVE('',#4132,#9111);
#9111 = DEFINITIONAL_REPRESENTATION('',(#9112),#9116);
#9112 = B_SPLINE_CURVE_WITH_KNOTS('',2,(#9113,#9114,#9115),
  .UNSPECIFIED.,.F.,.F.,(3,3),(0.,0.6),.PIECEWISE_BEZIER_KNOTS.);
#9113 = CARTESIAN_POINT('',(0.,0.));
#9114 = CARTESIAN_POINT('',(0.,-0.3));
#9115 = CARTESIAN_POINT('',(0.,-0.6));
#9116 = ( GEOMETRIC_REPRESENTATION_CONTEXT(2) 
PARAMETRIC_REPRESENTATION_CONTEXT() REPRESENTATION_CONTEXT('2D SPACE',''
  ) );
#9117 = ADVANCED_FACE('',(#9118),#4132,.F.);
#9118 = FACE_BOUND('',#9119,.F.);
#9119 = EDGE_LOOP('',(#9120,#9143,#9144,#9145));
#9120 = ORIENTED_EDGE('',*,*,#9121,.F.);
#9121 = EDGE_CURVE('',#9074,#9122,#9124,.T.);
#9122 = VERTEX_POINT('',#9123);
#9123 = CARTESIAN_POINT('',(-55.23881395382,7.449853728255,
    7.564209084375));
#9124 = SURFACE_CURVE('',#9125,(#9129,#9136),.PCURVE_S1.);
#9125 = B_SPLINE_CURVE_WITH_KNOTS('',2,(#9126,#9127,#9128),
  .UNSPECIFIED.,.F.,.F.,(3,3),(0.,1.),.PIECEWISE_BEZIER_KNOTS.);
#9126 = CARTESIAN_POINT('',(-55.22043061492,7.639394010866,
    7.127197365625));
#9127 = CARTESIAN_POINT('',(-55.22043061492,7.639394010866,
    7.368896584375));
#9128 = CARTESIAN_POINT('',(-55.23881395382,7.449853728255,
    7.564209084375));
#9129 = PCURVE('',#4132,#9130);
#9130 = DEFINITIONAL_REPRESENTATION('',(#9131),#9135);
#9131 = B_SPLINE_CURVE_WITH_KNOTS('',2,(#9132,#9133,#9134),
  .UNSPECIFIED.,.F.,.F.,(3,3),(0.,1.),.PIECEWISE_BEZIER_KNOTS.);
#9132 = CARTESIAN_POINT('',(0.,0.));
#9133 = CARTESIAN_POINT('',(0.5,6.199684026173E-15));
#9134 = CARTESIAN_POINT('',(1.,7.072241345925E-15));
#9135 = ( GEOMETRIC_REPRESENTATION_CONTEXT(2) 
PARAMETRIC_REPRESENTATION_CONTEXT() REPRESENTATION_CONTEXT('2D SPACE',''
  ) );
#9136 = PCURVE('',#8498,#9137);
#9137 = DEFINITIONAL_REPRESENTATION('',(#9138),#9142);
#9138 = B_SPLINE_CURVE_WITH_KNOTS('',2,(#9139,#9140,#9141),
  .UNSPECIFIED.,.F.,.F.,(3,3),(0.,1.),.PIECEWISE_BEZIER_KNOTS.);
#9139 = CARTESIAN_POINT('',(2.52685546875,2.5244140625));
#9140 = CARTESIAN_POINT('',(2.52685546875,2.28271484375));
#9141 = CARTESIAN_POINT('',(2.431640625,2.08740234375));
#9142 = ( GEOMETRIC_REPRESENTATION_CONTEXT(2) 
PARAMETRIC_REPRESENTATION_CONTEXT() REPRESENTATION_CONTEXT('2D SPACE',''
  ) );
#9143 = ORIENTED_EDGE('',*,*,#9098,.T.);
#9144 = ORIENTED_EDGE('',*,*,#4102,.F.);
#9145 = ORIENTED_EDGE('',*,*,#9146,.F.);
#9146 = EDGE_CURVE('',#9122,#4064,#9147,.T.);
#9147 = SURFACE_CURVE('',#9148,(#9151,#9158),.PCURVE_S1.);
#9148 = B_SPLINE_CURVE_WITH_KNOTS('',1,(#9149,#9150),.UNSPECIFIED.,.F.,
  .F.,(2,2),(0.,0.6),.PIECEWISE_BEZIER_KNOTS.);
#9149 = CARTESIAN_POINT('',(-55.23881395382,7.449853728255,
    7.564209084375));
#9150 = CARTESIAN_POINT('',(-55.83601164426,7.507775386829,
    7.564209084375));
#9151 = PCURVE('',#4132,#9152);
#9152 = DEFINITIONAL_REPRESENTATION('',(#9153),#9157);
#9153 = B_SPLINE_CURVE_WITH_KNOTS('',2,(#9154,#9155,#9156),
  .UNSPECIFIED.,.F.,.F.,(3,3),(0.,0.6),.PIECEWISE_BEZIER_KNOTS.);
#9154 = CARTESIAN_POINT('',(1.,6.986500067294E-15));
#9155 = CARTESIAN_POINT('',(1.,-0.3));
#9156 = CARTESIAN_POINT('',(1.,-0.6));
#9157 = ( GEOMETRIC_REPRESENTATION_CONTEXT(2) 
PARAMETRIC_REPRESENTATION_CONTEXT() REPRESENTATION_CONTEXT('2D SPACE',''
  ) );
#9158 = PCURVE('',#4085,#9159);
#9159 = DEFINITIONAL_REPRESENTATION('',(#9160),#9164);
#9160 = B_SPLINE_CURVE_WITH_KNOTS('',2,(#9161,#9162,#9163),
  .UNSPECIFIED.,.F.,.F.,(3,3),(0.,0.6),.PIECEWISE_BEZIER_KNOTS.);
#9161 = CARTESIAN_POINT('',(0.,0.));
#9162 = CARTESIAN_POINT('',(0.,-0.3));
#9163 = CARTESIAN_POINT('',(0.,-0.6));
#9164 = ( GEOMETRIC_REPRESENTATION_CONTEXT(2) 
PARAMETRIC_REPRESENTATION_CONTEXT() REPRESENTATION_CONTEXT('2D SPACE',''
  ) );
#9165 = ADVANCED_FACE('',(#9166),#4085,.F.);
#9166 = FACE_BOUND('',#9167,.F.);
#9167 = EDGE_LOOP('',(#9168,#9191,#9192,#9193));
#9168 = ORIENTED_EDGE('',*,*,#9169,.F.);
#9169 = EDGE_CURVE('',#9122,#9170,#9172,.T.);
#9170 = VERTEX_POINT('',#9171);
#9171 = CARTESIAN_POINT('',(-55.28595072024,6.963853003612,7.92431650625
    ));
#9172 = SURFACE_CURVE('',#9173,(#9177,#9184),.PCURVE_S1.);
#9173 = B_SPLINE_CURVE_WITH_KNOTS('',2,(#9174,#9175,#9176),
  .UNSPECIFIED.,.F.,.F.,(3,3),(0.,1.),.PIECEWISE_BEZIER_KNOTS.);
#9174 = CARTESIAN_POINT('',(-55.23881395382,7.449853728255,
    7.564209084375));
#9175 = CARTESIAN_POINT('',(-55.25719729273,7.260313445644,
    7.759521584375));
#9176 = CARTESIAN_POINT('',(-55.28595072024,6.963853003612,7.92431650625
    ));
#9177 = PCURVE('',#4085,#9178);
#9178 = DEFINITIONAL_REPRESENTATION('',(#9179),#9183);
#9179 = B_SPLINE_CURVE_WITH_KNOTS('',2,(#9180,#9181,#9182),
  .UNSPECIFIED.,.F.,.F.,(3,3),(0.,1.),.PIECEWISE_BEZIER_KNOTS.);
#9180 = CARTESIAN_POINT('',(0.,0.));
#9181 = CARTESIAN_POINT('',(0.5,-2.638057982337E-15));
#9182 = CARTESIAN_POINT('',(1.,0.));
#9183 = ( GEOMETRIC_REPRESENTATION_CONTEXT(2) 
PARAMETRIC_REPRESENTATION_CONTEXT() REPRESENTATION_CONTEXT('2D SPACE',''
  ) );
#9184 = PCURVE('',#8498,#9185);
#9185 = DEFINITIONAL_REPRESENTATION('',(#9186),#9190);
#9186 = B_SPLINE_CURVE_WITH_KNOTS('',2,(#9187,#9188,#9189),
  .UNSPECIFIED.,.F.,.F.,(3,3),(0.,1.),.PIECEWISE_BEZIER_KNOTS.);
#9187 = CARTESIAN_POINT('',(2.431640625,2.08740234375));
#9188 = CARTESIAN_POINT('',(2.33642578125,1.89208984375));
#9189 = CARTESIAN_POINT('',(2.1875,1.727294921875));
#9190 = ( GEOMETRIC_REPRESENTATION_CONTEXT(2) 
PARAMETRIC_REPRESENTATION_CONTEXT() REPRESENTATION_CONTEXT('2D SPACE',''
  ) );
#9191 = ORIENTED_EDGE('',*,*,#9146,.T.);
#9192 = ORIENTED_EDGE('',*,*,#4063,.F.);
#9193 = ORIENTED_EDGE('',*,*,#9194,.F.);
#9194 = EDGE_CURVE('',#9170,#4025,#9195,.T.);
#9195 = SURFACE_CURVE('',#9196,(#9199,#9206),.PCURVE_S1.);
#9196 = B_SPLINE_CURVE_WITH_KNOTS('',1,(#9197,#9198),.UNSPECIFIED.,.F.,
  .F.,(2,2),(0.,0.6),.PIECEWISE_BEZIER_KNOTS.);
#9197 = CARTESIAN_POINT('',(-55.28595072024,6.963853003612,7.92431650625
    ));
#9198 = CARTESIAN_POINT('',(-55.88314841068,7.021774662187,7.92431650625
    ));
#9199 = PCURVE('',#4085,#9200);
#9200 = DEFINITIONAL_REPRESENTATION('',(#9201),#9205);
#9201 = B_SPLINE_CURVE_WITH_KNOTS('',2,(#9202,#9203,#9204),
  .UNSPECIFIED.,.F.,.F.,(3,3),(0.,0.6),.PIECEWISE_BEZIER_KNOTS.);
#9202 = CARTESIAN_POINT('',(1.,0.));
#9203 = CARTESIAN_POINT('',(1.,-0.3));
#9204 = CARTESIAN_POINT('',(1.,-0.6));
#9205 = ( GEOMETRIC_REPRESENTATION_CONTEXT(2) 
PARAMETRIC_REPRESENTATION_CONTEXT() REPRESENTATION_CONTEXT('2D SPACE',''
  ) );
#9206 = PCURVE('',#4046,#9207);
#9207 = DEFINITIONAL_REPRESENTATION('',(#9208),#9212);
#9208 = B_SPLINE_CURVE_WITH_KNOTS('',2,(#9209,#9210,#9211),
  .UNSPECIFIED.,.F.,.F.,(3,3),(0.,0.6),.PIECEWISE_BEZIER_KNOTS.);
#9209 = CARTESIAN_POINT('',(-2.369531094423E-15,6.986500067294E-15));
#9210 = CARTESIAN_POINT('',(-1.520150517908E-15,-0.3));
#9211 = CARTESIAN_POINT('',(0.,-0.6));
#9212 = ( GEOMETRIC_REPRESENTATION_CONTEXT(2) 
PARAMETRIC_REPRESENTATION_CONTEXT() REPRESENTATION_CONTEXT('2D SPACE',''
  ) );
#9213 = ADVANCED_FACE('',(#9214),#4046,.F.);
#9214 = FACE_BOUND('',#9215,.F.);
#9215 = EDGE_LOOP('',(#9216,#9239,#9240,#9241));
#9216 = ORIENTED_EDGE('',*,*,#9217,.F.);
#9217 = EDGE_CURVE('',#9170,#9218,#9220,.T.);
#9218 = VERTEX_POINT('',#9219);
#9219 = CARTESIAN_POINT('',(-55.34982103874,6.305322021721,
    8.233154396875));
#9220 = SURFACE_CURVE('',#9221,(#9225,#9232),.PCURVE_S1.);
#9221 = B_SPLINE_CURVE_WITH_KNOTS('',2,(#9222,#9223,#9224),
  .UNSPECIFIED.,.F.,.F.,(3,3),(0.,1.),.PIECEWISE_BEZIER_KNOTS.);
#9222 = CARTESIAN_POINT('',(-55.28595072024,6.963853003612,7.92431650625
    ));
#9223 = CARTESIAN_POINT('',(-55.31470414776,6.66739256158,8.089111428125
    ));
#9224 = CARTESIAN_POINT('',(-55.34982103874,6.305322021721,
    8.233154396875));
#9225 = PCURVE('',#4046,#9226);
#9226 = DEFINITIONAL_REPRESENTATION('',(#9227),#9231);
#9227 = B_SPLINE_CURVE_WITH_KNOTS('',2,(#9228,#9229,#9230),
  .UNSPECIFIED.,.F.,.F.,(3,3),(0.,1.),.PIECEWISE_BEZIER_KNOTS.);
#9228 = CARTESIAN_POINT('',(-1.035270067416E-15,7.072241345925E-15));
#9229 = CARTESIAN_POINT('',(0.5,6.670048128774E-15));
#9230 = CARTESIAN_POINT('',(1.,0.));
#9231 = ( GEOMETRIC_REPRESENTATION_CONTEXT(2) 
PARAMETRIC_REPRESENTATION_CONTEXT() REPRESENTATION_CONTEXT('2D SPACE',''
  ) );
#9232 = PCURVE('',#8498,#9233);
#9233 = DEFINITIONAL_REPRESENTATION('',(#9234),#9238);
#9234 = B_SPLINE_CURVE_WITH_KNOTS('',2,(#9235,#9236,#9237),
  .UNSPECIFIED.,.F.,.F.,(3,3),(0.,1.),.PIECEWISE_BEZIER_KNOTS.);
#9235 = CARTESIAN_POINT('',(2.1875,1.727294921875));
#9236 = CARTESIAN_POINT('',(2.03857421875,1.5625));
#9237 = CARTESIAN_POINT('',(1.856689453125,1.41845703125));
#9238 = ( GEOMETRIC_REPRESENTATION_CONTEXT(2) 
PARAMETRIC_REPRESENTATION_CONTEXT() REPRESENTATION_CONTEXT('2D SPACE',''
  ) );
#9239 = ORIENTED_EDGE('',*,*,#9194,.T.);
#9240 = ORIENTED_EDGE('',*,*,#4024,.F.);
#9241 = ORIENTED_EDGE('',*,*,#9242,.F.);
#9242 = EDGE_CURVE('',#9218,#3989,#9243,.T.);
#9243 = SURFACE_CURVE('',#9244,(#9247,#9254),.PCURVE_S1.);
#9244 = B_SPLINE_CURVE_WITH_KNOTS('',1,(#9245,#9246),.UNSPECIFIED.,.F.,
  .F.,(2,2),(0.,0.6),.PIECEWISE_BEZIER_KNOTS.);
#9245 = CARTESIAN_POINT('',(-55.34982103874,6.305322021721,
    8.233154396875));
#9246 = CARTESIAN_POINT('',(-55.94701872918,6.363243680296,
    8.233154396875));
#9247 = PCURVE('',#4046,#9248);
#9248 = DEFINITIONAL_REPRESENTATION('',(#9249),#9253);
#9249 = B_SPLINE_CURVE_WITH_KNOTS('',2,(#9250,#9251,#9252),
  .UNSPECIFIED.,.F.,.F.,(3,3),(0.,0.6),.PIECEWISE_BEZIER_KNOTS.);
#9250 = CARTESIAN_POINT('',(1.,0.));
#9251 = CARTESIAN_POINT('',(1.,-0.3));
#9252 = CARTESIAN_POINT('',(1.,-0.6));
#9253 = ( GEOMETRIC_REPRESENTATION_CONTEXT(2) 
PARAMETRIC_REPRESENTATION_CONTEXT() REPRESENTATION_CONTEXT('2D SPACE',''
  ) );
#9254 = PCURVE('',#4008,#9255);
#9255 = DEFINITIONAL_REPRESENTATION('',(#9256),#9260);
#9256 = B_SPLINE_CURVE_WITH_KNOTS('',2,(#9257,#9258,#9259),
  .UNSPECIFIED.,.F.,.F.,(3,3),(0.,0.6),.PIECEWISE_BEZIER_KNOTS.);
#9257 = CARTESIAN_POINT('',(0.,0.));
#9258 = CARTESIAN_POINT('',(3.742155320961E-16,-0.3));
#9259 = CARTESIAN_POINT('',(0.,-0.6));
#9260 = ( GEOMETRIC_REPRESENTATION_CONTEXT(2) 
PARAMETRIC_REPRESENTATION_CONTEXT() REPRESENTATION_CONTEXT('2D SPACE',''
  ) );
#9261 = ADVANCED_FACE('',(#9262),#4008,.F.);
#9262 = FACE_BOUND('',#9263,.F.);
#9263 = EDGE_LOOP('',(#9264,#9287,#9288,#9289));
#9264 = ORIENTED_EDGE('',*,*,#9265,.F.);
#9265 = EDGE_CURVE('',#9218,#9266,#9268,.T.);
#9266 = VERTEX_POINT('',#9267);
#9267 = CARTESIAN_POINT('',(-55.41793366621,5.603050974613,
    8.513916115625));
#9268 = SURFACE_CURVE('',#9269,(#9273,#9280),.PCURVE_S1.);
#9269 = B_SPLINE_CURVE_WITH_KNOTS('',2,(#9270,#9271,#9272),
  .UNSPECIFIED.,.F.,.F.,(3,3),(0.,1.),.PIECEWISE_BEZIER_KNOTS.);
#9270 = CARTESIAN_POINT('',(-55.34982103874,6.305322021721,
    8.233154396875));
#9271 = CARTESIAN_POINT('',(-55.38493792972,5.943251481863,
    8.377197365625));
#9272 = CARTESIAN_POINT('',(-55.41793366621,5.603050974613,
    8.513916115625));
#9273 = PCURVE('',#4008,#9274);
#9274 = DEFINITIONAL_REPRESENTATION('',(#9275),#9279);
#9275 = B_SPLINE_CURVE_WITH_KNOTS('',2,(#9276,#9277,#9278),
  .UNSPECIFIED.,.F.,.F.,(3,3),(0.,1.),.PIECEWISE_BEZIER_KNOTS.);
#9276 = CARTESIAN_POINT('',(0.,0.));
#9277 = CARTESIAN_POINT('',(0.5,1.62053953206E-14));
#9278 = CARTESIAN_POINT('',(1.,0.));
#9279 = ( GEOMETRIC_REPRESENTATION_CONTEXT(2) 
PARAMETRIC_REPRESENTATION_CONTEXT() REPRESENTATION_CONTEXT('2D SPACE',''
  ) );
#9280 = PCURVE('',#8498,#9281);
#9281 = DEFINITIONAL_REPRESENTATION('',(#9282),#9286);
#9282 = B_SPLINE_CURVE_WITH_KNOTS('',2,(#9283,#9284,#9285),
  .UNSPECIFIED.,.F.,.F.,(3,3),(0.,1.),.PIECEWISE_BEZIER_KNOTS.);
#9283 = CARTESIAN_POINT('',(1.856689453125,1.41845703125));
#9284 = CARTESIAN_POINT('',(1.6748046875,1.2744140625));
#9285 = CARTESIAN_POINT('',(1.50390625,1.1376953125));
#9286 = ( GEOMETRIC_REPRESENTATION_CONTEXT(2) 
PARAMETRIC_REPRESENTATION_CONTEXT() REPRESENTATION_CONTEXT('2D SPACE',''
  ) );
#9287 = ORIENTED_EDGE('',*,*,#9242,.T.);
#9288 = ORIENTED_EDGE('',*,*,#3988,.F.);
#9289 = ORIENTED_EDGE('',*,*,#9290,.F.);
#9290 = EDGE_CURVE('',#9266,#3950,#9291,.T.);
#9291 = SURFACE_CURVE('',#9292,(#9295,#9302),.PCURVE_S1.);
#9292 = B_SPLINE_CURVE_WITH_KNOTS('',1,(#9293,#9294),.UNSPECIFIED.,.F.,
  .F.,(2,2),(0.,0.6),.PIECEWISE_BEZIER_KNOTS.);
#9293 = CARTESIAN_POINT('',(-55.41793366621,5.603050974613,
    8.513916115625));
#9294 = CARTESIAN_POINT('',(-56.01513135665,5.660972633187,
    8.513916115625));
#9295 = PCURVE('',#4008,#9296);
#9296 = DEFINITIONAL_REPRESENTATION('',(#9297),#9301);
#9297 = B_SPLINE_CURVE_WITH_KNOTS('',2,(#9298,#9299,#9300),
  .UNSPECIFIED.,.F.,.F.,(3,3),(0.,0.6),.PIECEWISE_BEZIER_KNOTS.);
#9298 = CARTESIAN_POINT('',(1.,0.));
#9299 = CARTESIAN_POINT('',(1.,-0.3));
#9300 = CARTESIAN_POINT('',(1.,-0.6));
#9301 = ( GEOMETRIC_REPRESENTATION_CONTEXT(2) 
PARAMETRIC_REPRESENTATION_CONTEXT() REPRESENTATION_CONTEXT('2D SPACE',''
  ) );
#9302 = PCURVE('',#3971,#9303);
#9303 = DEFINITIONAL_REPRESENTATION('',(#9304),#9308);
#9304 = B_SPLINE_CURVE_WITH_KNOTS('',2,(#9305,#9306,#9307),
  .UNSPECIFIED.,.F.,.F.,(3,3),(0.,0.6),.PIECEWISE_BEZIER_KNOTS.);
#9305 = CARTESIAN_POINT('',(0.,0.));
#9306 = CARTESIAN_POINT('',(0.,-0.3));
#9307 = CARTESIAN_POINT('',(0.,-0.6));
#9308 = ( GEOMETRIC_REPRESENTATION_CONTEXT(2) 
PARAMETRIC_REPRESENTATION_CONTEXT() REPRESENTATION_CONTEXT('2D SPACE',''
  ) );
#9309 = ADVANCED_FACE('',(#9310),#3971,.F.);
#9310 = FACE_BOUND('',#9311,.F.);
#9311 = EDGE_LOOP('',(#9312,#9335,#9336,#9337));
#9312 = ORIENTED_EDGE('',*,*,#9313,.F.);
#9313 = EDGE_CURVE('',#9266,#9314,#9316,.T.);
#9314 = VERTEX_POINT('',#9315);
#9315 = CARTESIAN_POINT('',(-55.47803304339,4.983400050693,
    8.789795021875));
#9316 = SURFACE_CURVE('',#9317,(#9321,#9328),.PCURVE_S1.);
#9317 = B_SPLINE_CURVE_WITH_KNOTS('',2,(#9318,#9319,#9320),
  .UNSPECIFIED.,.F.,.F.,(3,3),(0.,1.),.PIECEWISE_BEZIER_KNOTS.);
#9318 = CARTESIAN_POINT('',(-55.41793366621,5.603050974613,
    8.513916115625));
#9319 = CARTESIAN_POINT('',(-55.4509294027,5.262850467363,8.650634865625
    ));
#9320 = CARTESIAN_POINT('',(-55.47803304339,4.983400050693,
    8.789795021875));
#9321 = PCURVE('',#3971,#9322);
#9322 = DEFINITIONAL_REPRESENTATION('',(#9323),#9327);
#9323 = B_SPLINE_CURVE_WITH_KNOTS('',2,(#9324,#9325,#9326),
  .UNSPECIFIED.,.F.,.F.,(3,3),(0.,1.),.PIECEWISE_BEZIER_KNOTS.);
#9324 = CARTESIAN_POINT('',(0.,0.));
#9325 = CARTESIAN_POINT('',(0.5,1.458823116846E-14));
#9326 = CARTESIAN_POINT('',(1.,0.));
#9327 = ( GEOMETRIC_REPRESENTATION_CONTEXT(2) 
PARAMETRIC_REPRESENTATION_CONTEXT() REPRESENTATION_CONTEXT('2D SPACE',''
  ) );
#9328 = PCURVE('',#8498,#9329);
#9329 = DEFINITIONAL_REPRESENTATION('',(#9330),#9334);
#9330 = B_SPLINE_CURVE_WITH_KNOTS('',2,(#9331,#9332,#9333),
  .UNSPECIFIED.,.F.,.F.,(3,3),(0.,1.),.PIECEWISE_BEZIER_KNOTS.);
#9331 = CARTESIAN_POINT('',(1.50390625,1.1376953125));
#9332 = CARTESIAN_POINT('',(1.3330078125,1.0009765625));
#9333 = CARTESIAN_POINT('',(1.192626953125,0.86181640625));
#9334 = ( GEOMETRIC_REPRESENTATION_CONTEXT(2) 
PARAMETRIC_REPRESENTATION_CONTEXT() REPRESENTATION_CONTEXT('2D SPACE',''
  ) );
#9335 = ORIENTED_EDGE('',*,*,#9290,.T.);
#9336 = ORIENTED_EDGE('',*,*,#3949,.F.);
#9337 = ORIENTED_EDGE('',*,*,#9338,.F.);
#9338 = EDGE_CURVE('',#9314,#3899,#9339,.T.);
#9339 = SURFACE_CURVE('',#9340,(#9343,#9350),.PCURVE_S1.);
#9340 = B_SPLINE_CURVE_WITH_KNOTS('',1,(#9341,#9342),.UNSPECIFIED.,.F.,
  .F.,(2,2),(0.,0.6),.PIECEWISE_BEZIER_KNOTS.);
#9341 = CARTESIAN_POINT('',(-55.47803304339,4.983400050693,
    8.789795021875));
#9342 = CARTESIAN_POINT('',(-56.07523073384,5.041321709268,
    8.789795021875));
#9343 = PCURVE('',#3971,#9344);
#9344 = DEFINITIONAL_REPRESENTATION('',(#9345),#9349);
#9345 = B_SPLINE_CURVE_WITH_KNOTS('',2,(#9346,#9347,#9348),
  .UNSPECIFIED.,.F.,.F.,(3,3),(0.,0.6),.PIECEWISE_BEZIER_KNOTS.);
#9346 = CARTESIAN_POINT('',(1.,0.));
#9347 = CARTESIAN_POINT('',(1.,-0.3));
#9348 = CARTESIAN_POINT('',(1.,-0.6));
#9349 = ( GEOMETRIC_REPRESENTATION_CONTEXT(2) 
PARAMETRIC_REPRESENTATION_CONTEXT() REPRESENTATION_CONTEXT('2D SPACE',''
  ) );
#9350 = PCURVE('',#3928,#9351);
#9351 = DEFINITIONAL_REPRESENTATION('',(#9352),#9356);
#9352 = B_SPLINE_CURVE_WITH_KNOTS('',2,(#9353,#9354,#9355),
  .UNSPECIFIED.,.F.,.F.,(3,3),(0.,0.6),.PIECEWISE_BEZIER_KNOTS.);
#9353 = CARTESIAN_POINT('',(0.,0.));
#9354 = CARTESIAN_POINT('',(1.270878546675E-15,-0.3));
#9355 = CARTESIAN_POINT('',(0.,-0.6));
#9356 = ( GEOMETRIC_REPRESENTATION_CONTEXT(2) 
PARAMETRIC_REPRESENTATION_CONTEXT() REPRESENTATION_CONTEXT('2D SPACE',''
  ) );
#9357 = ADVANCED_FACE('',(#9358),#3928,.F.);
#9358 = FACE_BOUND('',#9359,.F.);
#9359 = EDGE_LOOP('',(#9360,#9383,#9384,#9385));
#9360 = ORIENTED_EDGE('',*,*,#9361,.F.);
#9361 = EDGE_CURVE('',#9314,#9362,#9364,.T.);
#9362 = VERTEX_POINT('',#9363);
#9363 = CARTESIAN_POINT('',(-55.51833497868,4.567869431124,
    9.087646584375));
#9364 = SURFACE_CURVE('',#9365,(#9369,#9376),.PCURVE_S1.);
#9365 = B_SPLINE_CURVE_WITH_KNOTS('',2,(#9366,#9367,#9368),
  .UNSPECIFIED.,.F.,.F.,(3,3),(0.,1.),.PIECEWISE_BEZIER_KNOTS.);
#9366 = CARTESIAN_POINT('',(-55.47803304339,4.983400050693,
    8.789795021875));
#9367 = CARTESIAN_POINT('',(-55.50513668409,4.703949634024,
    8.928955178125));
#9368 = CARTESIAN_POINT('',(-55.51833497868,4.567869431124,
    9.087646584375));
#9369 = PCURVE('',#3928,#9370);
#9370 = DEFINITIONAL_REPRESENTATION('',(#9371),#9375);
#9371 = B_SPLINE_CURVE_WITH_KNOTS('',2,(#9372,#9373,#9374),
  .UNSPECIFIED.,.F.,.F.,(3,3),(0.,1.),.PIECEWISE_BEZIER_KNOTS.);
#9372 = CARTESIAN_POINT('',(0.,0.));
#9373 = CARTESIAN_POINT('',(0.5,-2.283813200397E-15));
#9374 = CARTESIAN_POINT('',(1.,0.));
#9375 = ( GEOMETRIC_REPRESENTATION_CONTEXT(2) 
PARAMETRIC_REPRESENTATION_CONTEXT() REPRESENTATION_CONTEXT('2D SPACE',''
  ) );
#9376 = PCURVE('',#8498,#9377);
#9377 = DEFINITIONAL_REPRESENTATION('',(#9378),#9382);
#9378 = B_SPLINE_CURVE_WITH_KNOTS('',2,(#9379,#9380,#9381),
  .UNSPECIFIED.,.F.,.F.,(3,3),(0.,1.),.PIECEWISE_BEZIER_KNOTS.);
#9379 = CARTESIAN_POINT('',(1.192626953125,0.86181640625));
#9380 = CARTESIAN_POINT('',(1.05224609375,0.72265625));
#9381 = CARTESIAN_POINT('',(0.98388671875,0.56396484375));
#9382 = ( GEOMETRIC_REPRESENTATION_CONTEXT(2) 
PARAMETRIC_REPRESENTATION_CONTEXT() REPRESENTATION_CONTEXT('2D SPACE',''
  ) );
#9383 = ORIENTED_EDGE('',*,*,#9338,.T.);
#9384 = ORIENTED_EDGE('',*,*,#3898,.F.);
#9385 = ORIENTED_EDGE('',*,*,#9386,.F.);
#9386 = EDGE_CURVE('',#9362,#3856,#9387,.T.);
#9387 = SURFACE_CURVE('',#9388,(#9391,#9398),.PCURVE_S1.);
#9388 = B_SPLINE_CURVE_WITH_KNOTS('',1,(#9389,#9390),.UNSPECIFIED.,.F.,
  .F.,(2,2),(0.,0.6),.PIECEWISE_BEZIER_KNOTS.);
#9389 = CARTESIAN_POINT('',(-55.51833497868,4.567869431124,
    9.087646584375));
#9390 = CARTESIAN_POINT('',(-56.11553266912,4.625791089698,
    9.087646584375));
#9391 = PCURVE('',#3928,#9392);
#9392 = DEFINITIONAL_REPRESENTATION('',(#9393),#9397);
#9393 = B_SPLINE_CURVE_WITH_KNOTS('',2,(#9394,#9395,#9396),
  .UNSPECIFIED.,.F.,.F.,(3,3),(0.,0.6),.PIECEWISE_BEZIER_KNOTS.);
#9394 = CARTESIAN_POINT('',(1.,0.));
#9395 = CARTESIAN_POINT('',(1.,-0.3));
#9396 = CARTESIAN_POINT('',(1.,-0.6));
#9397 = ( GEOMETRIC_REPRESENTATION_CONTEXT(2) 
PARAMETRIC_REPRESENTATION_CONTEXT() REPRESENTATION_CONTEXT('2D SPACE',''
  ) );
#9398 = PCURVE('',#3881,#9399);
#9399 = DEFINITIONAL_REPRESENTATION('',(#9400),#9403);
#9400 = B_SPLINE_CURVE_WITH_KNOTS('',1,(#9401,#9402),.UNSPECIFIED.,.F.,
  .F.,(2,2),(0.,0.6),.PIECEWISE_BEZIER_KNOTS.);
#9401 = CARTESIAN_POINT('',(0.,0.));
#9402 = CARTESIAN_POINT('',(8.881784197001E-16,-0.6));
#9403 = ( GEOMETRIC_REPRESENTATION_CONTEXT(2) 
PARAMETRIC_REPRESENTATION_CONTEXT() REPRESENTATION_CONTEXT('2D SPACE',''
  ) );
#9404 = ADVANCED_FACE('',(#9405),#3881,.F.);
#9405 = FACE_BOUND('',#9406,.F.);
#9406 = EDGE_LOOP('',(#9407,#9427,#9428,#9429));
#9407 = ORIENTED_EDGE('',*,*,#9408,.F.);
#9408 = EDGE_CURVE('',#9362,#9409,#9411,.T.);
#9409 = VERTEX_POINT('',#9410);
#9410 = CARTESIAN_POINT('',(-55.21006052631,7.746314170287,
    9.087646584375));
#9411 = SURFACE_CURVE('',#9412,(#9415,#9421),.PCURVE_S1.);
#9412 = B_SPLINE_CURVE_WITH_KNOTS('',1,(#9413,#9414),.UNSPECIFIED.,.F.,
  .F.,(2,2),(0.,1.5966796875),.PIECEWISE_BEZIER_KNOTS.);
#9413 = CARTESIAN_POINT('',(-55.51833497868,4.567869431124,
    9.087646584375));
#9414 = CARTESIAN_POINT('',(-55.21006052631,7.746314170287,
    9.087646584375));
#9415 = PCURVE('',#3881,#9416);
#9416 = DEFINITIONAL_REPRESENTATION('',(#9417),#9420);
#9417 = B_SPLINE_CURVE_WITH_KNOTS('',1,(#9418,#9419),.UNSPECIFIED.,.F.,
  .F.,(2,2),(0.,1.5966796875),.PIECEWISE_BEZIER_KNOTS.);
#9418 = CARTESIAN_POINT('',(0.,0.));
#9419 = CARTESIAN_POINT('',(1.5966796875,0.));
#9420 = ( GEOMETRIC_REPRESENTATION_CONTEXT(2) 
PARAMETRIC_REPRESENTATION_CONTEXT() REPRESENTATION_CONTEXT('2D SPACE',''
  ) );
#9421 = PCURVE('',#8498,#9422);
#9422 = DEFINITIONAL_REPRESENTATION('',(#9423),#9426);
#9423 = B_SPLINE_CURVE_WITH_KNOTS('',1,(#9424,#9425),.UNSPECIFIED.,.F.,
  .F.,(2,2),(0.,1.5966796875),.PIECEWISE_BEZIER_KNOTS.);
#9424 = CARTESIAN_POINT('',(0.98388671875,0.56396484375));
#9425 = CARTESIAN_POINT('',(2.58056640625,0.56396484375));
#9426 = ( GEOMETRIC_REPRESENTATION_CONTEXT(2) 
PARAMETRIC_REPRESENTATION_CONTEXT() REPRESENTATION_CONTEXT('2D SPACE',''
  ) );
#9427 = ORIENTED_EDGE('',*,*,#9386,.T.);
#9428 = ORIENTED_EDGE('',*,*,#3855,.F.);
#9429 = ORIENTED_EDGE('',*,*,#9430,.F.);
#9430 = EDGE_CURVE('',#9409,#3822,#9431,.T.);
#9431 = SURFACE_CURVE('',#9432,(#9435,#9441),.PCURVE_S1.);
#9432 = B_SPLINE_CURVE_WITH_KNOTS('',1,(#9433,#9434),.UNSPECIFIED.,.F.,
  .F.,(2,2),(0.,0.6),.PIECEWISE_BEZIER_KNOTS.);
#9433 = CARTESIAN_POINT('',(-55.21006052631,7.746314170287,
    9.087646584375));
#9434 = CARTESIAN_POINT('',(-55.80725821675,7.804235828861,
    9.087646584375));
#9435 = PCURVE('',#3881,#9436);
#9436 = DEFINITIONAL_REPRESENTATION('',(#9437),#9440);
#9437 = B_SPLINE_CURVE_WITH_KNOTS('',1,(#9438,#9439),.UNSPECIFIED.,.F.,
  .F.,(2,2),(0.,0.6),.PIECEWISE_BEZIER_KNOTS.);
#9438 = CARTESIAN_POINT('',(1.5966796875,-7.105427357601E-15));
#9439 = CARTESIAN_POINT('',(1.5966796875,-0.6));
#9440 = ( GEOMETRIC_REPRESENTATION_CONTEXT(2) 
PARAMETRIC_REPRESENTATION_CONTEXT() REPRESENTATION_CONTEXT('2D SPACE',''
  ) );
#9441 = PCURVE('',#3841,#9442);
#9442 = DEFINITIONAL_REPRESENTATION('',(#9443),#9446);
#9443 = B_SPLINE_CURVE_WITH_KNOTS('',1,(#9444,#9445),.UNSPECIFIED.,.F.,
  .F.,(2,2),(0.,0.6),.PIECEWISE_BEZIER_KNOTS.);
#9444 = CARTESIAN_POINT('',(0.,0.));
#9445 = CARTESIAN_POINT('',(0.,-0.6));
#9446 = ( GEOMETRIC_REPRESENTATION_CONTEXT(2) 
PARAMETRIC_REPRESENTATION_CONTEXT() REPRESENTATION_CONTEXT('2D SPACE',''
  ) );
#9447 = ADVANCED_FACE('',(#9448),#3841,.F.);
#9448 = FACE_BOUND('',#9449,.F.);
#9449 = EDGE_LOOP('',(#9450,#9470,#9471,#9472));
#9450 = ORIENTED_EDGE('',*,*,#9451,.F.);
#9451 = EDGE_CURVE('',#9409,#9452,#9454,.T.);
#9452 = VERTEX_POINT('',#9453);
#9453 = CARTESIAN_POINT('',(-55.21006052631,7.746314170287,
    9.651611428125));
#9454 = SURFACE_CURVE('',#9455,(#9458,#9464),.PCURVE_S1.);
#9455 = B_SPLINE_CURVE_WITH_KNOTS('',1,(#9456,#9457),.UNSPECIFIED.,.F.,
  .F.,(2,2),(0.,0.56396484375),.PIECEWISE_BEZIER_KNOTS.);
#9456 = CARTESIAN_POINT('',(-55.21006052631,7.746314170287,
    9.087646584375));
#9457 = CARTESIAN_POINT('',(-55.21006052631,7.746314170287,
    9.651611428125));
#9458 = PCURVE('',#3841,#9459);
#9459 = DEFINITIONAL_REPRESENTATION('',(#9460),#9463);
#9460 = B_SPLINE_CURVE_WITH_KNOTS('',1,(#9461,#9462),.UNSPECIFIED.,.F.,
  .F.,(2,2),(0.,0.56396484375),.PIECEWISE_BEZIER_KNOTS.);
#9461 = CARTESIAN_POINT('',(0.,7.105427357601E-15));
#9462 = CARTESIAN_POINT('',(0.56396484375,7.105427357601E-15));
#9463 = ( GEOMETRIC_REPRESENTATION_CONTEXT(2) 
PARAMETRIC_REPRESENTATION_CONTEXT() REPRESENTATION_CONTEXT('2D SPACE',''
  ) );
#9464 = PCURVE('',#8498,#9465);
#9465 = DEFINITIONAL_REPRESENTATION('',(#9466),#9469);
#9466 = B_SPLINE_CURVE_WITH_KNOTS('',1,(#9467,#9468),.UNSPECIFIED.,.F.,
  .F.,(2,2),(0.,0.56396484375),.PIECEWISE_BEZIER_KNOTS.);
#9467 = CARTESIAN_POINT('',(2.58056640625,0.56396484375));
#9468 = CARTESIAN_POINT('',(2.58056640625,0.));
#9469 = ( GEOMETRIC_REPRESENTATION_CONTEXT(2) 
PARAMETRIC_REPRESENTATION_CONTEXT() REPRESENTATION_CONTEXT('2D SPACE',''
  ) );
#9470 = ORIENTED_EDGE('',*,*,#9430,.T.);
#9471 = ORIENTED_EDGE('',*,*,#3821,.F.);
#9472 = ORIENTED_EDGE('',*,*,#9473,.F.);
#9473 = EDGE_CURVE('',#9452,#3761,#9474,.T.);
#9474 = SURFACE_CURVE('',#9475,(#9478,#9484),.PCURVE_S1.);
#9475 = B_SPLINE_CURVE_WITH_KNOTS('',1,(#9476,#9477),.UNSPECIFIED.,.F.,
  .F.,(2,2),(0.,0.6),.PIECEWISE_BEZIER_KNOTS.);
#9476 = CARTESIAN_POINT('',(-55.21006052631,7.746314170287,
    9.651611428125));
#9477 = CARTESIAN_POINT('',(-55.80725821675,7.804235828861,
    9.651611428125));
#9478 = PCURVE('',#3841,#9479);
#9479 = DEFINITIONAL_REPRESENTATION('',(#9480),#9483);
#9480 = B_SPLINE_CURVE_WITH_KNOTS('',1,(#9481,#9482),.UNSPECIFIED.,.F.,
  .F.,(2,2),(0.,0.6),.PIECEWISE_BEZIER_KNOTS.);
#9481 = CARTESIAN_POINT('',(0.56396484375,0.));
#9482 = CARTESIAN_POINT('',(0.56396484375,-0.6));
#9483 = ( GEOMETRIC_REPRESENTATION_CONTEXT(2) 
PARAMETRIC_REPRESENTATION_CONTEXT() REPRESENTATION_CONTEXT('2D SPACE',''
  ) );
#9484 = PCURVE('',#3798,#9485);
#9485 = DEFINITIONAL_REPRESENTATION('',(#9486),#9489);
#9486 = B_SPLINE_CURVE_WITH_KNOTS('',1,(#9487,#9488),.UNSPECIFIED.,.F.,
  .F.,(2,2),(0.,0.6),.PIECEWISE_BEZIER_KNOTS.);
#9487 = CARTESIAN_POINT('',(0.,0.));
#9488 = CARTESIAN_POINT('',(8.881784197001E-16,-0.6));
#9489 = ( GEOMETRIC_REPRESENTATION_CONTEXT(2) 
PARAMETRIC_REPRESENTATION_CONTEXT() REPRESENTATION_CONTEXT('2D SPACE',''
  ) );
#9490 = ADVANCED_FACE('',(#9491),#3798,.F.);
#9491 = FACE_BOUND('',#9492,.F.);
#9492 = EDGE_LOOP('',(#9493,#9511,#9512,#9513));
#9493 = ORIENTED_EDGE('',*,*,#9494,.F.);
#9494 = EDGE_CURVE('',#9452,#8483,#9495,.T.);
#9495 = SURFACE_CURVE('',#9496,(#9499,#9505),.PCURVE_S1.);
#9496 = B_SPLINE_CURVE_WITH_KNOTS('',1,(#9497,#9498),.UNSPECIFIED.,.F.,
  .F.,(2,2),(0.,2.4072265625),.PIECEWISE_BEZIER_KNOTS.);
#9497 = CARTESIAN_POINT('',(-55.21006052631,7.746314170287,
    9.651611428125));
#9498 = CARTESIAN_POINT('',(-55.67482904319,2.95434702531,9.651611428125
    ));
#9499 = PCURVE('',#3798,#9500);
#9500 = DEFINITIONAL_REPRESENTATION('',(#9501),#9504);
#9501 = B_SPLINE_CURVE_WITH_KNOTS('',1,(#9502,#9503),.UNSPECIFIED.,.F.,
  .F.,(2,2),(0.,2.4072265625),.PIECEWISE_BEZIER_KNOTS.);
#9502 = CARTESIAN_POINT('',(0.,7.105427357601E-15));
#9503 = CARTESIAN_POINT('',(2.4072265625,7.105427357601E-15));
#9504 = ( GEOMETRIC_REPRESENTATION_CONTEXT(2) 
PARAMETRIC_REPRESENTATION_CONTEXT() REPRESENTATION_CONTEXT('2D SPACE',''
  ) );
#9505 = PCURVE('',#8498,#9506);
#9506 = DEFINITIONAL_REPRESENTATION('',(#9507),#9510);
#9507 = B_SPLINE_CURVE_WITH_KNOTS('',1,(#9508,#9509),.UNSPECIFIED.,.F.,
  .F.,(2,2),(0.,2.4072265625),.PIECEWISE_BEZIER_KNOTS.);
#9508 = CARTESIAN_POINT('',(2.58056640625,0.));
#9509 = CARTESIAN_POINT('',(0.17333984375,0.));
#9510 = ( GEOMETRIC_REPRESENTATION_CONTEXT(2) 
PARAMETRIC_REPRESENTATION_CONTEXT() REPRESENTATION_CONTEXT('2D SPACE',''
  ) );
#9511 = ORIENTED_EDGE('',*,*,#9473,.T.);
#9512 = ORIENTED_EDGE('',*,*,#3760,.F.);
#9513 = ORIENTED_EDGE('',*,*,#8509,.F.);
#9514 = ADVANCED_FACE('',(#9515,#9518),#4991,.T.);
#9515 = FACE_BOUND('',#9516,.T.);
#9516 = EDGE_LOOP('',(#9517));
#9517 = ORIENTED_EDGE('',*,*,#5197,.T.);
#9518 = FACE_BOUND('',#9519,.T.);
#9519 = EDGE_LOOP('',(#9520));
#9520 = ORIENTED_EDGE('',*,*,#4976,.F.);
#9521 = ADVANCED_FACE('',(#9522),#5281,.F.);
#9522 = FACE_BOUND('',#9523,.F.);
#9523 = EDGE_LOOP('',(#9524,#9554,#9574,#9575));
#9524 = ORIENTED_EDGE('',*,*,#9525,.F.);
#9525 = EDGE_CURVE('',#9526,#9528,#9530,.T.);
#9526 = VERTEX_POINT('',#9527);
#9527 = CARTESIAN_POINT('',(44.563538988746,-0.309865847771,
    7.876709084375));
#9528 = VERTEX_POINT('',#9529);
#9529 = CARTESIAN_POINT('',(44.605125993014,-0.977517218018,
    9.246337990625));
#9530 = SURFACE_CURVE('',#9531,(#9535,#9542),.PCURVE_S1.);
#9531 = B_SPLINE_CURVE_WITH_KNOTS('',2,(#9532,#9533,#9534),
  .UNSPECIFIED.,.F.,.F.,(3,3),(0.,1.),.PIECEWISE_BEZIER_KNOTS.);
#9532 = CARTESIAN_POINT('',(44.563538988746,-0.309865847771,
    7.876709084375));
#9533 = CARTESIAN_POINT('',(44.563538988746,-0.309865847771,
    8.792236428125));
#9534 = CARTESIAN_POINT('',(44.605125993014,-0.977517218018,
    9.246337990625));
#9535 = PCURVE('',#5281,#9536);
#9536 = DEFINITIONAL_REPRESENTATION('',(#9537),#9541);
#9537 = B_SPLINE_CURVE_WITH_KNOTS('',2,(#9538,#9539,#9540),
  .UNSPECIFIED.,.F.,.F.,(3,3),(0.,1.),.PIECEWISE_BEZIER_KNOTS.);
#9538 = CARTESIAN_POINT('',(0.,0.));
#9539 = CARTESIAN_POINT('',(0.5,0.));
#9540 = CARTESIAN_POINT('',(1.,0.));
#9541 = ( GEOMETRIC_REPRESENTATION_CONTEXT(2) 
PARAMETRIC_REPRESENTATION_CONTEXT() REPRESENTATION_CONTEXT('2D SPACE',''
  ) );
#9542 = PCURVE('',#9543,#9548);
#9543 = B_SPLINE_SURFACE_WITH_KNOTS('',1,1,(
    (#9544,#9545)
    ,(#9546,#9547
    )),.UNSPECIFIED.,.F.,.F.,.F.,(2,2),(2,2),(0.17333984375,
    2.59521484375),(-4.8828125E-02,3.4912109375),
  .PIECEWISE_BEZIER_KNOTS.);
#9544 = CARTESIAN_POINT('',(44.864665326219,-5.144246572474,
    9.700439553125));
#9545 = CARTESIAN_POINT('',(44.864665326219,-5.144246572474,
    6.160400490625));
#9546 = CARTESIAN_POINT('',(44.563538988746,-0.309865847771,
    9.700439553125));
#9547 = CARTESIAN_POINT('',(44.563538988746,-0.309865847771,
    6.160400490625));
#9548 = DEFINITIONAL_REPRESENTATION('',(#9549),#9553);
#9549 = B_SPLINE_CURVE_WITH_KNOTS('',2,(#9550,#9551,#9552),
  .UNSPECIFIED.,.F.,.F.,(3,3),(0.,1.),.PIECEWISE_BEZIER_KNOTS.);
#9550 = CARTESIAN_POINT('',(2.59521484375,1.77490234375));
#9551 = CARTESIAN_POINT('',(2.59521484375,0.859375));
#9552 = CARTESIAN_POINT('',(2.2607421875,0.4052734375));
#9553 = ( GEOMETRIC_REPRESENTATION_CONTEXT(2) 
PARAMETRIC_REPRESENTATION_CONTEXT() REPRESENTATION_CONTEXT('2D SPACE',''
  ) );
#9554 = ORIENTED_EDGE('',*,*,#9555,.T.);
#9555 = EDGE_CURVE('',#9526,#5228,#9556,.T.);
#9556 = SURFACE_CURVE('',#9557,(#9560,#9567),.PCURVE_S1.);
#9557 = B_SPLINE_CURVE_WITH_KNOTS('',1,(#9558,#9559),.UNSPECIFIED.,.F.,
  .F.,(2,2),(0.,0.6),.PIECEWISE_BEZIER_KNOTS.);
#9558 = CARTESIAN_POINT('',(44.563538988746,-0.309865847771,
    7.876709084375));
#9559 = CARTESIAN_POINT('',(43.964699569944,-0.347166658607,
    7.876709084375));
#9560 = PCURVE('',#5281,#9561);
#9561 = DEFINITIONAL_REPRESENTATION('',(#9562),#9566);
#9562 = B_SPLINE_CURVE_WITH_KNOTS('',2,(#9563,#9564,#9565),
  .UNSPECIFIED.,.F.,.F.,(3,3),(0.,0.6),.PIECEWISE_BEZIER_KNOTS.);
#9563 = CARTESIAN_POINT('',(0.,0.));
#9564 = CARTESIAN_POINT('',(0.,-0.3));
#9565 = CARTESIAN_POINT('',(0.,-0.6));
#9566 = ( GEOMETRIC_REPRESENTATION_CONTEXT(2) 
PARAMETRIC_REPRESENTATION_CONTEXT() REPRESENTATION_CONTEXT('2D SPACE',''
  ) );
#9567 = PCURVE('',#6284,#9568);
#9568 = DEFINITIONAL_REPRESENTATION('',(#9569),#9573);
#9569 = B_SPLINE_CURVE_WITH_KNOTS('',2,(#9570,#9571,#9572),
  .UNSPECIFIED.,.F.,.F.,(3,3),(0.,0.6),.PIECEWISE_BEZIER_KNOTS.);
#9570 = CARTESIAN_POINT('',(1.,0.));
#9571 = CARTESIAN_POINT('',(1.,-0.3));
#9572 = CARTESIAN_POINT('',(1.,-0.6));
#9573 = ( GEOMETRIC_REPRESENTATION_CONTEXT(2) 
PARAMETRIC_REPRESENTATION_CONTEXT() REPRESENTATION_CONTEXT('2D SPACE',''
  ) );
#9574 = ORIENTED_EDGE('',*,*,#5225,.F.);
#9575 = ORIENTED_EDGE('',*,*,#9576,.F.);
#9576 = EDGE_CURVE('',#9528,#5226,#9577,.T.);
#9577 = SURFACE_CURVE('',#9578,(#9581,#9588),.PCURVE_S1.);
#9578 = B_SPLINE_CURVE_WITH_KNOTS('',1,(#9579,#9580),.UNSPECIFIED.,.F.,
  .F.,(2,2),(0.,0.6),.PIECEWISE_BEZIER_KNOTS.);
#9579 = CARTESIAN_POINT('',(44.605125993014,-0.977517218018,
    9.246337990625));
#9580 = CARTESIAN_POINT('',(44.006286574212,-1.014818028853,
    9.246337990625));
#9581 = PCURVE('',#5281,#9582);
#9582 = DEFINITIONAL_REPRESENTATION('',(#9583),#9587);
#9583 = B_SPLINE_CURVE_WITH_KNOTS('',2,(#9584,#9585,#9586),
  .UNSPECIFIED.,.F.,.F.,(3,3),(0.,0.6),.PIECEWISE_BEZIER_KNOTS.);
#9584 = CARTESIAN_POINT('',(1.,0.));
#9585 = CARTESIAN_POINT('',(1.,-0.3));
#9586 = CARTESIAN_POINT('',(1.,-0.6));
#9587 = ( GEOMETRIC_REPRESENTATION_CONTEXT(2) 
PARAMETRIC_REPRESENTATION_CONTEXT() REPRESENTATION_CONTEXT('2D SPACE',''
  ) );
#9588 = PCURVE('',#5368,#9589);
#9589 = DEFINITIONAL_REPRESENTATION('',(#9590),#9594);
#9590 = B_SPLINE_CURVE_WITH_KNOTS('',2,(#9591,#9592,#9593),
  .UNSPECIFIED.,.F.,.F.,(3,3),(0.,0.6),.PIECEWISE_BEZIER_KNOTS.);
#9591 = CARTESIAN_POINT('',(0.,0.));
#9592 = CARTESIAN_POINT('',(-3.59707358074E-16,-0.3));
#9593 = CARTESIAN_POINT('',(0.,-0.6));
#9594 = ( GEOMETRIC_REPRESENTATION_CONTEXT(2) 
PARAMETRIC_REPRESENTATION_CONTEXT() REPRESENTATION_CONTEXT('2D SPACE',''
  ) );
#9595 = ADVANCED_FACE('',(#9596),#6284,.F.);
#9596 = FACE_BOUND('',#9597,.F.);
#9597 = EDGE_LOOP('',(#9598,#9621,#9641,#9642));
#9598 = ORIENTED_EDGE('',*,*,#9599,.F.);
#9599 = EDGE_CURVE('',#9600,#9526,#9602,.T.);
#9600 = VERTEX_POINT('',#9601);
#9601 = CARTESIAN_POINT('',(44.601028003542,-0.911726754526,6.5888672875
    ));
#9602 = SURFACE_CURVE('',#9603,(#9607,#9614),.PCURVE_S1.);
#9603 = B_SPLINE_CURVE_WITH_KNOTS('',2,(#9604,#9605,#9606),
  .UNSPECIFIED.,.F.,.F.,(3,3),(0.,1.),.PIECEWISE_BEZIER_KNOTS.);
#9604 = CARTESIAN_POINT('',(44.601028003542,-0.911726754526,6.5888672875
    ));
#9605 = CARTESIAN_POINT('',(44.563538988746,-0.309865847771,
    7.017334084375));
#9606 = CARTESIAN_POINT('',(44.563538988746,-0.309865847771,
    7.876709084375));
#9607 = PCURVE('',#6284,#9608);
#9608 = DEFINITIONAL_REPRESENTATION('',(#9609),#9613);
#9609 = B_SPLINE_CURVE_WITH_KNOTS('',2,(#9610,#9611,#9612),
  .UNSPECIFIED.,.F.,.F.,(3,3),(0.,1.),.PIECEWISE_BEZIER_KNOTS.);
#9610 = CARTESIAN_POINT('',(0.,0.));
#9611 = CARTESIAN_POINT('',(0.5,-1.00481519456E-14));
#9612 = CARTESIAN_POINT('',(1.,0.));
#9613 = ( GEOMETRIC_REPRESENTATION_CONTEXT(2) 
PARAMETRIC_REPRESENTATION_CONTEXT() REPRESENTATION_CONTEXT('2D SPACE',''
  ) );
#9614 = PCURVE('',#9543,#9615);
#9615 = DEFINITIONAL_REPRESENTATION('',(#9616),#9620);
#9616 = B_SPLINE_CURVE_WITH_KNOTS('',2,(#9617,#9618,#9619),
  .UNSPECIFIED.,.F.,.F.,(3,3),(0.,1.),.PIECEWISE_BEZIER_KNOTS.);
#9617 = CARTESIAN_POINT('',(2.293701171875,3.062744140625));
#9618 = CARTESIAN_POINT('',(2.59521484375,2.63427734375));
#9619 = CARTESIAN_POINT('',(2.59521484375,1.77490234375));
#9620 = ( GEOMETRIC_REPRESENTATION_CONTEXT(2) 
PARAMETRIC_REPRESENTATION_CONTEXT() REPRESENTATION_CONTEXT('2D SPACE',''
  ) );
#9621 = ORIENTED_EDGE('',*,*,#9622,.T.);
#9622 = EDGE_CURVE('',#9600,#6171,#9623,.T.);
#9623 = SURFACE_CURVE('',#9624,(#9627,#9634),.PCURVE_S1.);
#9624 = B_SPLINE_CURVE_WITH_KNOTS('',1,(#9625,#9626),.UNSPECIFIED.,.F.,
  .F.,(2,2),(0.,0.6),.PIECEWISE_BEZIER_KNOTS.);
#9625 = CARTESIAN_POINT('',(44.601028003542,-0.911726754526,6.5888672875
    ));
#9626 = CARTESIAN_POINT('',(44.00218858474,-0.949027565362,6.5888672875)
  );
#9627 = PCURVE('',#6284,#9628);
#9628 = DEFINITIONAL_REPRESENTATION('',(#9629),#9633);
#9629 = B_SPLINE_CURVE_WITH_KNOTS('',2,(#9630,#9631,#9632),
  .UNSPECIFIED.,.F.,.F.,(3,3),(7.091683315275E-15,0.6),
  .PIECEWISE_BEZIER_KNOTS.);
#9630 = CARTESIAN_POINT('',(0.,-7.091683315275E-15));
#9631 = CARTESIAN_POINT('',(0.,-0.3));
#9632 = CARTESIAN_POINT('',(0.,-0.6));
#9633 = ( GEOMETRIC_REPRESENTATION_CONTEXT(2) 
PARAMETRIC_REPRESENTATION_CONTEXT() REPRESENTATION_CONTEXT('2D SPACE',''
  ) );
#9634 = PCURVE('',#6214,#9635);
#9635 = DEFINITIONAL_REPRESENTATION('',(#9636),#9640);
#9636 = B_SPLINE_CURVE_WITH_KNOTS('',2,(#9637,#9638,#9639),
  .UNSPECIFIED.,.F.,.F.,(3,3),(7.091683315275E-15,0.6),
  .PIECEWISE_BEZIER_KNOTS.);
#9637 = CARTESIAN_POINT('',(1.,-7.091683315275E-15));
#9638 = CARTESIAN_POINT('',(1.,-0.3));
#9639 = CARTESIAN_POINT('',(1.,-0.6));
#9640 = ( GEOMETRIC_REPRESENTATION_CONTEXT(2) 
PARAMETRIC_REPRESENTATION_CONTEXT() REPRESENTATION_CONTEXT('2D SPACE',''
  ) );
#9641 = ORIENTED_EDGE('',*,*,#6242,.F.);
#9642 = ORIENTED_EDGE('',*,*,#9555,.F.);
#9643 = ADVANCED_FACE('',(#9644),#6214,.F.);
#9644 = FACE_BOUND('',#9645,.F.);
#9645 = EDGE_LOOP('',(#9646,#9669,#9689,#9690));
#9646 = ORIENTED_EDGE('',*,*,#9647,.F.);
#9647 = EDGE_CURVE('',#9648,#9600,#9650,.T.);
#9648 = VERTEX_POINT('',#9649);
#9649 = CARTESIAN_POINT('',(44.715316376585,-2.746549680787,
    6.160400490625));
#9650 = SURFACE_CURVE('',#9651,(#9655,#9662),.PCURVE_S1.);
#9651 = B_SPLINE_CURVE_WITH_KNOTS('',2,(#9652,#9653,#9654),
  .UNSPECIFIED.,.F.,.F.,(3,3),(0.,1.),.PIECEWISE_BEZIER_KNOTS.);
#9652 = CARTESIAN_POINT('',(44.715316376585,-2.746549680787,
    6.160400490625));
#9653 = CARTESIAN_POINT('',(44.638517018339,-1.513587661281,
    6.160400490625));
#9654 = CARTESIAN_POINT('',(44.601028003542,-0.911726754526,6.5888672875
    ));
#9655 = PCURVE('',#6214,#9656);
#9656 = DEFINITIONAL_REPRESENTATION('',(#9657),#9661);
#9657 = B_SPLINE_CURVE_WITH_KNOTS('',2,(#9658,#9659,#9660),
  .UNSPECIFIED.,.F.,.F.,(3,3),(0.,1.),.PIECEWISE_BEZIER_KNOTS.);
#9658 = CARTESIAN_POINT('',(7.15149192656E-16,-1.418336663055E-14));
#9659 = CARTESIAN_POINT('',(0.5,2.851472936781E-15));
#9660 = CARTESIAN_POINT('',(1.,-1.418336663055E-14));
#9661 = ( GEOMETRIC_REPRESENTATION_CONTEXT(2) 
PARAMETRIC_REPRESENTATION_CONTEXT() REPRESENTATION_CONTEXT('2D SPACE',''
  ) );
#9662 = PCURVE('',#9543,#9663);
#9663 = DEFINITIONAL_REPRESENTATION('',(#9664),#9668);
#9664 = B_SPLINE_CURVE_WITH_KNOTS('',2,(#9665,#9666,#9667),
  .UNSPECIFIED.,.F.,.F.,(3,3),(0.,1.),.PIECEWISE_BEZIER_KNOTS.);
#9665 = CARTESIAN_POINT('',(1.37451171875,3.4912109375));
#9666 = CARTESIAN_POINT('',(1.9921875,3.4912109375));
#9667 = CARTESIAN_POINT('',(2.293701171875,3.062744140625));
#9668 = ( GEOMETRIC_REPRESENTATION_CONTEXT(2) 
PARAMETRIC_REPRESENTATION_CONTEXT() REPRESENTATION_CONTEXT('2D SPACE',''
  ) );
#9669 = ORIENTED_EDGE('',*,*,#9670,.T.);
#9670 = EDGE_CURVE('',#9648,#6096,#9671,.T.);
#9671 = SURFACE_CURVE('',#9672,(#9675,#9682),.PCURVE_S1.);
#9672 = B_SPLINE_CURVE_WITH_KNOTS('',1,(#9673,#9674),.UNSPECIFIED.,.F.,
  .F.,(2,2),(0.,0.6),.PIECEWISE_BEZIER_KNOTS.);
#9673 = CARTESIAN_POINT('',(44.715316376585,-2.746549680787,
    6.160400490625));
#9674 = CARTESIAN_POINT('',(44.116476957783,-2.783850491622,
    6.160400490625));
#9675 = PCURVE('',#6214,#9676);
#9676 = DEFINITIONAL_REPRESENTATION('',(#9677),#9681);
#9677 = B_SPLINE_CURVE_WITH_KNOTS('',2,(#9678,#9679,#9680),
  .UNSPECIFIED.,.F.,.F.,(3,3),(7.091683315275E-15,0.6),
  .PIECEWISE_BEZIER_KNOTS.);
#9678 = CARTESIAN_POINT('',(0.,-7.091683315275E-15));
#9679 = CARTESIAN_POINT('',(7.047060925044E-16,-0.3));
#9680 = CARTESIAN_POINT('',(3.58788721089E-16,-0.6));
#9681 = ( GEOMETRIC_REPRESENTATION_CONTEXT(2) 
PARAMETRIC_REPRESENTATION_CONTEXT() REPRESENTATION_CONTEXT('2D SPACE',''
  ) );
#9682 = PCURVE('',#6141,#9683);
#9683 = DEFINITIONAL_REPRESENTATION('',(#9684),#9688);
#9684 = B_SPLINE_CURVE_WITH_KNOTS('',2,(#9685,#9686,#9687),
  .UNSPECIFIED.,.F.,.F.,(3,3),(7.091683315275E-15,0.6),
  .PIECEWISE_BEZIER_KNOTS.);
#9685 = CARTESIAN_POINT('',(1.,-7.091683315275E-15));
#9686 = CARTESIAN_POINT('',(1.,-0.3));
#9687 = CARTESIAN_POINT('',(1.,-0.6));
#9688 = ( GEOMETRIC_REPRESENTATION_CONTEXT(2) 
PARAMETRIC_REPRESENTATION_CONTEXT() REPRESENTATION_CONTEXT('2D SPACE',''
  ) );
#9689 = ORIENTED_EDGE('',*,*,#6170,.F.);
#9690 = ORIENTED_EDGE('',*,*,#9622,.F.);
#9691 = ADVANCED_FACE('',(#9692),#6141,.F.);
#9692 = FACE_BOUND('',#9693,.F.);
#9693 = EDGE_LOOP('',(#9694,#9717,#9737,#9738));
#9694 = ORIENTED_EDGE('',*,*,#9695,.F.);
#9695 = EDGE_CURVE('',#9696,#9648,#9698,.T.);
#9696 = VERTEX_POINT('',#9697);
#9697 = CARTESIAN_POINT('',(44.825658537545,-4.518018827389,
    6.465576271875));
#9698 = SURFACE_CURVE('',#9699,(#9703,#9710),.PCURVE_S1.);
#9699 = B_SPLINE_CURVE_WITH_KNOTS('',2,(#9700,#9701,#9702),
  .UNSPECIFIED.,.F.,.F.,(3,3),(0.,1.),.PIECEWISE_BEZIER_KNOTS.);
#9700 = CARTESIAN_POINT('',(44.825658537545,-4.518018827389,
    6.465576271875));
#9701 = CARTESIAN_POINT('',(44.78665174887,-3.891791082304,
    6.160400490625));
#9702 = CARTESIAN_POINT('',(44.715316376585,-2.746549680787,
    6.160400490625));
#9703 = PCURVE('',#6141,#9704);
#9704 = DEFINITIONAL_REPRESENTATION('',(#9705),#9709);
#9705 = B_SPLINE_CURVE_WITH_KNOTS('',2,(#9706,#9707,#9708),
  .UNSPECIFIED.,.F.,.F.,(3,3),(0.,1.),.PIECEWISE_BEZIER_KNOTS.);
#9706 = CARTESIAN_POINT('',(-1.228225907427E-18,-7.119291461293E-15));
#9707 = CARTESIAN_POINT('',(0.5,1.905383448815E-15));
#9708 = CARTESIAN_POINT('',(1.,0.));
#9709 = ( GEOMETRIC_REPRESENTATION_CONTEXT(2) 
PARAMETRIC_REPRESENTATION_CONTEXT() REPRESENTATION_CONTEXT('2D SPACE',''
  ) );
#9710 = PCURVE('',#9543,#9711);
#9711 = DEFINITIONAL_REPRESENTATION('',(#9712),#9716);
#9712 = B_SPLINE_CURVE_WITH_KNOTS('',2,(#9713,#9714,#9715),
  .UNSPECIFIED.,.F.,.F.,(3,3),(0.,1.),.PIECEWISE_BEZIER_KNOTS.);
#9713 = CARTESIAN_POINT('',(0.487060546875,3.18603515625));
#9714 = CARTESIAN_POINT('',(0.80078125,3.4912109375));
#9715 = CARTESIAN_POINT('',(1.37451171875,3.4912109375));
#9716 = ( GEOMETRIC_REPRESENTATION_CONTEXT(2) 
PARAMETRIC_REPRESENTATION_CONTEXT() REPRESENTATION_CONTEXT('2D SPACE',''
  ) );
#9717 = ORIENTED_EDGE('',*,*,#9718,.T.);
#9718 = EDGE_CURVE('',#9696,#6021,#9719,.T.);
#9719 = SURFACE_CURVE('',#9720,(#9723,#9730),.PCURVE_S1.);
#9720 = B_SPLINE_CURVE_WITH_KNOTS('',1,(#9721,#9722),.UNSPECIFIED.,.F.,
  .F.,(2,2),(0.,0.6),.PIECEWISE_BEZIER_KNOTS.);
#9721 = CARTESIAN_POINT('',(44.825658537545,-4.518018827389,
    6.465576271875));
#9722 = CARTESIAN_POINT('',(44.226819118743,-4.555319638225,
    6.465576271875));
#9723 = PCURVE('',#6141,#9724);
#9724 = DEFINITIONAL_REPRESENTATION('',(#9725),#9729);
#9725 = B_SPLINE_CURVE_WITH_KNOTS('',2,(#9726,#9727,#9728),
  .UNSPECIFIED.,.F.,.F.,(3,3),(0.,0.6),.PIECEWISE_BEZIER_KNOTS.);
#9726 = CARTESIAN_POINT('',(-1.228225907427E-18,-7.119291461293E-15));
#9727 = CARTESIAN_POINT('',(-1.16886022317E-16,-0.3));
#9728 = CARTESIAN_POINT('',(0.,-0.6));
#9729 = ( GEOMETRIC_REPRESENTATION_CONTEXT(2) 
PARAMETRIC_REPRESENTATION_CONTEXT() REPRESENTATION_CONTEXT('2D SPACE',''
  ) );
#9730 = PCURVE('',#6066,#9731);
#9731 = DEFINITIONAL_REPRESENTATION('',(#9732),#9736);
#9732 = B_SPLINE_CURVE_WITH_KNOTS('',2,(#9733,#9734,#9735),
  .UNSPECIFIED.,.F.,.F.,(3,3),(0.,0.6),.PIECEWISE_BEZIER_KNOTS.);
#9733 = CARTESIAN_POINT('',(1.,-7.119291461293E-15));
#9734 = CARTESIAN_POINT('',(1.,-0.3));
#9735 = CARTESIAN_POINT('',(1.,-0.6));
#9736 = ( GEOMETRIC_REPRESENTATION_CONTEXT(2) 
PARAMETRIC_REPRESENTATION_CONTEXT() REPRESENTATION_CONTEXT('2D SPACE',''
  ) );
#9737 = ORIENTED_EDGE('',*,*,#6095,.F.);
#9738 = ORIENTED_EDGE('',*,*,#9670,.F.);
#9739 = ADVANCED_FACE('',(#9740),#6066,.F.);
#9740 = FACE_BOUND('',#9741,.F.);
#9741 = EDGE_LOOP('',(#9742,#9765,#9785,#9786));
#9742 = ORIENTED_EDGE('',*,*,#9743,.F.);
#9743 = EDGE_CURVE('',#9744,#9696,#9746,.T.);
#9744 = VERTEX_POINT('',#9745);
#9745 = CARTESIAN_POINT('',(44.864665326219,-5.144246572474,
    7.312744240625));
#9746 = SURFACE_CURVE('',#9747,(#9751,#9758),.PCURVE_S1.);
#9747 = B_SPLINE_CURVE_WITH_KNOTS('',2,(#9748,#9749,#9750),
  .UNSPECIFIED.,.F.,.F.,(3,3),(0.,1.),.PIECEWISE_BEZIER_KNOTS.);
#9748 = CARTESIAN_POINT('',(44.864665326219,-5.144246572474,
    7.312744240625));
#9749 = CARTESIAN_POINT('',(44.864665326219,-5.144246572474,
    6.770752053125));
#9750 = CARTESIAN_POINT('',(44.825658537545,-4.518018827389,
    6.465576271875));
#9751 = PCURVE('',#6066,#9752);
#9752 = DEFINITIONAL_REPRESENTATION('',(#9753),#9757);
#9753 = B_SPLINE_CURVE_WITH_KNOTS('',2,(#9754,#9755,#9756),
  .UNSPECIFIED.,.F.,.F.,(3,3),(0.,1.),.PIECEWISE_BEZIER_KNOTS.);
#9754 = CARTESIAN_POINT('',(0.,0.));
#9755 = CARTESIAN_POINT('',(0.5,-1.391951728386E-14));
#9756 = CARTESIAN_POINT('',(1.,-7.119291461293E-15));
#9757 = ( GEOMETRIC_REPRESENTATION_CONTEXT(2) 
PARAMETRIC_REPRESENTATION_CONTEXT() REPRESENTATION_CONTEXT('2D SPACE',''
  ) );
#9758 = PCURVE('',#9543,#9759);
#9759 = DEFINITIONAL_REPRESENTATION('',(#9760),#9764);
#9760 = B_SPLINE_CURVE_WITH_KNOTS('',2,(#9761,#9762,#9763),
  .UNSPECIFIED.,.F.,.F.,(3,3),(0.,1.),.PIECEWISE_BEZIER_KNOTS.);
#9761 = CARTESIAN_POINT('',(0.17333984375,2.3388671875));
#9762 = CARTESIAN_POINT('',(0.17333984375,2.880859375));
#9763 = CARTESIAN_POINT('',(0.487060546875,3.18603515625));
#9764 = ( GEOMETRIC_REPRESENTATION_CONTEXT(2) 
PARAMETRIC_REPRESENTATION_CONTEXT() REPRESENTATION_CONTEXT('2D SPACE',''
  ) );
#9765 = ORIENTED_EDGE('',*,*,#9766,.T.);
#9766 = EDGE_CURVE('',#9744,#5958,#9767,.T.);
#9767 = SURFACE_CURVE('',#9768,(#9771,#9778),.PCURVE_S1.);
#9768 = B_SPLINE_CURVE_WITH_KNOTS('',1,(#9769,#9770),.UNSPECIFIED.,.F.,
  .F.,(2,2),(0.,0.6),.PIECEWISE_BEZIER_KNOTS.);
#9769 = CARTESIAN_POINT('',(44.864665326219,-5.144246572474,
    7.312744240625));
#9770 = CARTESIAN_POINT('',(44.265825907417,-5.18154738331,
    7.312744240625));
#9771 = PCURVE('',#6066,#9772);
#9772 = DEFINITIONAL_REPRESENTATION('',(#9773),#9777);
#9773 = B_SPLINE_CURVE_WITH_KNOTS('',2,(#9774,#9775,#9776),
  .UNSPECIFIED.,.F.,.F.,(3,3),(0.,0.6),.PIECEWISE_BEZIER_KNOTS.);
#9774 = CARTESIAN_POINT('',(0.,0.));
#9775 = CARTESIAN_POINT('',(0.,-0.3));
#9776 = CARTESIAN_POINT('',(0.,-0.6));
#9777 = ( GEOMETRIC_REPRESENTATION_CONTEXT(2) 
PARAMETRIC_REPRESENTATION_CONTEXT() REPRESENTATION_CONTEXT('2D SPACE',''
  ) );
#9778 = PCURVE('',#5995,#9779);
#9779 = DEFINITIONAL_REPRESENTATION('',(#9780),#9784);
#9780 = B_SPLINE_CURVE_WITH_KNOTS('',2,(#9781,#9782,#9783),
  .UNSPECIFIED.,.F.,.F.,(3,3),(0.,0.6),.PIECEWISE_BEZIER_KNOTS.);
#9781 = CARTESIAN_POINT('',(1.,0.));
#9782 = CARTESIAN_POINT('',(1.,-0.3));
#9783 = CARTESIAN_POINT('',(1.,-0.6));
#9784 = ( GEOMETRIC_REPRESENTATION_CONTEXT(2) 
PARAMETRIC_REPRESENTATION_CONTEXT() REPRESENTATION_CONTEXT('2D SPACE',''
  ) );
#9785 = ORIENTED_EDGE('',*,*,#6020,.F.);
#9786 = ORIENTED_EDGE('',*,*,#9718,.F.);
#9787 = ADVANCED_FACE('',(#9788),#5995,.F.);
#9788 = FACE_BOUND('',#9789,.F.);
#9789 = EDGE_LOOP('',(#9790,#9813,#9833,#9834));
#9790 = ORIENTED_EDGE('',*,*,#9791,.F.);
#9791 = EDGE_CURVE('',#9792,#9744,#9794,.T.);
#9792 = VERTEX_POINT('',#9793);
#9793 = CARTESIAN_POINT('',(44.831426078282,-4.610612813044,
    8.14892588125));
#9794 = SURFACE_CURVE('',#9795,(#9799,#9806),.PCURVE_S1.);
#9795 = B_SPLINE_CURVE_WITH_KNOTS('',2,(#9796,#9797,#9798),
  .UNSPECIFIED.,.F.,.F.,(3,3),(0.,1.),.PIECEWISE_BEZIER_KNOTS.);
#9796 = CARTESIAN_POINT('',(44.831426078282,-4.610612813044,
    8.14892588125));
#9797 = CARTESIAN_POINT('',(44.864665326219,-5.144246572474,
    7.840087990625));
#9798 = CARTESIAN_POINT('',(44.864665326219,-5.144246572474,
    7.312744240625));
#9799 = PCURVE('',#5995,#9800);
#9800 = DEFINITIONAL_REPRESENTATION('',(#9801),#9805);
#9801 = B_SPLINE_CURVE_WITH_KNOTS('',2,(#9802,#9803,#9804),
  .UNSPECIFIED.,.F.,.F.,(3,3),(0.,1.),.PIECEWISE_BEZIER_KNOTS.);
#9802 = CARTESIAN_POINT('',(0.,0.));
#9803 = CARTESIAN_POINT('',(0.5,7.342641781647E-15));
#9804 = CARTESIAN_POINT('',(1.,0.));
#9805 = ( GEOMETRIC_REPRESENTATION_CONTEXT(2) 
PARAMETRIC_REPRESENTATION_CONTEXT() REPRESENTATION_CONTEXT('2D SPACE',''
  ) );
#9806 = PCURVE('',#9543,#9807);
#9807 = DEFINITIONAL_REPRESENTATION('',(#9808),#9812);
#9808 = B_SPLINE_CURVE_WITH_KNOTS('',2,(#9809,#9810,#9811),
  .UNSPECIFIED.,.F.,.F.,(3,3),(0.,1.),.PIECEWISE_BEZIER_KNOTS.);
#9809 = CARTESIAN_POINT('',(0.440673828125,1.502685546875));
#9810 = CARTESIAN_POINT('',(0.17333984375,1.8115234375));
#9811 = CARTESIAN_POINT('',(0.17333984375,2.3388671875));
#9812 = ( GEOMETRIC_REPRESENTATION_CONTEXT(2) 
PARAMETRIC_REPRESENTATION_CONTEXT() REPRESENTATION_CONTEXT('2D SPACE',''
  ) );
#9813 = ORIENTED_EDGE('',*,*,#9814,.T.);
#9814 = EDGE_CURVE('',#9792,#5895,#9815,.T.);
#9815 = SURFACE_CURVE('',#9816,(#9819,#9826),.PCURVE_S1.);
#9816 = B_SPLINE_CURVE_WITH_KNOTS('',1,(#9817,#9818),.UNSPECIFIED.,.F.,
  .F.,(2,2),(0.,0.6),.PIECEWISE_BEZIER_KNOTS.);
#9817 = CARTESIAN_POINT('',(44.831426078282,-4.610612813044,
    8.14892588125));
#9818 = CARTESIAN_POINT('',(44.232586659481,-4.647913623879,
    8.14892588125));
#9819 = PCURVE('',#5995,#9820);
#9820 = DEFINITIONAL_REPRESENTATION('',(#9821),#9825);
#9821 = B_SPLINE_CURVE_WITH_KNOTS('',2,(#9822,#9823,#9824),
  .UNSPECIFIED.,.F.,.F.,(3,3),(0.,0.6),.PIECEWISE_BEZIER_KNOTS.);
#9822 = CARTESIAN_POINT('',(0.,0.));
#9823 = CARTESIAN_POINT('',(1.145931149491E-16,-0.3));
#9824 = CARTESIAN_POINT('',(-1.20158990148E-18,-0.6));
#9825 = ( GEOMETRIC_REPRESENTATION_CONTEXT(2) 
PARAMETRIC_REPRESENTATION_CONTEXT() REPRESENTATION_CONTEXT('2D SPACE',''
  ) );
#9826 = PCURVE('',#5932,#9827);
#9827 = DEFINITIONAL_REPRESENTATION('',(#9828),#9832);
#9828 = B_SPLINE_CURVE_WITH_KNOTS('',2,(#9829,#9830,#9831),
  .UNSPECIFIED.,.F.,.F.,(3,3),(0.,0.6),.PIECEWISE_BEZIER_KNOTS.);
#9829 = CARTESIAN_POINT('',(1.,0.));
#9830 = CARTESIAN_POINT('',(1.,-0.3));
#9831 = CARTESIAN_POINT('',(1.,-0.6));
#9832 = ( GEOMETRIC_REPRESENTATION_CONTEXT(2) 
PARAMETRIC_REPRESENTATION_CONTEXT() REPRESENTATION_CONTEXT('2D SPACE',''
  ) );
#9833 = ORIENTED_EDGE('',*,*,#5957,.F.);
#9834 = ORIENTED_EDGE('',*,*,#9766,.F.);
#9835 = ADVANCED_FACE('',(#9836),#5932,.F.);
#9836 = FACE_BOUND('',#9837,.F.);
#9837 = EDGE_LOOP('',(#9838,#9861,#9881,#9882));
#9838 = ORIENTED_EDGE('',*,*,#9839,.F.);
#9839 = EDGE_CURVE('',#9840,#9792,#9842,.T.);
#9840 = VERTEX_POINT('',#9841);
#9841 = CARTESIAN_POINT('',(44.741725642069,-3.170532667732,
    8.457763771875));
#9842 = SURFACE_CURVE('',#9843,(#9847,#9854),.PCURVE_S1.);
#9843 = B_SPLINE_CURVE_WITH_KNOTS('',2,(#9844,#9845,#9846),
  .UNSPECIFIED.,.F.,.F.,(3,3),(0.,1.),.PIECEWISE_BEZIER_KNOTS.);
#9844 = CARTESIAN_POINT('',(44.741725642069,-3.170532667732,
    8.457763771875));
#9845 = CARTESIAN_POINT('',(44.798186830346,-4.076979053614,
    8.457763771875));
#9846 = CARTESIAN_POINT('',(44.831426078282,-4.610612813044,
    8.14892588125));
#9847 = PCURVE('',#5932,#9848);
#9848 = DEFINITIONAL_REPRESENTATION('',(#9849),#9853);
#9849 = B_SPLINE_CURVE_WITH_KNOTS('',2,(#9850,#9851,#9852),
  .UNSPECIFIED.,.F.,.F.,(3,3),(0.,1.),.PIECEWISE_BEZIER_KNOTS.);
#9850 = CARTESIAN_POINT('',(1.651470777099E-18,-7.119291461293E-15));
#9851 = CARTESIAN_POINT('',(0.5,1.417134188814E-14));
#9852 = CARTESIAN_POINT('',(1.,0.));
#9853 = ( GEOMETRIC_REPRESENTATION_CONTEXT(2) 
PARAMETRIC_REPRESENTATION_CONTEXT() REPRESENTATION_CONTEXT('2D SPACE',''
  ) );
#9854 = PCURVE('',#9543,#9855);
#9855 = DEFINITIONAL_REPRESENTATION('',(#9856),#9860);
#9856 = B_SPLINE_CURVE_WITH_KNOTS('',2,(#9857,#9858,#9859),
  .UNSPECIFIED.,.F.,.F.,(3,3),(0.,1.),.PIECEWISE_BEZIER_KNOTS.);
#9857 = CARTESIAN_POINT('',(1.162109375,1.19384765625));
#9858 = CARTESIAN_POINT('',(0.7080078125,1.19384765625));
#9859 = CARTESIAN_POINT('',(0.440673828125,1.502685546875));
#9860 = ( GEOMETRIC_REPRESENTATION_CONTEXT(2) 
PARAMETRIC_REPRESENTATION_CONTEXT() REPRESENTATION_CONTEXT('2D SPACE',''
  ) );
#9861 = ORIENTED_EDGE('',*,*,#9862,.T.);
#9862 = EDGE_CURVE('',#9840,#5832,#9863,.T.);
#9863 = SURFACE_CURVE('',#9864,(#9867,#9874),.PCURVE_S1.);
#9864 = B_SPLINE_CURVE_WITH_KNOTS('',1,(#9865,#9866),.UNSPECIFIED.,.F.,
  .F.,(2,2),(0.,0.6),.PIECEWISE_BEZIER_KNOTS.);
#9865 = CARTESIAN_POINT('',(44.741725642069,-3.170532667732,
    8.457763771875));
#9866 = CARTESIAN_POINT('',(44.142886223267,-3.207833478567,
    8.457763771875));
#9867 = PCURVE('',#5932,#9868);
#9868 = DEFINITIONAL_REPRESENTATION('',(#9869),#9873);
#9869 = B_SPLINE_CURVE_WITH_KNOTS('',2,(#9870,#9871,#9872),
  .UNSPECIFIED.,.F.,.F.,(3,3),(0.,0.6),.PIECEWISE_BEZIER_KNOTS.);
#9870 = CARTESIAN_POINT('',(1.651470777099E-18,-7.119291461293E-15));
#9871 = CARTESIAN_POINT('',(3.14762472737E-16,-0.3));
#9872 = CARTESIAN_POINT('',(0.,-0.6));
#9873 = ( GEOMETRIC_REPRESENTATION_CONTEXT(2) 
PARAMETRIC_REPRESENTATION_CONTEXT() REPRESENTATION_CONTEXT('2D SPACE',''
  ) );
#9874 = PCURVE('',#5869,#9875);
#9875 = DEFINITIONAL_REPRESENTATION('',(#9876),#9880);
#9876 = B_SPLINE_CURVE_WITH_KNOTS('',2,(#9877,#9878,#9879),
  .UNSPECIFIED.,.F.,.F.,(3,3),(0.,0.6),.PIECEWISE_BEZIER_KNOTS.);
#9877 = CARTESIAN_POINT('',(1.,-7.119291461293E-15));
#9878 = CARTESIAN_POINT('',(1.,-0.3));
#9879 = CARTESIAN_POINT('',(1.,-0.6));
#9880 = ( GEOMETRIC_REPRESENTATION_CONTEXT(2) 
PARAMETRIC_REPRESENTATION_CONTEXT() REPRESENTATION_CONTEXT('2D SPACE',''
  ) );
#9881 = ORIENTED_EDGE('',*,*,#5894,.F.);
#9882 = ORIENTED_EDGE('',*,*,#9814,.F.);
#9883 = ADVANCED_FACE('',(#9884),#5869,.F.);
#9884 = FACE_BOUND('',#9885,.F.);
#9885 = EDGE_LOOP('',(#9886,#9909,#9929,#9930));
#9886 = ORIENTED_EDGE('',*,*,#9887,.F.);
#9887 = EDGE_CURVE('',#9888,#9840,#9890,.T.);
#9888 = VERTEX_POINT('',#9889);
#9889 = CARTESIAN_POINT('',(44.685112676405,-2.261649598017,
    8.35400400625));
#9890 = SURFACE_CURVE('',#9891,(#9895,#9902),.PCURVE_S1.);
#9891 = B_SPLINE_CURVE_WITH_KNOTS('',2,(#9892,#9893,#9894),
  .UNSPECIFIED.,.F.,.F.,(3,3),(0.,1.),.PIECEWISE_BEZIER_KNOTS.);
#9892 = CARTESIAN_POINT('',(44.685112676405,-2.261649598017,
    8.35400400625));
#9893 = CARTESIAN_POINT('',(44.711370164502,-2.683195901129,
    8.457763771875));
#9894 = CARTESIAN_POINT('',(44.741725642069,-3.170532667732,
    8.457763771875));
#9895 = PCURVE('',#5869,#9896);
#9896 = DEFINITIONAL_REPRESENTATION('',(#9897),#9901);
#9897 = B_SPLINE_CURVE_WITH_KNOTS('',2,(#9898,#9899,#9900),
  .UNSPECIFIED.,.F.,.F.,(3,3),(0.,1.),.PIECEWISE_BEZIER_KNOTS.);
#9898 = CARTESIAN_POINT('',(0.,0.));
#9899 = CARTESIAN_POINT('',(0.5,-3.800151001545E-16));
#9900 = CARTESIAN_POINT('',(1.,-7.119291461293E-15));
#9901 = ( GEOMETRIC_REPRESENTATION_CONTEXT(2) 
PARAMETRIC_REPRESENTATION_CONTEXT() REPRESENTATION_CONTEXT('2D SPACE',''
  ) );
#9902 = PCURVE('',#9543,#9903);
#9903 = DEFINITIONAL_REPRESENTATION('',(#9904),#9908);
#9904 = B_SPLINE_CURVE_WITH_KNOTS('',2,(#9905,#9906,#9907),
  .UNSPECIFIED.,.F.,.F.,(3,3),(0.,1.),.PIECEWISE_BEZIER_KNOTS.);
#9905 = CARTESIAN_POINT('',(1.617431640625,1.297607421875));
#9906 = CARTESIAN_POINT('',(1.40625,1.19384765625));
#9907 = CARTESIAN_POINT('',(1.162109375,1.19384765625));
#9908 = ( GEOMETRIC_REPRESENTATION_CONTEXT(2) 
PARAMETRIC_REPRESENTATION_CONTEXT() REPRESENTATION_CONTEXT('2D SPACE',''
  ) );
#9909 = ORIENTED_EDGE('',*,*,#9910,.T.);
#9910 = EDGE_CURVE('',#9888,#5781,#9911,.T.);
#9911 = SURFACE_CURVE('',#9912,(#9915,#9922),.PCURVE_S1.);
#9912 = B_SPLINE_CURVE_WITH_KNOTS('',1,(#9913,#9914),.UNSPECIFIED.,.F.,
  .F.,(2,2),(0.,0.6),.PIECEWISE_BEZIER_KNOTS.);
#9913 = CARTESIAN_POINT('',(44.685112676405,-2.261649598017,
    8.35400400625));
#9914 = CARTESIAN_POINT('',(44.086273257603,-2.298950408852,
    8.35400400625));
#9915 = PCURVE('',#5869,#9916);
#9916 = DEFINITIONAL_REPRESENTATION('',(#9917),#9921);
#9917 = B_SPLINE_CURVE_WITH_KNOTS('',2,(#9918,#9919,#9920),
  .UNSPECIFIED.,.F.,.F.,(3,3),(0.,0.6),.PIECEWISE_BEZIER_KNOTS.);
#9918 = CARTESIAN_POINT('',(0.,0.));
#9919 = CARTESIAN_POINT('',(-2.722316937589E-16,-0.3));
#9920 = CARTESIAN_POINT('',(-2.860581722856E-18,-0.6));
#9921 = ( GEOMETRIC_REPRESENTATION_CONTEXT(2) 
PARAMETRIC_REPRESENTATION_CONTEXT() REPRESENTATION_CONTEXT('2D SPACE',''
  ) );
#9922 = PCURVE('',#5810,#9923);
#9923 = DEFINITIONAL_REPRESENTATION('',(#9924),#9928);
#9924 = B_SPLINE_CURVE_WITH_KNOTS('',2,(#9925,#9926,#9927),
  .UNSPECIFIED.,.F.,.F.,(3,3),(0.,0.6),.PIECEWISE_BEZIER_KNOTS.);
#9925 = CARTESIAN_POINT('',(1.,0.));
#9926 = CARTESIAN_POINT('',(1.,-0.3));
#9927 = CARTESIAN_POINT('',(1.,-0.6));
#9928 = ( GEOMETRIC_REPRESENTATION_CONTEXT(2) 
PARAMETRIC_REPRESENTATION_CONTEXT() REPRESENTATION_CONTEXT('2D SPACE',''
  ) );
#9929 = ORIENTED_EDGE('',*,*,#5831,.F.);
#9930 = ORIENTED_EDGE('',*,*,#9862,.F.);
#9931 = ADVANCED_FACE('',(#9932),#5810,.F.);
#9932 = FACE_BOUND('',#9933,.F.);
#9933 = EDGE_LOOP('',(#9934,#9957,#9977,#9978));
#9934 = ORIENTED_EDGE('',*,*,#9935,.F.);
#9935 = EDGE_CURVE('',#9936,#9888,#9938,.T.);
#9936 = VERTEX_POINT('',#9937);
#9937 = CARTESIAN_POINT('',(44.647320106833,-1.654915323596,
    8.067138771875));
#9938 = SURFACE_CURVE('',#9939,(#9943,#9950),.PCURVE_S1.);
#9939 = B_SPLINE_CURVE_WITH_KNOTS('',2,(#9940,#9941,#9942),
  .UNSPECIFIED.,.F.,.F.,(3,3),(0.,1.),.PIECEWISE_BEZIER_KNOTS.);
#9940 = CARTESIAN_POINT('',(44.647320106833,-1.654915323596,
    8.067138771875));
#9941 = CARTESIAN_POINT('',(44.658855188309,-1.840103294905,
    8.250244240625));
#9942 = CARTESIAN_POINT('',(44.685112676405,-2.261649598017,
    8.35400400625));
#9943 = PCURVE('',#5810,#9944);
#9944 = DEFINITIONAL_REPRESENTATION('',(#9945),#9949);
#9945 = B_SPLINE_CURVE_WITH_KNOTS('',2,(#9946,#9947,#9948),
  .UNSPECIFIED.,.F.,.F.,(3,3),(0.,1.),.PIECEWISE_BEZIER_KNOTS.);
#9946 = CARTESIAN_POINT('',(0.,0.));
#9947 = CARTESIAN_POINT('',(0.5,5.0240759728E-15));
#9948 = CARTESIAN_POINT('',(1.,0.));
#9949 = ( GEOMETRIC_REPRESENTATION_CONTEXT(2) 
PARAMETRIC_REPRESENTATION_CONTEXT() REPRESENTATION_CONTEXT('2D SPACE',''
  ) );
#9950 = PCURVE('',#9543,#9951);
#9951 = DEFINITIONAL_REPRESENTATION('',(#9952),#9956);
#9952 = B_SPLINE_CURVE_WITH_KNOTS('',2,(#9953,#9954,#9955),
  .UNSPECIFIED.,.F.,.F.,(3,3),(0.,1.),.PIECEWISE_BEZIER_KNOTS.);
#9953 = CARTESIAN_POINT('',(1.92138671875,1.58447265625));
#9954 = CARTESIAN_POINT('',(1.82861328125,1.4013671875));
#9955 = CARTESIAN_POINT('',(1.617431640625,1.297607421875));
#9956 = ( GEOMETRIC_REPRESENTATION_CONTEXT(2) 
PARAMETRIC_REPRESENTATION_CONTEXT() REPRESENTATION_CONTEXT('2D SPACE',''
  ) );
#9957 = ORIENTED_EDGE('',*,*,#9958,.T.);
#9958 = EDGE_CURVE('',#9936,#5724,#9959,.T.);
#9959 = SURFACE_CURVE('',#9960,(#9963,#9970),.PCURVE_S1.);
#9960 = B_SPLINE_CURVE_WITH_KNOTS('',1,(#9961,#9962),.UNSPECIFIED.,.F.,
  .F.,(2,2),(0.,0.6),.PIECEWISE_BEZIER_KNOTS.);
#9961 = CARTESIAN_POINT('',(44.647320106833,-1.654915323596,
    8.067138771875));
#9962 = CARTESIAN_POINT('',(44.048480688031,-1.692216134431,
    8.067138771875));
#9963 = PCURVE('',#5810,#9964);
#9964 = DEFINITIONAL_REPRESENTATION('',(#9965),#9969);
#9965 = B_SPLINE_CURVE_WITH_KNOTS('',2,(#9966,#9967,#9968),
  .UNSPECIFIED.,.F.,.F.,(3,3),(0.,0.6),.PIECEWISE_BEZIER_KNOTS.);
#9966 = CARTESIAN_POINT('',(0.,0.));
#9967 = CARTESIAN_POINT('',(0.,-0.3));
#9968 = CARTESIAN_POINT('',(0.,-0.6));
#9969 = ( GEOMETRIC_REPRESENTATION_CONTEXT(2) 
PARAMETRIC_REPRESENTATION_CONTEXT() REPRESENTATION_CONTEXT('2D SPACE',''
  ) );
#9970 = PCURVE('',#5757,#9971);
#9971 = DEFINITIONAL_REPRESENTATION('',(#9972),#9976);
#9972 = B_SPLINE_CURVE_WITH_KNOTS('',2,(#9973,#9974,#9975),
  .UNSPECIFIED.,.F.,.F.,(3,3),(0.,0.6),.PIECEWISE_BEZIER_KNOTS.);
#9973 = CARTESIAN_POINT('',(1.,0.));
#9974 = CARTESIAN_POINT('',(1.,-0.3));
#9975 = CARTESIAN_POINT('',(1.,-0.6));
#9976 = ( GEOMETRIC_REPRESENTATION_CONTEXT(2) 
PARAMETRIC_REPRESENTATION_CONTEXT() REPRESENTATION_CONTEXT('2D SPACE',''
  ) );
#9977 = ORIENTED_EDGE('',*,*,#5780,.F.);
#9978 = ORIENTED_EDGE('',*,*,#9910,.F.);
#9979 = ADVANCED_FACE('',(#9980),#5757,.F.);
#9980 = FACE_BOUND('',#9981,.F.);
#9981 = EDGE_LOOP('',(#9982,#10005,#10025,#10026));
#9982 = ORIENTED_EDGE('',*,*,#9983,.F.);
#9983 = EDGE_CURVE('',#9984,#9936,#9986,.T.);
#9984 = VERTEX_POINT('',#9985);
#9985 = CARTESIAN_POINT('',(44.66720294464,-1.974120905721,
    8.885009865625));
#9986 = SURFACE_CURVE('',#9987,(#9991,#9998),.PCURVE_S1.);
#9987 = B_SPLINE_CURVE_WITH_KNOTS('',2,(#9988,#9989,#9990),
  .UNSPECIFIED.,.F.,.F.,(3,3),(0.,1.),.PIECEWISE_BEZIER_KNOTS.);
#9988 = CARTESIAN_POINT('',(44.66720294464,-1.974120905721,
    8.885009865625));
#9989 = CARTESIAN_POINT('',(44.647927216385,-1.664662058928,
    8.609130959375));
#9990 = CARTESIAN_POINT('',(44.647320106833,-1.654915323596,
    8.067138771875));
#9991 = PCURVE('',#5757,#9992);
#9992 = DEFINITIONAL_REPRESENTATION('',(#9993),#9997);
#9993 = B_SPLINE_CURVE_WITH_KNOTS('',2,(#9994,#9995,#9996),
  .UNSPECIFIED.,.F.,.F.,(3,3),(0.,1.),.PIECEWISE_BEZIER_KNOTS.);
#9994 = CARTESIAN_POINT('',(0.,0.));
#9995 = CARTESIAN_POINT('',(0.5,2.290091524915E-15));
#9996 = CARTESIAN_POINT('',(1.,0.));
#9997 = ( GEOMETRIC_REPRESENTATION_CONTEXT(2) 
PARAMETRIC_REPRESENTATION_CONTEXT() REPRESENTATION_CONTEXT('2D SPACE',''
  ) );
#9998 = PCURVE('',#9543,#9999);
#9999 = DEFINITIONAL_REPRESENTATION('',(#10000),#10004);
#10000 = B_SPLINE_CURVE_WITH_KNOTS('',2,(#10001,#10002,#10003),
  .UNSPECIFIED.,.F.,.F.,(3,3),(0.,1.),.PIECEWISE_BEZIER_KNOTS.);
#10001 = CARTESIAN_POINT('',(1.761474609375,0.7666015625));
#10002 = CARTESIAN_POINT('',(1.91650390625,1.04248046875));
#10003 = CARTESIAN_POINT('',(1.92138671875,1.58447265625));
#10004 = ( GEOMETRIC_REPRESENTATION_CONTEXT(2) 
PARAMETRIC_REPRESENTATION_CONTEXT() REPRESENTATION_CONTEXT('2D SPACE',''
  ) );
#10005 = ORIENTED_EDGE('',*,*,#10006,.T.);
#10006 = EDGE_CURVE('',#9984,#5649,#10007,.T.);
#10007 = SURFACE_CURVE('',#10008,(#10011,#10018),.PCURVE_S1.);
#10008 = B_SPLINE_CURVE_WITH_KNOTS('',1,(#10009,#10010),.UNSPECIFIED.,
  .F.,.F.,(2,2),(0.,0.6),.PIECEWISE_BEZIER_KNOTS.);
#10009 = CARTESIAN_POINT('',(44.66720294464,-1.974120905721,
    8.885009865625));
#10010 = CARTESIAN_POINT('',(44.068363525838,-2.011421716556,
    8.885009865625));
#10011 = PCURVE('',#5757,#10012);
#10012 = DEFINITIONAL_REPRESENTATION('',(#10013),#10017);
#10013 = B_SPLINE_CURVE_WITH_KNOTS('',2,(#10014,#10015,#10016),
  .UNSPECIFIED.,.F.,.F.,(3,3),(0.,0.6),.PIECEWISE_BEZIER_KNOTS.);
#10014 = CARTESIAN_POINT('',(0.,0.));
#10015 = CARTESIAN_POINT('',(0.,-0.3));
#10016 = CARTESIAN_POINT('',(0.,-0.6));
#10017 = ( GEOMETRIC_REPRESENTATION_CONTEXT(2) 
PARAMETRIC_REPRESENTATION_CONTEXT() REPRESENTATION_CONTEXT('2D SPACE',''
  ) );
#10018 = PCURVE('',#5694,#10019);
#10019 = DEFINITIONAL_REPRESENTATION('',(#10020),#10024);
#10020 = B_SPLINE_CURVE_WITH_KNOTS('',2,(#10021,#10022,#10023),
  .UNSPECIFIED.,.F.,.F.,(3,3),(0.,0.6),.PIECEWISE_BEZIER_KNOTS.);
#10021 = CARTESIAN_POINT('',(1.,0.));
#10022 = CARTESIAN_POINT('',(1.,-0.3));
#10023 = CARTESIAN_POINT('',(1.,-0.6));
#10024 = ( GEOMETRIC_REPRESENTATION_CONTEXT(2) 
PARAMETRIC_REPRESENTATION_CONTEXT() REPRESENTATION_CONTEXT('2D SPACE',''
  ) );
#10025 = ORIENTED_EDGE('',*,*,#5723,.F.);
#10026 = ORIENTED_EDGE('',*,*,#9958,.F.);
#10027 = ADVANCED_FACE('',(#10028),#5694,.F.);
#10028 = FACE_BOUND('',#10029,.F.);
#10029 = EDGE_LOOP('',(#10030,#10053,#10073,#10074));
#10030 = ORIENTED_EDGE('',*,*,#10031,.F.);
#10031 = EDGE_CURVE('',#10032,#9984,#10034,.T.);
#10032 = VERTEX_POINT('',#10033);
#10033 = CARTESIAN_POINT('',(44.722298136426,-2.858637137106,
    9.160888771875));
#10034 = SURFACE_CURVE('',#10035,(#10039,#10046),.PCURVE_S1.);
#10035 = B_SPLINE_CURVE_WITH_KNOTS('',2,(#10036,#10037,#10038),
  .UNSPECIFIED.,.F.,.F.,(3,3),(0.,1.),.PIECEWISE_BEZIER_KNOTS.);
#10036 = CARTESIAN_POINT('',(44.722298136426,-2.858637137106,
    9.160888771875));
#10037 = CARTESIAN_POINT('',(44.686478672896,-2.283579752514,
    9.160888771875));
#10038 = CARTESIAN_POINT('',(44.66720294464,-1.974120905721,
    8.885009865625));
#10039 = PCURVE('',#5694,#10040);
#10040 = DEFINITIONAL_REPRESENTATION('',(#10041),#10045);
#10041 = B_SPLINE_CURVE_WITH_KNOTS('',2,(#10042,#10043,#10044),
  .UNSPECIFIED.,.F.,.F.,(3,3),(0.,1.),.PIECEWISE_BEZIER_KNOTS.);
#10042 = CARTESIAN_POINT('',(0.,0.));
#10043 = CARTESIAN_POINT('',(0.5,4.9998241112E-15));
#10044 = CARTESIAN_POINT('',(1.,0.));
#10045 = ( GEOMETRIC_REPRESENTATION_CONTEXT(2) 
PARAMETRIC_REPRESENTATION_CONTEXT() REPRESENTATION_CONTEXT('2D SPACE',''
  ) );
#10046 = PCURVE('',#9543,#10047);
#10047 = DEFINITIONAL_REPRESENTATION('',(#10048),#10052);
#10048 = B_SPLINE_CURVE_WITH_KNOTS('',2,(#10049,#10050,#10051),
  .UNSPECIFIED.,.F.,.F.,(3,3),(0.,1.),.PIECEWISE_BEZIER_KNOTS.);
#10049 = CARTESIAN_POINT('',(1.318359375,0.49072265625));
#10050 = CARTESIAN_POINT('',(1.6064453125,0.49072265625));
#10051 = CARTESIAN_POINT('',(1.761474609375,0.7666015625));
#10052 = ( GEOMETRIC_REPRESENTATION_CONTEXT(2) 
PARAMETRIC_REPRESENTATION_CONTEXT() REPRESENTATION_CONTEXT('2D SPACE',''
  ) );
#10053 = ORIENTED_EDGE('',*,*,#10054,.T.);
#10054 = EDGE_CURVE('',#10032,#5574,#10055,.T.);
#10055 = SURFACE_CURVE('',#10056,(#10059,#10066),.PCURVE_S1.);
#10056 = B_SPLINE_CURVE_WITH_KNOTS('',1,(#10057,#10058),.UNSPECIFIED.,
  .F.,.F.,(2,2),(0.,0.6),.PIECEWISE_BEZIER_KNOTS.);
#10057 = CARTESIAN_POINT('',(44.722298136426,-2.858637137106,
    9.160888771875));
#10058 = CARTESIAN_POINT('',(44.123458717624,-2.895937947941,
    9.160888771875));
#10059 = PCURVE('',#5694,#10060);
#10060 = DEFINITIONAL_REPRESENTATION('',(#10061),#10065);
#10061 = B_SPLINE_CURVE_WITH_KNOTS('',2,(#10062,#10063,#10064),
  .UNSPECIFIED.,.F.,.F.,(3,3),(0.,0.6),.PIECEWISE_BEZIER_KNOTS.);
#10062 = CARTESIAN_POINT('',(0.,0.));
#10063 = CARTESIAN_POINT('',(-7.907163863432E-16,-0.3));
#10064 = CARTESIAN_POINT('',(0.,-0.6));
#10065 = ( GEOMETRIC_REPRESENTATION_CONTEXT(2) 
PARAMETRIC_REPRESENTATION_CONTEXT() REPRESENTATION_CONTEXT('2D SPACE',''
  ) );
#10066 = PCURVE('',#5619,#10067);
#10067 = DEFINITIONAL_REPRESENTATION('',(#10068),#10072);
#10068 = B_SPLINE_CURVE_WITH_KNOTS('',2,(#10069,#10070,#10071),
  .UNSPECIFIED.,.F.,.F.,(3,3),(0.,0.6),.PIECEWISE_BEZIER_KNOTS.);
#10069 = CARTESIAN_POINT('',(1.,0.));
#10070 = CARTESIAN_POINT('',(1.,-0.3));
#10071 = CARTESIAN_POINT('',(1.,-0.6));
#10072 = ( GEOMETRIC_REPRESENTATION_CONTEXT(2) 
PARAMETRIC_REPRESENTATION_CONTEXT() REPRESENTATION_CONTEXT('2D SPACE',''
  ) );
#10073 = ORIENTED_EDGE('',*,*,#5648,.F.);
#10074 = ORIENTED_EDGE('',*,*,#10006,.F.);
#10075 = ADVANCED_FACE('',(#10076),#5619,.F.);
#10076 = FACE_BOUND('',#10077,.F.);
#10077 = EDGE_LOOP('',(#10078,#10101,#10120,#10121));
#10078 = ORIENTED_EDGE('',*,*,#10079,.F.);
#10079 = EDGE_CURVE('',#10080,#10032,#10082,.T.);
#10080 = VERTEX_POINT('',#10081);
#10081 = CARTESIAN_POINT('',(44.776937996048,-3.735843316991,
    8.802002053125));
#10082 = SURFACE_CURVE('',#10083,(#10087,#10094),.PCURVE_S1.);
#10083 = B_SPLINE_CURVE_WITH_KNOTS('',2,(#10084,#10085,#10086),
  .UNSPECIFIED.,.F.,.F.,(3,3),(0.,1.),.PIECEWISE_BEZIER_KNOTS.);
#10084 = CARTESIAN_POINT('',(44.776937996048,-3.735843316991,
    8.802002053125));
#10085 = CARTESIAN_POINT('',(44.765099359797,-3.545781978016,
    9.160888771875));
#10086 = CARTESIAN_POINT('',(44.722298136426,-2.858637137106,
    9.160888771875));
#10087 = PCURVE('',#5619,#10088);
#10088 = DEFINITIONAL_REPRESENTATION('',(#10089),#10093);
#10089 = B_SPLINE_CURVE_WITH_KNOTS('',2,(#10090,#10091,#10092),
  .UNSPECIFIED.,.F.,.F.,(3,3),(0.,1.),.PIECEWISE_BEZIER_KNOTS.);
#10090 = CARTESIAN_POINT('',(3.050746685662E-16,-1.418336663055E-14));
#10091 = CARTESIAN_POINT('',(0.5,-1.600891979099E-14));
#10092 = CARTESIAN_POINT('',(1.,0.));
#10093 = ( GEOMETRIC_REPRESENTATION_CONTEXT(2) 
PARAMETRIC_REPRESENTATION_CONTEXT() REPRESENTATION_CONTEXT('2D SPACE',''
  ) );
#10094 = PCURVE('',#9543,#10095);
#10095 = DEFINITIONAL_REPRESENTATION('',(#10096),#10100);
#10096 = B_SPLINE_CURVE_WITH_KNOTS('',2,(#10097,#10098,#10099),
  .UNSPECIFIED.,.F.,.F.,(3,3),(0.,1.),.PIECEWISE_BEZIER_KNOTS.);
#10097 = CARTESIAN_POINT('',(0.87890625,0.849609375));
#10098 = CARTESIAN_POINT('',(0.97412109375,0.49072265625));
#10099 = CARTESIAN_POINT('',(1.318359375,0.49072265625));
#10100 = ( GEOMETRIC_REPRESENTATION_CONTEXT(2) 
PARAMETRIC_REPRESENTATION_CONTEXT() REPRESENTATION_CONTEXT('2D SPACE',''
  ) );
#10101 = ORIENTED_EDGE('',*,*,#10102,.T.);
#10102 = EDGE_CURVE('',#10080,#5540,#10103,.T.);
#10103 = SURFACE_CURVE('',#10104,(#10107,#10114),.PCURVE_S1.);
#10104 = B_SPLINE_CURVE_WITH_KNOTS('',1,(#10105,#10106),.UNSPECIFIED.,
  .F.,.F.,(2,2),(0.,0.6),.PIECEWISE_BEZIER_KNOTS.);
#10105 = CARTESIAN_POINT('',(44.776937996048,-3.735843316991,
    8.802002053125));
#10106 = CARTESIAN_POINT('',(44.178098577246,-3.773144127827,
    8.802002053125));
#10107 = PCURVE('',#5619,#10108);
#10108 = DEFINITIONAL_REPRESENTATION('',(#10109),#10113);
#10109 = B_SPLINE_CURVE_WITH_KNOTS('',2,(#10110,#10111,#10112),
  .UNSPECIFIED.,.F.,.F.,(3,3),(7.091683315275E-15,0.6),
  .PIECEWISE_BEZIER_KNOTS.);
#10110 = CARTESIAN_POINT('',(0.,-7.091683315275E-15));
#10111 = CARTESIAN_POINT('',(3.407419802301E-16,-0.3));
#10112 = CARTESIAN_POINT('',(0.,-0.6));
#10113 = ( GEOMETRIC_REPRESENTATION_CONTEXT(2) 
PARAMETRIC_REPRESENTATION_CONTEXT() REPRESENTATION_CONTEXT('2D SPACE',''
  ) );
#10114 = PCURVE('',#5559,#10115);
#10115 = DEFINITIONAL_REPRESENTATION('',(#10116),#10119);
#10116 = B_SPLINE_CURVE_WITH_KNOTS('',1,(#10117,#10118),.UNSPECIFIED.,
  .F.,.F.,(2,2),(0.,0.6),.PIECEWISE_BEZIER_KNOTS.);
#10117 = CARTESIAN_POINT('',(0.650830552522,7.105427357601E-15));
#10118 = CARTESIAN_POINT('',(0.650830552522,-0.6));
#10119 = ( GEOMETRIC_REPRESENTATION_CONTEXT(2) 
PARAMETRIC_REPRESENTATION_CONTEXT() REPRESENTATION_CONTEXT('2D SPACE',''
  ) );
#10120 = ORIENTED_EDGE('',*,*,#5573,.F.);
#10121 = ORIENTED_EDGE('',*,*,#10054,.F.);
#10122 = ADVANCED_FACE('',(#10123),#5559,.F.);
#10123 = FACE_BOUND('',#10124,.F.);
#10124 = EDGE_LOOP('',(#10125,#10145,#10164,#10165));
#10125 = ORIENTED_EDGE('',*,*,#10126,.F.);
#10126 = EDGE_CURVE('',#10127,#10080,#10129,.T.);
#10127 = VERTEX_POINT('',#10128);
#10128 = CARTESIAN_POINT('',(44.857076456827,-5.022412380824,
    8.892334084375));
#10129 = SURFACE_CURVE('',#10130,(#10133,#10139),.PCURVE_S1.);
#10130 = B_SPLINE_CURVE_WITH_KNOTS('',1,(#10131,#10132),.UNSPECIFIED.,
  .F.,.F.,(2,2),(0.,0.650830552522),.PIECEWISE_BEZIER_KNOTS.);
#10131 = CARTESIAN_POINT('',(44.857076456827,-5.022412380824,
    8.892334084375));
#10132 = CARTESIAN_POINT('',(44.776937996048,-3.735843316991,
    8.802002053125));
#10133 = PCURVE('',#5559,#10134);
#10134 = DEFINITIONAL_REPRESENTATION('',(#10135),#10138);
#10135 = B_SPLINE_CURVE_WITH_KNOTS('',1,(#10136,#10137),.UNSPECIFIED.,
  .F.,.F.,(2,2),(0.,0.650830552522),.PIECEWISE_BEZIER_KNOTS.);
#10136 = CARTESIAN_POINT('',(-8.881784197001E-16,0.));
#10137 = CARTESIAN_POINT('',(0.650830552522,0.));
#10138 = ( GEOMETRIC_REPRESENTATION_CONTEXT(2) 
PARAMETRIC_REPRESENTATION_CONTEXT() REPRESENTATION_CONTEXT('2D SPACE',''
  ) );
#10139 = PCURVE('',#9543,#10140);
#10140 = DEFINITIONAL_REPRESENTATION('',(#10141),#10144);
#10141 = B_SPLINE_CURVE_WITH_KNOTS('',1,(#10142,#10143),.UNSPECIFIED.,
  .F.,.F.,(2,2),(0.,0.650830552522),.PIECEWISE_BEZIER_KNOTS.);
#10142 = CARTESIAN_POINT('',(0.234375,0.75927734375));
#10143 = CARTESIAN_POINT('',(0.87890625,0.849609375));
#10144 = ( GEOMETRIC_REPRESENTATION_CONTEXT(2) 
PARAMETRIC_REPRESENTATION_CONTEXT() REPRESENTATION_CONTEXT('2D SPACE',''
  ) );
#10145 = ORIENTED_EDGE('',*,*,#10146,.T.);
#10146 = EDGE_CURVE('',#10127,#5477,#10147,.T.);
#10147 = SURFACE_CURVE('',#10148,(#10151,#10157),.PCURVE_S1.);
#10148 = B_SPLINE_CURVE_WITH_KNOTS('',1,(#10149,#10150),.UNSPECIFIED.,
  .F.,.F.,(2,2),(0.,0.6),.PIECEWISE_BEZIER_KNOTS.);
#10149 = CARTESIAN_POINT('',(44.857076456827,-5.022412380824,
    8.892334084375));
#10150 = CARTESIAN_POINT('',(44.258237038025,-5.059713191659,
    8.892334084375));
#10151 = PCURVE('',#5559,#10152);
#10152 = DEFINITIONAL_REPRESENTATION('',(#10153),#10156);
#10153 = B_SPLINE_CURVE_WITH_KNOTS('',1,(#10154,#10155),.UNSPECIFIED.,
  .F.,.F.,(2,2),(0.,0.6),.PIECEWISE_BEZIER_KNOTS.);
#10154 = CARTESIAN_POINT('',(0.,0.));
#10155 = CARTESIAN_POINT('',(-1.7763568394E-15,-0.6));
#10156 = ( GEOMETRIC_REPRESENTATION_CONTEXT(2) 
PARAMETRIC_REPRESENTATION_CONTEXT() REPRESENTATION_CONTEXT('2D SPACE',''
  ) );
#10157 = PCURVE('',#5514,#10158);
#10158 = DEFINITIONAL_REPRESENTATION('',(#10159),#10163);
#10159 = B_SPLINE_CURVE_WITH_KNOTS('',2,(#10160,#10161,#10162),
  .UNSPECIFIED.,.F.,.F.,(3,3),(0.,0.6),.PIECEWISE_BEZIER_KNOTS.);
#10160 = CARTESIAN_POINT('',(1.,7.091683315275E-15));
#10161 = CARTESIAN_POINT('',(1.,-0.3));
#10162 = CARTESIAN_POINT('',(1.,-0.6));
#10163 = ( GEOMETRIC_REPRESENTATION_CONTEXT(2) 
PARAMETRIC_REPRESENTATION_CONTEXT() REPRESENTATION_CONTEXT('2D SPACE',''
  ) );
#10164 = ORIENTED_EDGE('',*,*,#5539,.F.);
#10165 = ORIENTED_EDGE('',*,*,#10102,.F.);
#10166 = ADVANCED_FACE('',(#10167),#5514,.F.);
#10167 = FACE_BOUND('',#10168,.F.);
#10168 = EDGE_LOOP('',(#10169,#10192,#10212,#10213));
#10169 = ORIENTED_EDGE('',*,*,#10170,.F.);
#10170 = EDGE_CURVE('',#10171,#10127,#10173,.T.);
#10171 = VERTEX_POINT('',#10172);
#10172 = CARTESIAN_POINT('',(44.811695017863,-4.293843914752,
    9.50634775625));
#10173 = SURFACE_CURVE('',#10174,(#10178,#10185),.PCURVE_S1.);
#10174 = B_SPLINE_CURVE_WITH_KNOTS('',2,(#10175,#10176,#10177),
  .UNSPECIFIED.,.F.,.F.,(3,3),(0.,1.),.PIECEWISE_BEZIER_KNOTS.);
#10175 = CARTESIAN_POINT('',(44.811695017863,-4.293843914752,
    9.50634775625));
#10176 = CARTESIAN_POINT('',(44.843720046697,-4.807984203518,
    9.312255959375));
#10177 = CARTESIAN_POINT('',(44.857076456827,-5.022412380824,
    8.892334084375));
#10178 = PCURVE('',#5514,#10179);
#10179 = DEFINITIONAL_REPRESENTATION('',(#10180),#10184);
#10180 = B_SPLINE_CURVE_WITH_KNOTS('',2,(#10181,#10182,#10183),
  .UNSPECIFIED.,.F.,.F.,(3,3),(0.,1.),.PIECEWISE_BEZIER_KNOTS.);
#10181 = CARTESIAN_POINT('',(0.,0.));
#10182 = CARTESIAN_POINT('',(0.5,1.17204077246E-14));
#10183 = CARTESIAN_POINT('',(1.,7.064075169257E-15));
#10184 = ( GEOMETRIC_REPRESENTATION_CONTEXT(2) 
PARAMETRIC_REPRESENTATION_CONTEXT() REPRESENTATION_CONTEXT('2D SPACE',''
  ) );
#10185 = PCURVE('',#9543,#10186);
#10186 = DEFINITIONAL_REPRESENTATION('',(#10187),#10191);
#10187 = B_SPLINE_CURVE_WITH_KNOTS('',2,(#10188,#10189,#10190),
  .UNSPECIFIED.,.F.,.F.,(3,3),(0.,1.),.PIECEWISE_BEZIER_KNOTS.);
#10188 = CARTESIAN_POINT('',(0.599365234375,0.145263671875));
#10189 = CARTESIAN_POINT('',(0.341796875,0.33935546875));
#10190 = CARTESIAN_POINT('',(0.234375,0.75927734375));
#10191 = ( GEOMETRIC_REPRESENTATION_CONTEXT(2) 
PARAMETRIC_REPRESENTATION_CONTEXT() REPRESENTATION_CONTEXT('2D SPACE',''
  ) );
#10192 = ORIENTED_EDGE('',*,*,#10193,.T.);
#10193 = EDGE_CURVE('',#10171,#5402,#10194,.T.);
#10194 = SURFACE_CURVE('',#10195,(#10198,#10205),.PCURVE_S1.);
#10195 = B_SPLINE_CURVE_WITH_KNOTS('',1,(#10196,#10197),.UNSPECIFIED.,
  .F.,.F.,(2,2),(0.,0.6),.PIECEWISE_BEZIER_KNOTS.);
#10196 = CARTESIAN_POINT('',(44.811695017863,-4.293843914752,
    9.50634775625));
#10197 = CARTESIAN_POINT('',(44.212855599061,-4.331144725587,
    9.50634775625));
#10198 = PCURVE('',#5514,#10199);
#10199 = DEFINITIONAL_REPRESENTATION('',(#10200),#10204);
#10200 = B_SPLINE_CURVE_WITH_KNOTS('',2,(#10201,#10202,#10203),
  .UNSPECIFIED.,.F.,.F.,(3,3),(7.091683315275E-15,0.6),
  .PIECEWISE_BEZIER_KNOTS.);
#10201 = CARTESIAN_POINT('',(0.,-7.091683315275E-15));
#10202 = CARTESIAN_POINT('',(1.692265830822E-15,-0.3));
#10203 = CARTESIAN_POINT('',(0.,-0.6));
#10204 = ( GEOMETRIC_REPRESENTATION_CONTEXT(2) 
PARAMETRIC_REPRESENTATION_CONTEXT() REPRESENTATION_CONTEXT('2D SPACE',''
  ) );
#10205 = PCURVE('',#5447,#10206);
#10206 = DEFINITIONAL_REPRESENTATION('',(#10207),#10211);
#10207 = B_SPLINE_CURVE_WITH_KNOTS('',2,(#10208,#10209,#10210),
  .UNSPECIFIED.,.F.,.F.,(3,3),(7.091683315275E-15,0.6),
  .PIECEWISE_BEZIER_KNOTS.);
#10208 = CARTESIAN_POINT('',(1.,-7.091683315275E-15));
#10209 = CARTESIAN_POINT('',(1.,-0.3));
#10210 = CARTESIAN_POINT('',(1.,-0.6));
#10211 = ( GEOMETRIC_REPRESENTATION_CONTEXT(2) 
PARAMETRIC_REPRESENTATION_CONTEXT() REPRESENTATION_CONTEXT('2D SPACE',''
  ) );
#10212 = ORIENTED_EDGE('',*,*,#5476,.F.);
#10213 = ORIENTED_EDGE('',*,*,#10146,.F.);
#10214 = ADVANCED_FACE('',(#10215),#5447,.F.);
#10215 = FACE_BOUND('',#10216,.F.);
#10216 = EDGE_LOOP('',(#10217,#10240,#10260,#10261));
#10217 = ORIENTED_EDGE('',*,*,#10218,.F.);
#10218 = EDGE_CURVE('',#10219,#10171,#10221,.T.);
#10219 = VERTEX_POINT('',#10220);
#10220 = CARTESIAN_POINT('',(44.723208800753,-2.873257240104,
    9.700439553125));
#10221 = SURFACE_CURVE('',#10222,(#10226,#10233),.PCURVE_S1.);
#10222 = B_SPLINE_CURVE_WITH_KNOTS('',2,(#10223,#10224,#10225),
  .UNSPECIFIED.,.F.,.F.,(3,3),(0.,1.),.PIECEWISE_BEZIER_KNOTS.);
#10223 = CARTESIAN_POINT('',(44.723208800753,-2.873257240104,
    9.700439553125));
#10224 = CARTESIAN_POINT('',(44.779669989029,-3.779703625986,
    9.700439553125));
#10225 = CARTESIAN_POINT('',(44.811695017863,-4.293843914752,
    9.50634775625));
#10226 = PCURVE('',#5447,#10227);
#10227 = DEFINITIONAL_REPRESENTATION('',(#10228),#10232);
#10228 = B_SPLINE_CURVE_WITH_KNOTS('',2,(#10229,#10230,#10231),
  .UNSPECIFIED.,.F.,.F.,(3,3),(0.,1.),.PIECEWISE_BEZIER_KNOTS.);
#10229 = CARTESIAN_POINT('',(0.,0.));
#10230 = CARTESIAN_POINT('',(0.5,4.803316958653E-17));
#10231 = CARTESIAN_POINT('',(1.,0.));
#10232 = ( GEOMETRIC_REPRESENTATION_CONTEXT(2) 
PARAMETRIC_REPRESENTATION_CONTEXT() REPRESENTATION_CONTEXT('2D SPACE',''
  ) );
#10233 = PCURVE('',#9543,#10234);
#10234 = DEFINITIONAL_REPRESENTATION('',(#10235),#10239);
#10235 = B_SPLINE_CURVE_WITH_KNOTS('',2,(#10236,#10237,#10238),
  .UNSPECIFIED.,.F.,.F.,(3,3),(0.,1.),.PIECEWISE_BEZIER_KNOTS.);
#10236 = CARTESIAN_POINT('',(1.31103515625,-4.8828125E-02));
#10237 = CARTESIAN_POINT('',(0.85693359375,-4.8828125E-02));
#10238 = CARTESIAN_POINT('',(0.599365234375,0.145263671875));
#10239 = ( GEOMETRIC_REPRESENTATION_CONTEXT(2) 
PARAMETRIC_REPRESENTATION_CONTEXT() REPRESENTATION_CONTEXT('2D SPACE',''
  ) );
#10240 = ORIENTED_EDGE('',*,*,#10241,.T.);
#10241 = EDGE_CURVE('',#10219,#5315,#10242,.T.);
#10242 = SURFACE_CURVE('',#10243,(#10246,#10253),.PCURVE_S1.);
#10243 = B_SPLINE_CURVE_WITH_KNOTS('',1,(#10244,#10245),.UNSPECIFIED.,
  .F.,.F.,(2,2),(0.,0.6),.PIECEWISE_BEZIER_KNOTS.);
#10244 = CARTESIAN_POINT('',(44.723208800753,-2.873257240104,
    9.700439553125));
#10245 = CARTESIAN_POINT('',(44.124369381951,-2.910558050939,
    9.700439553125));
#10246 = PCURVE('',#5447,#10247);
#10247 = DEFINITIONAL_REPRESENTATION('',(#10248),#10252);
#10248 = B_SPLINE_CURVE_WITH_KNOTS('',2,(#10249,#10250,#10251),
  .UNSPECIFIED.,.F.,.F.,(3,3),(0.,0.6),.PIECEWISE_BEZIER_KNOTS.);
#10249 = CARTESIAN_POINT('',(0.,0.));
#10250 = CARTESIAN_POINT('',(-6.592349736958E-16,-0.3));
#10251 = CARTESIAN_POINT('',(0.,-0.6));
#10252 = ( GEOMETRIC_REPRESENTATION_CONTEXT(2) 
PARAMETRIC_REPRESENTATION_CONTEXT() REPRESENTATION_CONTEXT('2D SPACE',''
  ) );
#10253 = PCURVE('',#5368,#10254);
#10254 = DEFINITIONAL_REPRESENTATION('',(#10255),#10259);
#10255 = B_SPLINE_CURVE_WITH_KNOTS('',2,(#10256,#10257,#10258),
  .UNSPECIFIED.,.F.,.F.,(3,3),(0.,0.6),.PIECEWISE_BEZIER_KNOTS.);
#10256 = CARTESIAN_POINT('',(1.,0.));
#10257 = CARTESIAN_POINT('',(1.,-0.3));
#10258 = CARTESIAN_POINT('',(1.,-0.6));
#10259 = ( GEOMETRIC_REPRESENTATION_CONTEXT(2) 
PARAMETRIC_REPRESENTATION_CONTEXT() REPRESENTATION_CONTEXT('2D SPACE',''
  ) );
#10260 = ORIENTED_EDGE('',*,*,#5401,.F.);
#10261 = ORIENTED_EDGE('',*,*,#10193,.F.);
#10262 = ADVANCED_FACE('',(#10263),#5368,.F.);
#10263 = FACE_BOUND('',#10264,.F.);
#10264 = EDGE_LOOP('',(#10265,#10286,#10287,#10288));
#10265 = ORIENTED_EDGE('',*,*,#10266,.F.);
#10266 = EDGE_CURVE('',#9528,#10219,#10267,.T.);
#10267 = SURFACE_CURVE('',#10268,(#10272,#10279),.PCURVE_S1.);
#10268 = B_SPLINE_CURVE_WITH_KNOTS('',2,(#10269,#10270,#10271),
  .UNSPECIFIED.,.F.,.F.,(3,3),(0.,1.),.PIECEWISE_BEZIER_KNOTS.);
#10269 = CARTESIAN_POINT('',(44.605125993014,-0.977517218018,
    9.246337990625));
#10270 = CARTESIAN_POINT('',(44.646712997282,-1.645168588264,
    9.700439553125));
#10271 = CARTESIAN_POINT('',(44.723208800753,-2.873257240104,
    9.700439553125));
#10272 = PCURVE('',#5368,#10273);
#10273 = DEFINITIONAL_REPRESENTATION('',(#10274),#10278);
#10274 = B_SPLINE_CURVE_WITH_KNOTS('',2,(#10275,#10276,#10277),
  .UNSPECIFIED.,.F.,.F.,(3,3),(0.,1.),.PIECEWISE_BEZIER_KNOTS.);
#10275 = CARTESIAN_POINT('',(0.,0.));
#10276 = CARTESIAN_POINT('',(0.5,-1.000903417429E-14));
#10277 = CARTESIAN_POINT('',(1.,0.));
#10278 = ( GEOMETRIC_REPRESENTATION_CONTEXT(2) 
PARAMETRIC_REPRESENTATION_CONTEXT() REPRESENTATION_CONTEXT('2D SPACE',''
  ) );
#10279 = PCURVE('',#9543,#10280);
#10280 = DEFINITIONAL_REPRESENTATION('',(#10281),#10285);
#10281 = B_SPLINE_CURVE_WITH_KNOTS('',2,(#10282,#10283,#10284),
  .UNSPECIFIED.,.F.,.F.,(3,3),(0.,1.),.PIECEWISE_BEZIER_KNOTS.);
#10282 = CARTESIAN_POINT('',(2.2607421875,0.4052734375));
#10283 = CARTESIAN_POINT('',(1.92626953125,-4.8828125E-02));
#10284 = CARTESIAN_POINT('',(1.31103515625,-4.8828125E-02));
#10285 = ( GEOMETRIC_REPRESENTATION_CONTEXT(2) 
PARAMETRIC_REPRESENTATION_CONTEXT() REPRESENTATION_CONTEXT('2D SPACE',''
  ) );
#10286 = ORIENTED_EDGE('',*,*,#9576,.T.);
#10287 = ORIENTED_EDGE('',*,*,#5314,.F.);
#10288 = ORIENTED_EDGE('',*,*,#10241,.F.);
#10289 = ADVANCED_FACE('',(#10290),#6362,.F.);
#10290 = FACE_BOUND('',#10291,.F.);
#10291 = EDGE_LOOP('',(#10292,#10322,#10342,#10343));
#10292 = ORIENTED_EDGE('',*,*,#10293,.F.);
#10293 = EDGE_CURVE('',#10294,#10296,#10298,.T.);
#10294 = VERTEX_POINT('',#10295);
#10295 = CARTESIAN_POINT('',(44.867093764425,-5.816766486197,
    8.682373146875));
#10296 = VERTEX_POINT('',#10297);
#10297 = CARTESIAN_POINT('',(44.827328088811,-6.455177650447,
    9.43310556875));
#10298 = SURFACE_CURVE('',#10299,(#10303,#10310),.PCURVE_S1.);
#10299 = B_SPLINE_CURVE_WITH_KNOTS('',2,(#10300,#10301,#10302),
  .UNSPECIFIED.,.F.,.F.,(3,3),(0.,1.),.PIECEWISE_BEZIER_KNOTS.);
#10300 = CARTESIAN_POINT('',(44.867093764425,-5.816766486197,
    8.682373146875));
#10301 = CARTESIAN_POINT('',(44.867093764425,-5.816766486197,
    9.165771584375));
#10302 = CARTESIAN_POINT('',(44.827328088811,-6.455177650447,
    9.43310556875));
#10303 = PCURVE('',#6362,#10304);
#10304 = DEFINITIONAL_REPRESENTATION('',(#10305),#10309);
#10305 = B_SPLINE_CURVE_WITH_KNOTS('',2,(#10306,#10307,#10308),
  .UNSPECIFIED.,.F.,.F.,(3,3),(0.,1.),.PIECEWISE_BEZIER_KNOTS.);
#10306 = CARTESIAN_POINT('',(0.,7.03646702324E-15));
#10307 = CARTESIAN_POINT('',(0.5,3.474170203434E-14));
#10308 = CARTESIAN_POINT('',(1.,0.));
#10309 = ( GEOMETRIC_REPRESENTATION_CONTEXT(2) 
PARAMETRIC_REPRESENTATION_CONTEXT() REPRESENTATION_CONTEXT('2D SPACE',''
  ) );
#10310 = PCURVE('',#10311,#10316);
#10311 = B_SPLINE_SURFACE_WITH_KNOTS('',1,1,(
    (#10312,#10313)
    ,(#10314,#10315
    )),.UNSPECIFIED.,.F.,.F.,.F.,(2,2),(2,2),(0.15869140625,2.626953125)
  ,(-4.8828125E-02,3.4912109375),.PIECEWISE_BEZIER_KNOTS.);
#10312 = CARTESIAN_POINT('',(44.560199886214,-10.74374119655,
    9.700439553125));
#10313 = CARTESIAN_POINT('',(44.560199886214,-10.74374119655,
    6.160400490625));
#10314 = CARTESIAN_POINT('',(44.867093764425,-5.816766486197,
    9.700439553125));
#10315 = CARTESIAN_POINT('',(44.867093764425,-5.816766486197,
    6.160400490625));
#10316 = DEFINITIONAL_REPRESENTATION('',(#10317),#10321);
#10317 = B_SPLINE_CURVE_WITH_KNOTS('',2,(#10318,#10319,#10320),
  .UNSPECIFIED.,.F.,.F.,(3,3),(0.,1.),.PIECEWISE_BEZIER_KNOTS.);
#10318 = CARTESIAN_POINT('',(2.626953125,0.96923828125));
#10319 = CARTESIAN_POINT('',(2.626953125,0.48583984375));
#10320 = CARTESIAN_POINT('',(2.30712890625,0.218505859375));
#10321 = ( GEOMETRIC_REPRESENTATION_CONTEXT(2) 
PARAMETRIC_REPRESENTATION_CONTEXT() REPRESENTATION_CONTEXT('2D SPACE',''
  ) );
#10322 = ORIENTED_EDGE('',*,*,#10323,.T.);
#10323 = EDGE_CURVE('',#10294,#6317,#10324,.T.);
#10324 = SURFACE_CURVE('',#10325,(#10328,#10335),.PCURVE_S1.);
#10325 = B_SPLINE_CURVE_WITH_KNOTS('',1,(#10326,#10327),.UNSPECIFIED.,
  .F.,.F.,(2,2),(0.,0.6),.PIECEWISE_BEZIER_KNOTS.);
#10326 = CARTESIAN_POINT('',(44.867093764425,-5.816766486197,
    8.682373146875));
#10327 = CARTESIAN_POINT('',(44.268254345623,-5.779465675362,
    8.682373146875));
#10328 = PCURVE('',#6362,#10329);
#10329 = DEFINITIONAL_REPRESENTATION('',(#10330),#10334);
#10330 = B_SPLINE_CURVE_WITH_KNOTS('',2,(#10331,#10332,#10333),
  .UNSPECIFIED.,.F.,.F.,(3,3),(0.,0.6),.PIECEWISE_BEZIER_KNOTS.);
#10331 = CARTESIAN_POINT('',(0.,0.));
#10332 = CARTESIAN_POINT('',(0.,-0.3));
#10333 = CARTESIAN_POINT('',(0.,-0.6));
#10334 = ( GEOMETRIC_REPRESENTATION_CONTEXT(2) 
PARAMETRIC_REPRESENTATION_CONTEXT() REPRESENTATION_CONTEXT('2D SPACE',''
  ) );
#10335 = PCURVE('',#7495,#10336);
#10336 = DEFINITIONAL_REPRESENTATION('',(#10337),#10341);
#10337 = B_SPLINE_CURVE_WITH_KNOTS('',2,(#10338,#10339,#10340),
  .UNSPECIFIED.,.F.,.F.,(3,3),(0.,0.6),.PIECEWISE_BEZIER_KNOTS.);
#10338 = CARTESIAN_POINT('',(1.,-7.146899607311E-15));
#10339 = CARTESIAN_POINT('',(1.,-0.3));
#10340 = CARTESIAN_POINT('',(1.,-0.6));
#10341 = ( GEOMETRIC_REPRESENTATION_CONTEXT(2) 
PARAMETRIC_REPRESENTATION_CONTEXT() REPRESENTATION_CONTEXT('2D SPACE',''
  ) );
#10342 = ORIENTED_EDGE('',*,*,#6314,.F.);
#10343 = ORIENTED_EDGE('',*,*,#10344,.F.);
#10344 = EDGE_CURVE('',#10296,#6315,#10345,.T.);
#10345 = SURFACE_CURVE('',#10346,(#10349,#10356),.PCURVE_S1.);
#10346 = B_SPLINE_CURVE_WITH_KNOTS('',1,(#10347,#10348),.UNSPECIFIED.,
  .F.,.F.,(2,2),(0.,0.6),.PIECEWISE_BEZIER_KNOTS.);
#10347 = CARTESIAN_POINT('',(44.827328088811,-6.455177650447,
    9.43310556875));
#10348 = CARTESIAN_POINT('',(44.228488670009,-6.417876839612,
    9.43310556875));
#10349 = PCURVE('',#6362,#10350);
#10350 = DEFINITIONAL_REPRESENTATION('',(#10351),#10355);
#10351 = B_SPLINE_CURVE_WITH_KNOTS('',2,(#10352,#10353,#10354),
  .UNSPECIFIED.,.F.,.F.,(3,3),(0.,0.6),.PIECEWISE_BEZIER_KNOTS.);
#10352 = CARTESIAN_POINT('',(1.,0.));
#10353 = CARTESIAN_POINT('',(1.,-0.3));
#10354 = CARTESIAN_POINT('',(1.,-0.6));
#10355 = ( GEOMETRIC_REPRESENTATION_CONTEXT(2) 
PARAMETRIC_REPRESENTATION_CONTEXT() REPRESENTATION_CONTEXT('2D SPACE',''
  ) );
#10356 = PCURVE('',#6437,#10357);
#10357 = DEFINITIONAL_REPRESENTATION('',(#10358),#10362);
#10358 = B_SPLINE_CURVE_WITH_KNOTS('',2,(#10359,#10360,#10361),
  .UNSPECIFIED.,.F.,.F.,(3,3),(0.,0.6),.PIECEWISE_BEZIER_KNOTS.);
#10359 = CARTESIAN_POINT('',(0.,0.));
#10360 = CARTESIAN_POINT('',(-7.764081269915E-16,-0.3));
#10361 = CARTESIAN_POINT('',(0.,-0.6));
#10362 = ( GEOMETRIC_REPRESENTATION_CONTEXT(2) 
PARAMETRIC_REPRESENTATION_CONTEXT() REPRESENTATION_CONTEXT('2D SPACE',''
  ) );
#10363 = ADVANCED_FACE('',(#10364),#7495,.F.);
#10364 = FACE_BOUND('',#10365,.F.);
#10365 = EDGE_LOOP('',(#10366,#10389,#10409,#10410));
#10366 = ORIENTED_EDGE('',*,*,#10367,.F.);
#10367 = EDGE_CURVE('',#10368,#10294,#10370,.T.);
#10368 = VERTEX_POINT('',#10369);
#10369 = CARTESIAN_POINT('',(44.84356826931,-6.194452480315,
    8.11962900625));
#10370 = SURFACE_CURVE('',#10371,(#10375,#10382),.PCURVE_S1.);
#10371 = B_SPLINE_CURVE_WITH_KNOTS('',2,(#10372,#10373,#10374),
  .UNSPECIFIED.,.F.,.F.,(3,3),(0.,1.),.PIECEWISE_BEZIER_KNOTS.);
#10372 = CARTESIAN_POINT('',(44.84356826931,-6.194452480315,
    8.11962900625));
#10373 = CARTESIAN_POINT('',(44.867093764425,-5.816766486197,
    8.338134865625));
#10374 = CARTESIAN_POINT('',(44.867093764425,-5.816766486197,
    8.682373146875));
#10375 = PCURVE('',#7495,#10376);
#10376 = DEFINITIONAL_REPRESENTATION('',(#10377),#10381);
#10377 = B_SPLINE_CURVE_WITH_KNOTS('',2,(#10378,#10379,#10380),
  .UNSPECIFIED.,.F.,.F.,(3,3),(0.,1.),.PIECEWISE_BEZIER_KNOTS.);
#10378 = CARTESIAN_POINT('',(0.,0.));
#10379 = CARTESIAN_POINT('',(0.5,-4.850372319982E-17));
#10380 = CARTESIAN_POINT('',(1.,0.));
#10381 = ( GEOMETRIC_REPRESENTATION_CONTEXT(2) 
PARAMETRIC_REPRESENTATION_CONTEXT() REPRESENTATION_CONTEXT('2D SPACE',''
  ) );
#10382 = PCURVE('',#10311,#10383);
#10383 = DEFINITIONAL_REPRESENTATION('',(#10384),#10388);
#10384 = B_SPLINE_CURVE_WITH_KNOTS('',2,(#10385,#10386,#10387),
  .UNSPECIFIED.,.F.,.F.,(3,3),(0.,1.),.PIECEWISE_BEZIER_KNOTS.);
#10385 = CARTESIAN_POINT('',(2.437744140625,1.531982421875));
#10386 = CARTESIAN_POINT('',(2.626953125,1.3134765625));
#10387 = CARTESIAN_POINT('',(2.626953125,0.96923828125));
#10388 = ( GEOMETRIC_REPRESENTATION_CONTEXT(2) 
PARAMETRIC_REPRESENTATION_CONTEXT() REPRESENTATION_CONTEXT('2D SPACE',''
  ) );
#10389 = ORIENTED_EDGE('',*,*,#10390,.T.);
#10390 = EDGE_CURVE('',#10368,#7393,#10391,.T.);
#10391 = SURFACE_CURVE('',#10392,(#10395,#10402),.PCURVE_S1.);
#10392 = B_SPLINE_CURVE_WITH_KNOTS('',1,(#10393,#10394),.UNSPECIFIED.,
  .F.,.F.,(2,2),(0.,0.6),.PIECEWISE_BEZIER_KNOTS.);
#10393 = CARTESIAN_POINT('',(44.84356826931,-6.194452480315,
    8.11962900625));
#10394 = CARTESIAN_POINT('',(44.244728850508,-6.157151669479,
    8.11962900625));
#10395 = PCURVE('',#7495,#10396);
#10396 = DEFINITIONAL_REPRESENTATION('',(#10397),#10401);
#10397 = B_SPLINE_CURVE_WITH_KNOTS('',2,(#10398,#10399,#10400),
  .UNSPECIFIED.,.F.,.F.,(3,3),(0.,0.6),.PIECEWISE_BEZIER_KNOTS.);
#10398 = CARTESIAN_POINT('',(0.,0.));
#10399 = CARTESIAN_POINT('',(-9.552962658388E-16,-0.3));
#10400 = CARTESIAN_POINT('',(0.,-0.6));
#10401 = ( GEOMETRIC_REPRESENTATION_CONTEXT(2) 
PARAMETRIC_REPRESENTATION_CONTEXT() REPRESENTATION_CONTEXT('2D SPACE',''
  ) );
#10402 = PCURVE('',#7438,#10403);
#10403 = DEFINITIONAL_REPRESENTATION('',(#10404),#10408);
#10404 = B_SPLINE_CURVE_WITH_KNOTS('',2,(#10405,#10406,#10407),
  .UNSPECIFIED.,.F.,.F.,(3,3),(0.,0.6),.PIECEWISE_BEZIER_KNOTS.);
#10405 = CARTESIAN_POINT('',(1.,1.418336663055E-14));
#10406 = CARTESIAN_POINT('',(1.,-0.3));
#10407 = CARTESIAN_POINT('',(1.,-0.6));
#10408 = ( GEOMETRIC_REPRESENTATION_CONTEXT(2) 
PARAMETRIC_REPRESENTATION_CONTEXT() REPRESENTATION_CONTEXT('2D SPACE',''
  ) );
#10409 = ORIENTED_EDGE('',*,*,#7467,.F.);
#10410 = ORIENTED_EDGE('',*,*,#10323,.F.);
#10411 = ADVANCED_FACE('',(#10412),#7438,.F.);
#10412 = FACE_BOUND('',#10413,.F.);
#10413 = EDGE_LOOP('',(#10414,#10437,#10456,#10457));
#10414 = ORIENTED_EDGE('',*,*,#10415,.F.);
#10415 = EDGE_CURVE('',#10416,#10368,#10418,.T.);
#10416 = VERTEX_POINT('',#10417);
#10417 = CARTESIAN_POINT('',(44.778759324702,-7.234916477012,
    7.847412209375));
#10418 = SURFACE_CURVE('',#10419,(#10423,#10430),.PCURVE_S1.);
#10419 = B_SPLINE_CURVE_WITH_KNOTS('',2,(#10420,#10421,#10422),
  .UNSPECIFIED.,.F.,.F.,(3,3),(0.,1.),.PIECEWISE_BEZIER_KNOTS.);
#10420 = CARTESIAN_POINT('',(44.778759324702,-7.234916477012,
    7.847412209375));
#10421 = CARTESIAN_POINT('',(44.820042774194,-6.572138474432,
    7.901123146875));
#10422 = CARTESIAN_POINT('',(44.84356826931,-6.194452480315,
    8.11962900625));
#10423 = PCURVE('',#7438,#10424);
#10424 = DEFINITIONAL_REPRESENTATION('',(#10425),#10429);
#10425 = B_SPLINE_CURVE_WITH_KNOTS('',2,(#10426,#10427,#10428),
  .UNSPECIFIED.,.F.,.F.,(3,3),(0.,1.),.PIECEWISE_BEZIER_KNOTS.);
#10426 = CARTESIAN_POINT('',(1.296462245569E-15,1.418336663055E-14));
#10427 = CARTESIAN_POINT('',(0.5,-6.6745254732E-15));
#10428 = CARTESIAN_POINT('',(1.,1.418336663055E-14));
#10429 = ( GEOMETRIC_REPRESENTATION_CONTEXT(2) 
PARAMETRIC_REPRESENTATION_CONTEXT() REPRESENTATION_CONTEXT('2D SPACE',''
  ) );
#10430 = PCURVE('',#10311,#10431);
#10431 = DEFINITIONAL_REPRESENTATION('',(#10432),#10436);
#10432 = B_SPLINE_CURVE_WITH_KNOTS('',2,(#10433,#10434,#10435),
  .UNSPECIFIED.,.F.,.F.,(3,3),(0.,1.),.PIECEWISE_BEZIER_KNOTS.);
#10433 = CARTESIAN_POINT('',(1.91650390625,1.80419921875));
#10434 = CARTESIAN_POINT('',(2.24853515625,1.75048828125));
#10435 = CARTESIAN_POINT('',(2.437744140625,1.531982421875));
#10436 = ( GEOMETRIC_REPRESENTATION_CONTEXT(2) 
PARAMETRIC_REPRESENTATION_CONTEXT() REPRESENTATION_CONTEXT('2D SPACE',''
  ) );
#10437 = ORIENTED_EDGE('',*,*,#10438,.T.);
#10438 = EDGE_CURVE('',#10416,#7341,#10439,.T.);
#10439 = SURFACE_CURVE('',#10440,(#10443,#10450),.PCURVE_S1.);
#10440 = B_SPLINE_CURVE_WITH_KNOTS('',1,(#10441,#10442),.UNSPECIFIED.,
  .F.,.F.,(2,2),(0.,0.6),.PIECEWISE_BEZIER_KNOTS.);
#10441 = CARTESIAN_POINT('',(44.778759324702,-7.234916477012,
    7.847412209375));
#10442 = CARTESIAN_POINT('',(44.1799199059,-7.197615666177,
    7.847412209375));
#10443 = PCURVE('',#7438,#10444);
#10444 = DEFINITIONAL_REPRESENTATION('',(#10445),#10449);
#10445 = B_SPLINE_CURVE_WITH_KNOTS('',2,(#10446,#10447,#10448),
  .UNSPECIFIED.,.F.,.F.,(3,3),(0.,0.6),.PIECEWISE_BEZIER_KNOTS.);
#10446 = CARTESIAN_POINT('',(6.482311227847E-16,7.091683315275E-15));
#10447 = CARTESIAN_POINT('',(6.482311227847E-16,-0.3));
#10448 = CARTESIAN_POINT('',(6.482311227847E-16,-0.6));
#10449 = ( GEOMETRIC_REPRESENTATION_CONTEXT(2) 
PARAMETRIC_REPRESENTATION_CONTEXT() REPRESENTATION_CONTEXT('2D SPACE',''
  ) );
#10450 = PCURVE('',#7372,#10451);
#10451 = DEFINITIONAL_REPRESENTATION('',(#10452),#10455);
#10452 = B_SPLINE_CURVE_WITH_KNOTS('',1,(#10453,#10454),.UNSPECIFIED.,
  .F.,.F.,(2,2),(0.,0.6),.PIECEWISE_BEZIER_KNOTS.);
#10453 = CARTESIAN_POINT('',(9.765625E-03,0.));
#10454 = CARTESIAN_POINT('',(9.765625E-03,-0.6));
#10455 = ( GEOMETRIC_REPRESENTATION_CONTEXT(2) 
PARAMETRIC_REPRESENTATION_CONTEXT() REPRESENTATION_CONTEXT('2D SPACE',''
  ) );
#10456 = ORIENTED_EDGE('',*,*,#7392,.F.);
#10457 = ORIENTED_EDGE('',*,*,#10390,.F.);
#10458 = ADVANCED_FACE('',(#10459),#7372,.F.);
#10459 = FACE_BOUND('',#10460,.F.);
#10460 = EDGE_LOOP('',(#10461,#10481,#10500,#10501));
#10461 = ORIENTED_EDGE('',*,*,#10462,.F.);
#10462 = EDGE_CURVE('',#10463,#10416,#10465,.T.);
#10463 = VERTEX_POINT('',#10464);
#10464 = CARTESIAN_POINT('',(44.778759324702,-7.234916477012,
    7.837646584375));
#10465 = SURFACE_CURVE('',#10466,(#10469,#10475),.PCURVE_S1.);
#10466 = B_SPLINE_CURVE_WITH_KNOTS('',1,(#10467,#10468),.UNSPECIFIED.,
  .F.,.F.,(2,2),(0.,9.765625E-03),.PIECEWISE_BEZIER_KNOTS.);
#10467 = CARTESIAN_POINT('',(44.778759324702,-7.234916477012,
    7.837646584375));
#10468 = CARTESIAN_POINT('',(44.778759324702,-7.234916477012,
    7.847412209375));
#10469 = PCURVE('',#7372,#10470);
#10470 = DEFINITIONAL_REPRESENTATION('',(#10471),#10474);
#10471 = B_SPLINE_CURVE_WITH_KNOTS('',1,(#10472,#10473),.UNSPECIFIED.,
  .F.,.F.,(2,2),(0.,9.765625E-03),.PIECEWISE_BEZIER_KNOTS.);
#10472 = CARTESIAN_POINT('',(0.,1.42108547152E-14));
#10473 = CARTESIAN_POINT('',(9.765625E-03,1.42108547152E-14));
#10474 = ( GEOMETRIC_REPRESENTATION_CONTEXT(2) 
PARAMETRIC_REPRESENTATION_CONTEXT() REPRESENTATION_CONTEXT('2D SPACE',''
  ) );
#10475 = PCURVE('',#10311,#10476);
#10476 = DEFINITIONAL_REPRESENTATION('',(#10477),#10480);
#10477 = B_SPLINE_CURVE_WITH_KNOTS('',1,(#10478,#10479),.UNSPECIFIED.,
  .F.,.F.,(2,2),(0.,9.765625E-03),.PIECEWISE_BEZIER_KNOTS.);
#10478 = CARTESIAN_POINT('',(1.91650390625,1.81396484375));
#10479 = CARTESIAN_POINT('',(1.91650390625,1.80419921875));
#10480 = ( GEOMETRIC_REPRESENTATION_CONTEXT(2) 
PARAMETRIC_REPRESENTATION_CONTEXT() REPRESENTATION_CONTEXT('2D SPACE',''
  ) );
#10481 = ORIENTED_EDGE('',*,*,#10482,.T.);
#10482 = EDGE_CURVE('',#10463,#7278,#10483,.T.);
#10483 = SURFACE_CURVE('',#10484,(#10487,#10493),.PCURVE_S1.);
#10484 = B_SPLINE_CURVE_WITH_KNOTS('',1,(#10485,#10486),.UNSPECIFIED.,
  .F.,.F.,(2,2),(0.,0.6),.PIECEWISE_BEZIER_KNOTS.);
#10485 = CARTESIAN_POINT('',(44.778759324702,-7.234916477012,
    7.837646584375));
#10486 = CARTESIAN_POINT('',(44.1799199059,-7.197615666177,
    7.837646584375));
#10487 = PCURVE('',#7372,#10488);
#10488 = DEFINITIONAL_REPRESENTATION('',(#10489),#10492);
#10489 = B_SPLINE_CURVE_WITH_KNOTS('',1,(#10490,#10491),.UNSPECIFIED.,
  .F.,.F.,(2,2),(0.,0.6),.PIECEWISE_BEZIER_KNOTS.);
#10490 = CARTESIAN_POINT('',(0.,0.));
#10491 = CARTESIAN_POINT('',(0.,-0.6));
#10492 = ( GEOMETRIC_REPRESENTATION_CONTEXT(2) 
PARAMETRIC_REPRESENTATION_CONTEXT() REPRESENTATION_CONTEXT('2D SPACE',''
  ) );
#10493 = PCURVE('',#7315,#10494);
#10494 = DEFINITIONAL_REPRESENTATION('',(#10495),#10499);
#10495 = B_SPLINE_CURVE_WITH_KNOTS('',2,(#10496,#10497,#10498),
  .UNSPECIFIED.,.F.,.F.,(3,3),(0.,0.6),.PIECEWISE_BEZIER_KNOTS.);
#10496 = CARTESIAN_POINT('',(1.,0.));
#10497 = CARTESIAN_POINT('',(1.,-0.3));
#10498 = CARTESIAN_POINT('',(1.,-0.6));
#10499 = ( GEOMETRIC_REPRESENTATION_CONTEXT(2) 
PARAMETRIC_REPRESENTATION_CONTEXT() REPRESENTATION_CONTEXT('2D SPACE',''
  ) );
#10500 = ORIENTED_EDGE('',*,*,#7340,.F.);
#10501 = ORIENTED_EDGE('',*,*,#10438,.F.);
#10502 = ADVANCED_FACE('',(#10503),#7315,.F.);
#10503 = FACE_BOUND('',#10504,.F.);
#10504 = EDGE_LOOP('',(#10505,#10528,#10548,#10549));
#10505 = ORIENTED_EDGE('',*,*,#10506,.F.);
#10506 = EDGE_CURVE('',#10507,#10463,#10509,.T.);
#10507 = VERTEX_POINT('',#10508);
#10508 = CARTESIAN_POINT('',(44.835372290366,-6.326033407298,
    7.569091896875));
#10509 = SURFACE_CURVE('',#10510,(#10514,#10521),.PCURVE_S1.);
#10510 = B_SPLINE_CURVE_WITH_KNOTS('',2,(#10511,#10512,#10513),
  .UNSPECIFIED.,.F.,.F.,(3,3),(0.,1.),.PIECEWISE_BEZIER_KNOTS.);
#10511 = CARTESIAN_POINT('',(44.835372290366,-6.326033407298,
    7.569091896875));
#10512 = CARTESIAN_POINT('',(44.814275233457,-6.664732460087,
    7.781494240625));
#10513 = CARTESIAN_POINT('',(44.778759324702,-7.234916477012,
    7.837646584375));
#10514 = PCURVE('',#7315,#10515);
#10515 = DEFINITIONAL_REPRESENTATION('',(#10516),#10520);
#10516 = B_SPLINE_CURVE_WITH_KNOTS('',2,(#10517,#10518,#10519),
  .UNSPECIFIED.,.F.,.F.,(3,3),(0.,1.),.PIECEWISE_BEZIER_KNOTS.);
#10517 = CARTESIAN_POINT('',(-5.070800987586E-16,7.091683315275E-15));
#10518 = CARTESIAN_POINT('',(0.5,-2.512575707355E-15));
#10519 = CARTESIAN_POINT('',(1.,7.091683315275E-15));
#10520 = ( GEOMETRIC_REPRESENTATION_CONTEXT(2) 
PARAMETRIC_REPRESENTATION_CONTEXT() REPRESENTATION_CONTEXT('2D SPACE',''
  ) );
#10521 = PCURVE('',#10311,#10522);
#10522 = DEFINITIONAL_REPRESENTATION('',(#10523),#10527);
#10523 = B_SPLINE_CURVE_WITH_KNOTS('',2,(#10524,#10525,#10526),
  .UNSPECIFIED.,.F.,.F.,(3,3),(0.,1.),.PIECEWISE_BEZIER_KNOTS.);
#10524 = CARTESIAN_POINT('',(2.371826171875,2.08251953125));
#10525 = CARTESIAN_POINT('',(2.2021484375,1.8701171875));
#10526 = CARTESIAN_POINT('',(1.91650390625,1.81396484375));
#10527 = ( GEOMETRIC_REPRESENTATION_CONTEXT(2) 
PARAMETRIC_REPRESENTATION_CONTEXT() REPRESENTATION_CONTEXT('2D SPACE',''
  ) );
#10528 = ORIENTED_EDGE('',*,*,#10529,.T.);
#10529 = EDGE_CURVE('',#10507,#7221,#10530,.T.);
#10530 = SURFACE_CURVE('',#10531,(#10534,#10541),.PCURVE_S1.);
#10531 = B_SPLINE_CURVE_WITH_KNOTS('',1,(#10532,#10533),.UNSPECIFIED.,
  .F.,.F.,(2,2),(0.,0.6),.PIECEWISE_BEZIER_KNOTS.);
#10532 = CARTESIAN_POINT('',(44.835372290366,-6.326033407298,
    7.569091896875));
#10533 = CARTESIAN_POINT('',(44.236532871564,-6.288732596462,
    7.569091896875));
#10534 = PCURVE('',#7315,#10535);
#10535 = DEFINITIONAL_REPRESENTATION('',(#10536),#10540);
#10536 = B_SPLINE_CURVE_WITH_KNOTS('',2,(#10537,#10538,#10539),
  .UNSPECIFIED.,.F.,.F.,(3,3),(0.,0.6),.PIECEWISE_BEZIER_KNOTS.);
#10537 = CARTESIAN_POINT('',(-1.017603722365E-15,-5.521629203551E-17));
#10538 = CARTESIAN_POINT('',(-6.185434390848E-17,-0.3));
#10539 = CARTESIAN_POINT('',(0.,-0.6));
#10540 = ( GEOMETRIC_REPRESENTATION_CONTEXT(2) 
PARAMETRIC_REPRESENTATION_CONTEXT() REPRESENTATION_CONTEXT('2D SPACE',''
  ) );
#10541 = PCURVE('',#7254,#10542);
#10542 = DEFINITIONAL_REPRESENTATION('',(#10543),#10547);
#10543 = B_SPLINE_CURVE_WITH_KNOTS('',2,(#10544,#10545,#10546),
  .UNSPECIFIED.,.F.,.F.,(3,3),(0.,0.6),.PIECEWISE_BEZIER_KNOTS.);
#10544 = CARTESIAN_POINT('',(1.,0.));
#10545 = CARTESIAN_POINT('',(1.,-0.3));
#10546 = CARTESIAN_POINT('',(1.,-0.6));
#10547 = ( GEOMETRIC_REPRESENTATION_CONTEXT(2) 
PARAMETRIC_REPRESENTATION_CONTEXT() REPRESENTATION_CONTEXT('2D SPACE',''
  ) );
#10548 = ORIENTED_EDGE('',*,*,#7277,.F.);
#10549 = ORIENTED_EDGE('',*,*,#10482,.F.);
#10550 = ADVANCED_FACE('',(#10551),#7254,.F.);
#10551 = FACE_BOUND('',#10552,.F.);
#10552 = EDGE_LOOP('',(#10553,#10576,#10596,#10597));
#10553 = ORIENTED_EDGE('',*,*,#10554,.F.);
#10554 = EDGE_CURVE('',#10555,#10507,#10557,.T.);
#10555 = VERTEX_POINT('',#10556);
#10556 = CARTESIAN_POINT('',(44.856469347276,-5.987334354508,
    7.075927834375));
#10557 = SURFACE_CURVE('',#10558,(#10562,#10569),.PCURVE_S1.);
#10558 = B_SPLINE_CURVE_WITH_KNOTS('',2,(#10559,#10560,#10561),
  .UNSPECIFIED.,.F.,.F.,(3,3),(0.,1.),.PIECEWISE_BEZIER_KNOTS.);
#10559 = CARTESIAN_POINT('',(44.856469347276,-5.987334354508,
    7.075927834375));
#10560 = CARTESIAN_POINT('',(44.856469347276,-5.987334354508,
    7.356689553125));
#10561 = CARTESIAN_POINT('',(44.835372290366,-6.326033407298,
    7.569091896875));
#10562 = PCURVE('',#7254,#10563);
#10563 = DEFINITIONAL_REPRESENTATION('',(#10564),#10568);
#10564 = B_SPLINE_CURVE_WITH_KNOTS('',2,(#10565,#10566,#10567),
  .UNSPECIFIED.,.F.,.F.,(3,3),(0.,1.),.PIECEWISE_BEZIER_KNOTS.);
#10565 = CARTESIAN_POINT('',(0.,0.));
#10566 = CARTESIAN_POINT('',(0.5,1.354372460604E-14));
#10567 = CARTESIAN_POINT('',(1.,0.));
#10568 = ( GEOMETRIC_REPRESENTATION_CONTEXT(2) 
PARAMETRIC_REPRESENTATION_CONTEXT() REPRESENTATION_CONTEXT('2D SPACE',''
  ) );
#10569 = PCURVE('',#10311,#10570);
#10570 = DEFINITIONAL_REPRESENTATION('',(#10571),#10575);
#10571 = B_SPLINE_CURVE_WITH_KNOTS('',2,(#10572,#10573,#10574),
  .UNSPECIFIED.,.F.,.F.,(3,3),(0.,1.),.PIECEWISE_BEZIER_KNOTS.);
#10572 = CARTESIAN_POINT('',(2.54150390625,2.57568359375));
#10573 = CARTESIAN_POINT('',(2.54150390625,2.294921875));
#10574 = CARTESIAN_POINT('',(2.371826171875,2.08251953125));
#10575 = ( GEOMETRIC_REPRESENTATION_CONTEXT(2) 
PARAMETRIC_REPRESENTATION_CONTEXT() REPRESENTATION_CONTEXT('2D SPACE',''
  ) );
#10576 = ORIENTED_EDGE('',*,*,#10577,.T.);
#10577 = EDGE_CURVE('',#10555,#7146,#10578,.T.);
#10578 = SURFACE_CURVE('',#10579,(#10582,#10589),.PCURVE_S1.);
#10579 = B_SPLINE_CURVE_WITH_KNOTS('',1,(#10580,#10581),.UNSPECIFIED.,
  .F.,.F.,(2,2),(0.,0.6),.PIECEWISE_BEZIER_KNOTS.);
#10580 = CARTESIAN_POINT('',(44.856469347276,-5.987334354508,
    7.075927834375));
#10581 = CARTESIAN_POINT('',(44.257629928474,-5.950033543673,
    7.075927834375));
#10582 = PCURVE('',#7254,#10583);
#10583 = DEFINITIONAL_REPRESENTATION('',(#10584),#10588);
#10584 = B_SPLINE_CURVE_WITH_KNOTS('',2,(#10585,#10586,#10587),
  .UNSPECIFIED.,.F.,.F.,(3,3),(0.,0.6),.PIECEWISE_BEZIER_KNOTS.);
#10585 = CARTESIAN_POINT('',(0.,0.));
#10586 = CARTESIAN_POINT('',(-3.070416896011E-15,-0.3));
#10587 = CARTESIAN_POINT('',(3.163459832254E-15,-0.6));
#10588 = ( GEOMETRIC_REPRESENTATION_CONTEXT(2) 
PARAMETRIC_REPRESENTATION_CONTEXT() REPRESENTATION_CONTEXT('2D SPACE',''
  ) );
#10589 = PCURVE('',#7191,#10590);
#10590 = DEFINITIONAL_REPRESENTATION('',(#10591),#10595);
#10591 = B_SPLINE_CURVE_WITH_KNOTS('',2,(#10592,#10593,#10594),
  .UNSPECIFIED.,.F.,.F.,(3,3),(0.,0.6),.PIECEWISE_BEZIER_KNOTS.);
#10592 = CARTESIAN_POINT('',(1.,0.));
#10593 = CARTESIAN_POINT('',(1.,-0.3));
#10594 = CARTESIAN_POINT('',(1.,-0.6));
#10595 = ( GEOMETRIC_REPRESENTATION_CONTEXT(2) 
PARAMETRIC_REPRESENTATION_CONTEXT() REPRESENTATION_CONTEXT('2D SPACE',''
  ) );
#10596 = ORIENTED_EDGE('',*,*,#7220,.F.);
#10597 = ORIENTED_EDGE('',*,*,#10529,.F.);
#10598 = ADVANCED_FACE('',(#10599),#7191,.F.);
#10599 = FACE_BOUND('',#10600,.F.);
#10600 = EDGE_LOOP('',(#10601,#10624,#10644,#10645));
#10601 = ORIENTED_EDGE('',*,*,#10602,.F.);
#10602 = EDGE_CURVE('',#10603,#10555,#10605,.T.);
#10603 = VERTEX_POINT('',#10604);
#10604 = CARTESIAN_POINT('',(44.819283887255,-6.584321893597,6.3984376)
  );
#10605 = SURFACE_CURVE('',#10606,(#10610,#10617),.PCURVE_S1.);
#10606 = B_SPLINE_CURVE_WITH_KNOTS('',2,(#10607,#10608,#10609),
  .UNSPECIFIED.,.F.,.F.,(3,3),(0.,1.),.PIECEWISE_BEZIER_KNOTS.);
#10607 = CARTESIAN_POINT('',(44.819283887255,-6.584321893597,6.3984376)
  );
#10608 = CARTESIAN_POINT('',(44.856469347276,-5.987334354508,
    6.636474709375));
#10609 = CARTESIAN_POINT('',(44.856469347276,-5.987334354508,
    7.075927834375));
#10610 = PCURVE('',#7191,#10611);
#10611 = DEFINITIONAL_REPRESENTATION('',(#10612),#10616);
#10612 = B_SPLINE_CURVE_WITH_KNOTS('',2,(#10613,#10614,#10615),
  .UNSPECIFIED.,.F.,.F.,(3,3),(0.,1.),.PIECEWISE_BEZIER_KNOTS.);
#10613 = CARTESIAN_POINT('',(0.,0.));
#10614 = CARTESIAN_POINT('',(0.5,0.));
#10615 = CARTESIAN_POINT('',(1.,0.));
#10616 = ( GEOMETRIC_REPRESENTATION_CONTEXT(2) 
PARAMETRIC_REPRESENTATION_CONTEXT() REPRESENTATION_CONTEXT('2D SPACE',''
  ) );
#10617 = PCURVE('',#10311,#10618);
#10618 = DEFINITIONAL_REPRESENTATION('',(#10619),#10623);
#10619 = B_SPLINE_CURVE_WITH_KNOTS('',2,(#10620,#10621,#10622),
  .UNSPECIFIED.,.F.,.F.,(3,3),(0.,1.),.PIECEWISE_BEZIER_KNOTS.);
#10620 = CARTESIAN_POINT('',(2.242431640625,3.253173828125));
#10621 = CARTESIAN_POINT('',(2.54150390625,3.01513671875));
#10622 = CARTESIAN_POINT('',(2.54150390625,2.57568359375));
#10623 = ( GEOMETRIC_REPRESENTATION_CONTEXT(2) 
PARAMETRIC_REPRESENTATION_CONTEXT() REPRESENTATION_CONTEXT('2D SPACE',''
  ) );
#10624 = ORIENTED_EDGE('',*,*,#10625,.T.);
#10625 = EDGE_CURVE('',#10603,#7071,#10626,.T.);
#10626 = SURFACE_CURVE('',#10627,(#10630,#10637),.PCURVE_S1.);
#10627 = B_SPLINE_CURVE_WITH_KNOTS('',1,(#10628,#10629),.UNSPECIFIED.,
  .F.,.F.,(2,2),(0.,0.6),.PIECEWISE_BEZIER_KNOTS.);
#10628 = CARTESIAN_POINT('',(44.819283887255,-6.584321893597,6.3984376)
  );
#10629 = CARTESIAN_POINT('',(44.220444468453,-6.547021082762,6.3984376)
  );
#10630 = PCURVE('',#7191,#10631);
#10631 = DEFINITIONAL_REPRESENTATION('',(#10632),#10636);
#10632 = B_SPLINE_CURVE_WITH_KNOTS('',2,(#10633,#10634,#10635),
  .UNSPECIFIED.,.F.,.F.,(3,3),(0.,0.6),.PIECEWISE_BEZIER_KNOTS.);
#10633 = CARTESIAN_POINT('',(0.,0.));
#10634 = CARTESIAN_POINT('',(-4.662847675509E-16,-0.3));
#10635 = CARTESIAN_POINT('',(0.,-0.6));
#10636 = ( GEOMETRIC_REPRESENTATION_CONTEXT(2) 
PARAMETRIC_REPRESENTATION_CONTEXT() REPRESENTATION_CONTEXT('2D SPACE',''
  ) );
#10637 = PCURVE('',#7116,#10638);
#10638 = DEFINITIONAL_REPRESENTATION('',(#10639),#10643);
#10639 = B_SPLINE_CURVE_WITH_KNOTS('',2,(#10640,#10641,#10642),
  .UNSPECIFIED.,.F.,.F.,(3,3),(0.,0.6),.PIECEWISE_BEZIER_KNOTS.);
#10640 = CARTESIAN_POINT('',(1.,-7.091683315275E-15));
#10641 = CARTESIAN_POINT('',(1.,-0.3));
#10642 = CARTESIAN_POINT('',(1.,-0.6));
#10643 = ( GEOMETRIC_REPRESENTATION_CONTEXT(2) 
PARAMETRIC_REPRESENTATION_CONTEXT() REPRESENTATION_CONTEXT('2D SPACE',''
  ) );
#10644 = ORIENTED_EDGE('',*,*,#7145,.F.);
#10645 = ORIENTED_EDGE('',*,*,#10577,.F.);
#10646 = ADVANCED_FACE('',(#10647),#7116,.F.);
#10647 = FACE_BOUND('',#10648,.F.);
#10648 = EDGE_LOOP('',(#10649,#10672,#10692,#10693));
#10649 = ORIENTED_EDGE('',*,*,#10650,.F.);
#10650 = EDGE_CURVE('',#10651,#10603,#10653,.T.);
#10651 = VERTEX_POINT('',#10652);
#10652 = CARTESIAN_POINT('',(44.712584383604,-8.297310628207,
    6.160400490625));
#10653 = SURFACE_CURVE('',#10654,(#10658,#10665),.PCURVE_S1.);
#10654 = B_SPLINE_CURVE_WITH_KNOTS('',2,(#10655,#10656,#10657),
  .UNSPECIFIED.,.F.,.F.,(3,3),(0.,1.),.PIECEWISE_BEZIER_KNOTS.);
#10655 = CARTESIAN_POINT('',(44.712584383604,-8.297310628207,
    6.160400490625));
#10656 = CARTESIAN_POINT('',(44.782098427235,-7.181309432686,
    6.160400490625));
#10657 = CARTESIAN_POINT('',(44.819283887255,-6.584321893597,6.3984376)
  );
#10658 = PCURVE('',#7116,#10659);
#10659 = DEFINITIONAL_REPRESENTATION('',(#10660),#10664);
#10660 = B_SPLINE_CURVE_WITH_KNOTS('',2,(#10661,#10662,#10663),
  .UNSPECIFIED.,.F.,.F.,(3,3),(0.,1.),.PIECEWISE_BEZIER_KNOTS.);
#10661 = CARTESIAN_POINT('',(0.,0.));
#10662 = CARTESIAN_POINT('',(0.5,9.119703529487E-15));
#10663 = CARTESIAN_POINT('',(1.,-7.091683315275E-15));
#10664 = ( GEOMETRIC_REPRESENTATION_CONTEXT(2) 
PARAMETRIC_REPRESENTATION_CONTEXT() REPRESENTATION_CONTEXT('2D SPACE',''
  ) );
#10665 = PCURVE('',#10311,#10666);
#10666 = DEFINITIONAL_REPRESENTATION('',(#10667),#10671);
#10667 = B_SPLINE_CURVE_WITH_KNOTS('',2,(#10668,#10669,#10670),
  .UNSPECIFIED.,.F.,.F.,(3,3),(0.,1.),.PIECEWISE_BEZIER_KNOTS.);
#10668 = CARTESIAN_POINT('',(1.38427734375,3.4912109375));
#10669 = CARTESIAN_POINT('',(1.943359375,3.4912109375));
#10670 = CARTESIAN_POINT('',(2.242431640625,3.253173828125));
#10671 = ( GEOMETRIC_REPRESENTATION_CONTEXT(2) 
PARAMETRIC_REPRESENTATION_CONTEXT() REPRESENTATION_CONTEXT('2D SPACE',''
  ) );
#10672 = ORIENTED_EDGE('',*,*,#10673,.T.);
#10673 = EDGE_CURVE('',#10651,#6996,#10674,.T.);
#10674 = SURFACE_CURVE('',#10675,(#10678,#10685),.PCURVE_S1.);
#10675 = B_SPLINE_CURVE_WITH_KNOTS('',1,(#10676,#10677),.UNSPECIFIED.,
  .F.,.F.,(2,2),(0.,0.6),.PIECEWISE_BEZIER_KNOTS.);
#10676 = CARTESIAN_POINT('',(44.712584383604,-8.297310628207,
    6.160400490625));
#10677 = CARTESIAN_POINT('',(44.113744964802,-8.260009817372,
    6.160400490625));
#10678 = PCURVE('',#7116,#10679);
#10679 = DEFINITIONAL_REPRESENTATION('',(#10680),#10684);
#10680 = B_SPLINE_CURVE_WITH_KNOTS('',2,(#10681,#10682,#10683),
  .UNSPECIFIED.,.F.,.F.,(3,3),(0.,0.6),.PIECEWISE_BEZIER_KNOTS.);
#10681 = CARTESIAN_POINT('',(0.,0.));
#10682 = CARTESIAN_POINT('',(0.,-0.3));
#10683 = CARTESIAN_POINT('',(0.,-0.6));
#10684 = ( GEOMETRIC_REPRESENTATION_CONTEXT(2) 
PARAMETRIC_REPRESENTATION_CONTEXT() REPRESENTATION_CONTEXT('2D SPACE',''
  ) );
#10685 = PCURVE('',#7041,#10686);
#10686 = DEFINITIONAL_REPRESENTATION('',(#10687),#10691);
#10687 = B_SPLINE_CURVE_WITH_KNOTS('',2,(#10688,#10689,#10690),
  .UNSPECIFIED.,.F.,.F.,(3,3),(0.,0.6),.PIECEWISE_BEZIER_KNOTS.);
#10688 = CARTESIAN_POINT('',(1.,0.));
#10689 = CARTESIAN_POINT('',(1.,-0.3));
#10690 = CARTESIAN_POINT('',(1.,-0.6));
#10691 = ( GEOMETRIC_REPRESENTATION_CONTEXT(2) 
PARAMETRIC_REPRESENTATION_CONTEXT() REPRESENTATION_CONTEXT('2D SPACE',''
  ) );
#10692 = ORIENTED_EDGE('',*,*,#7070,.F.);
#10693 = ORIENTED_EDGE('',*,*,#10625,.F.);
#10694 = ADVANCED_FACE('',(#10695),#7041,.F.);
#10695 = FACE_BOUND('',#10696,.F.);
#10696 = EDGE_LOOP('',(#10697,#10720,#10740,#10741));
#10697 = ORIENTED_EDGE('',*,*,#10698,.F.);
#10698 = EDGE_CURVE('',#10699,#10651,#10701,.T.);
#10699 = VERTEX_POINT('',#10700);
#10700 = CARTESIAN_POINT('',(44.607402653832,-9.985932524487,
    6.404541115625));
#10701 = SURFACE_CURVE('',#10702,(#10706,#10713),.PCURVE_S1.);
#10702 = B_SPLINE_CURVE_WITH_KNOTS('',2,(#10703,#10704,#10705),
  .UNSPECIFIED.,.F.,.F.,(3,3),(0.,1.),.PIECEWISE_BEZIER_KNOTS.);
#10703 = CARTESIAN_POINT('',(44.607402653832,-9.985932524487,
    6.404541115625));
#10704 = CARTESIAN_POINT('',(44.644588113852,-9.388944985398,
    6.160400490625));
#10705 = CARTESIAN_POINT('',(44.712584383604,-8.297310628207,
    6.160400490625));
#10706 = PCURVE('',#7041,#10707);
#10707 = DEFINITIONAL_REPRESENTATION('',(#10708),#10712);
#10708 = B_SPLINE_CURVE_WITH_KNOTS('',2,(#10709,#10710,#10711),
  .UNSPECIFIED.,.F.,.F.,(3,3),(0.,1.),.PIECEWISE_BEZIER_KNOTS.);
#10709 = CARTESIAN_POINT('',(0.,0.));
#10710 = CARTESIAN_POINT('',(0.5,4.945840430182E-15));
#10711 = CARTESIAN_POINT('',(1.,0.));
#10712 = ( GEOMETRIC_REPRESENTATION_CONTEXT(2) 
PARAMETRIC_REPRESENTATION_CONTEXT() REPRESENTATION_CONTEXT('2D SPACE',''
  ) );
#10713 = PCURVE('',#10311,#10714);
#10714 = DEFINITIONAL_REPRESENTATION('',(#10715),#10719);
#10715 = B_SPLINE_CURVE_WITH_KNOTS('',2,(#10716,#10717,#10718),
  .UNSPECIFIED.,.F.,.F.,(3,3),(0.,1.),.PIECEWISE_BEZIER_KNOTS.);
#10716 = CARTESIAN_POINT('',(0.538330078125,3.2470703125));
#10717 = CARTESIAN_POINT('',(0.83740234375,3.4912109375));
#10718 = CARTESIAN_POINT('',(1.38427734375,3.4912109375));
#10719 = ( GEOMETRIC_REPRESENTATION_CONTEXT(2) 
PARAMETRIC_REPRESENTATION_CONTEXT() REPRESENTATION_CONTEXT('2D SPACE',''
  ) );
#10720 = ORIENTED_EDGE('',*,*,#10721,.T.);
#10721 = EDGE_CURVE('',#10699,#6921,#10722,.T.);
#10722 = SURFACE_CURVE('',#10723,(#10726,#10733),.PCURVE_S1.);
#10723 = B_SPLINE_CURVE_WITH_KNOTS('',1,(#10724,#10725),.UNSPECIFIED.,
  .F.,.F.,(2,2),(0.,0.6),.PIECEWISE_BEZIER_KNOTS.);
#10724 = CARTESIAN_POINT('',(44.607402653832,-9.985932524487,
    6.404541115625));
#10725 = CARTESIAN_POINT('',(44.00856323503,-9.948631713652,
    6.404541115625));
#10726 = PCURVE('',#7041,#10727);
#10727 = DEFINITIONAL_REPRESENTATION('',(#10728),#10732);
#10728 = B_SPLINE_CURVE_WITH_KNOTS('',2,(#10729,#10730,#10731),
  .UNSPECIFIED.,.F.,.F.,(3,3),(0.,0.6),.PIECEWISE_BEZIER_KNOTS.);
#10729 = CARTESIAN_POINT('',(0.,0.));
#10730 = CARTESIAN_POINT('',(4.032018375004E-16,-0.3));
#10731 = CARTESIAN_POINT('',(-8.863488669189E-16,-0.6));
#10732 = ( GEOMETRIC_REPRESENTATION_CONTEXT(2) 
PARAMETRIC_REPRESENTATION_CONTEXT() REPRESENTATION_CONTEXT('2D SPACE',''
  ) );
#10733 = PCURVE('',#6966,#10734);
#10734 = DEFINITIONAL_REPRESENTATION('',(#10735),#10739);
#10735 = B_SPLINE_CURVE_WITH_KNOTS('',2,(#10736,#10737,#10738),
  .UNSPECIFIED.,.F.,.F.,(3,3),(0.,0.6),.PIECEWISE_BEZIER_KNOTS.);
#10736 = CARTESIAN_POINT('',(1.,0.));
#10737 = CARTESIAN_POINT('',(1.,-0.3));
#10738 = CARTESIAN_POINT('',(1.,-0.6));
#10739 = ( GEOMETRIC_REPRESENTATION_CONTEXT(2) 
PARAMETRIC_REPRESENTATION_CONTEXT() REPRESENTATION_CONTEXT('2D SPACE',''
  ) );
#10740 = ORIENTED_EDGE('',*,*,#6995,.F.);
#10741 = ORIENTED_EDGE('',*,*,#10673,.F.);
#10742 = ADVANCED_FACE('',(#10743),#6966,.F.);
#10743 = FACE_BOUND('',#10744,.F.);
#10744 = EDGE_LOOP('',(#10745,#10768,#10788,#10789));
#10745 = ORIENTED_EDGE('',*,*,#10746,.F.);
#10746 = EDGE_CURVE('',#10747,#10699,#10749,.T.);
#10747 = VERTEX_POINT('',#10748);
#10748 = CARTESIAN_POINT('',(44.570217193811,-10.58292006357,
    7.071045021875));
#10749 = SURFACE_CURVE('',#10750,(#10754,#10761),.PCURVE_S1.);
#10750 = B_SPLINE_CURVE_WITH_KNOTS('',2,(#10751,#10752,#10753),
  .UNSPECIFIED.,.F.,.F.,(3,3),(0.,1.),.PIECEWISE_BEZIER_KNOTS.);
#10751 = CARTESIAN_POINT('',(44.570217193811,-10.58292006357,
    7.071045021875));
#10752 = CARTESIAN_POINT('',(44.570217193811,-10.58292006357,
    6.648681740625));
#10753 = CARTESIAN_POINT('',(44.607402653832,-9.985932524487,
    6.404541115625));
#10754 = PCURVE('',#6966,#10755);
#10755 = DEFINITIONAL_REPRESENTATION('',(#10756),#10760);
#10756 = B_SPLINE_CURVE_WITH_KNOTS('',2,(#10757,#10758,#10759),
  .UNSPECIFIED.,.F.,.F.,(3,3),(0.,1.),.PIECEWISE_BEZIER_KNOTS.);
#10757 = CARTESIAN_POINT('',(0.,0.));
#10758 = CARTESIAN_POINT('',(0.5,0.));
#10759 = CARTESIAN_POINT('',(1.,0.));
#10760 = ( GEOMETRIC_REPRESENTATION_CONTEXT(2) 
PARAMETRIC_REPRESENTATION_CONTEXT() REPRESENTATION_CONTEXT('2D SPACE',''
  ) );
#10761 = PCURVE('',#10311,#10762);
#10762 = DEFINITIONAL_REPRESENTATION('',(#10763),#10767);
#10763 = B_SPLINE_CURVE_WITH_KNOTS('',2,(#10764,#10765,#10766),
  .UNSPECIFIED.,.F.,.F.,(3,3),(0.,1.),.PIECEWISE_BEZIER_KNOTS.);
#10764 = CARTESIAN_POINT('',(0.2392578125,2.58056640625));
#10765 = CARTESIAN_POINT('',(0.2392578125,3.0029296875));
#10766 = CARTESIAN_POINT('',(0.538330078125,3.2470703125));
#10767 = ( GEOMETRIC_REPRESENTATION_CONTEXT(2) 
PARAMETRIC_REPRESENTATION_CONTEXT() REPRESENTATION_CONTEXT('2D SPACE',''
  ) );
#10768 = ORIENTED_EDGE('',*,*,#10769,.T.);
#10769 = EDGE_CURVE('',#10747,#6864,#10770,.T.);
#10770 = SURFACE_CURVE('',#10771,(#10774,#10781),.PCURVE_S1.);
#10771 = B_SPLINE_CURVE_WITH_KNOTS('',1,(#10772,#10773),.UNSPECIFIED.,
  .F.,.F.,(2,2),(0.,0.6),.PIECEWISE_BEZIER_KNOTS.);
#10772 = CARTESIAN_POINT('',(44.570217193811,-10.58292006357,
    7.071045021875));
#10773 = CARTESIAN_POINT('',(43.971377775009,-10.54561925274,
    7.071045021875));
#10774 = PCURVE('',#6966,#10775);
#10775 = DEFINITIONAL_REPRESENTATION('',(#10776),#10780);
#10776 = B_SPLINE_CURVE_WITH_KNOTS('',2,(#10777,#10778,#10779),
  .UNSPECIFIED.,.F.,.F.,(3,3),(0.,0.6),.PIECEWISE_BEZIER_KNOTS.);
#10777 = CARTESIAN_POINT('',(0.,0.));
#10778 = CARTESIAN_POINT('',(0.,-0.3));
#10779 = CARTESIAN_POINT('',(0.,-0.6));
#10780 = ( GEOMETRIC_REPRESENTATION_CONTEXT(2) 
PARAMETRIC_REPRESENTATION_CONTEXT() REPRESENTATION_CONTEXT('2D SPACE',''
  ) );
#10781 = PCURVE('',#6897,#10782);
#10782 = DEFINITIONAL_REPRESENTATION('',(#10783),#10787);
#10783 = B_SPLINE_CURVE_WITH_KNOTS('',2,(#10784,#10785,#10786),
  .UNSPECIFIED.,.F.,.F.,(3,3),(0.,0.6),.PIECEWISE_BEZIER_KNOTS.);
#10784 = CARTESIAN_POINT('',(1.,0.));
#10785 = CARTESIAN_POINT('',(1.,-0.3));
#10786 = CARTESIAN_POINT('',(1.,-0.6));
#10787 = ( GEOMETRIC_REPRESENTATION_CONTEXT(2) 
PARAMETRIC_REPRESENTATION_CONTEXT() REPRESENTATION_CONTEXT('2D SPACE',''
  ) );
#10788 = ORIENTED_EDGE('',*,*,#6920,.F.);
#10789 = ORIENTED_EDGE('',*,*,#10721,.F.);
#10790 = ADVANCED_FACE('',(#10791),#6897,.F.);
#10791 = FACE_BOUND('',#10792,.F.);
#10792 = EDGE_LOOP('',(#10793,#10816,#10836,#10837));
#10793 = ORIENTED_EDGE('',*,*,#10794,.F.);
#10794 = EDGE_CURVE('',#10795,#10747,#10797,.T.);
#10795 = VERTEX_POINT('',#10796);
#10796 = CARTESIAN_POINT('',(44.591466028108,-10.24178432695,
    7.566650490625));
#10797 = SURFACE_CURVE('',#10798,(#10802,#10809),.PCURVE_S1.);
#10798 = B_SPLINE_CURVE_WITH_KNOTS('',2,(#10799,#10800,#10801),
  .UNSPECIFIED.,.F.,.F.,(3,3),(0.,1.),.PIECEWISE_BEZIER_KNOTS.);
#10799 = CARTESIAN_POINT('',(44.591466028108,-10.24178432695,
    7.566650490625));
#10800 = CARTESIAN_POINT('',(44.570217193811,-10.58292006357,
    7.351806740625));
#10801 = CARTESIAN_POINT('',(44.570217193811,-10.58292006357,
    7.071045021875));
#10802 = PCURVE('',#6897,#10803);
#10803 = DEFINITIONAL_REPRESENTATION('',(#10804),#10808);
#10804 = B_SPLINE_CURVE_WITH_KNOTS('',2,(#10805,#10806,#10807),
  .UNSPECIFIED.,.F.,.F.,(3,3),(0.,1.),.PIECEWISE_BEZIER_KNOTS.);
#10805 = CARTESIAN_POINT('',(-5.008419883715E-16,7.091683315275E-15));
#10806 = CARTESIAN_POINT('',(0.5,1.405302325213E-14));
#10807 = CARTESIAN_POINT('',(1.,0.));
#10808 = ( GEOMETRIC_REPRESENTATION_CONTEXT(2) 
PARAMETRIC_REPRESENTATION_CONTEXT() REPRESENTATION_CONTEXT('2D SPACE',''
  ) );
#10809 = PCURVE('',#10311,#10810);
#10810 = DEFINITIONAL_REPRESENTATION('',(#10811),#10815);
#10811 = B_SPLINE_CURVE_WITH_KNOTS('',2,(#10812,#10813,#10814),
  .UNSPECIFIED.,.F.,.F.,(3,3),(0.,1.),.PIECEWISE_BEZIER_KNOTS.);
#10812 = CARTESIAN_POINT('',(0.41015625,2.0849609375));
#10813 = CARTESIAN_POINT('',(0.2392578125,2.2998046875));
#10814 = CARTESIAN_POINT('',(0.2392578125,2.58056640625));
#10815 = ( GEOMETRIC_REPRESENTATION_CONTEXT(2) 
PARAMETRIC_REPRESENTATION_CONTEXT() REPRESENTATION_CONTEXT('2D SPACE',''
  ) );
#10816 = ORIENTED_EDGE('',*,*,#10817,.T.);
#10817 = EDGE_CURVE('',#10795,#6801,#10818,.T.);
#10818 = SURFACE_CURVE('',#10819,(#10822,#10829),.PCURVE_S1.);
#10819 = B_SPLINE_CURVE_WITH_KNOTS('',1,(#10820,#10821),.UNSPECIFIED.,
  .F.,.F.,(2,2),(0.,0.6),.PIECEWISE_BEZIER_KNOTS.);
#10820 = CARTESIAN_POINT('',(44.591466028108,-10.24178432695,
    7.566650490625));
#10821 = CARTESIAN_POINT('',(43.992626609307,-10.20448351611,
    7.566650490625));
#10822 = PCURVE('',#6897,#10823);
#10823 = DEFINITIONAL_REPRESENTATION('',(#10824),#10828);
#10824 = B_SPLINE_CURVE_WITH_KNOTS('',2,(#10825,#10826,#10827),
  .UNSPECIFIED.,.F.,.F.,(3,3),(0.,0.6),.PIECEWISE_BEZIER_KNOTS.);
#10825 = CARTESIAN_POINT('',(0.,0.));
#10826 = CARTESIAN_POINT('',(0.,-0.3));
#10827 = CARTESIAN_POINT('',(0.,-0.6));
#10828 = ( GEOMETRIC_REPRESENTATION_CONTEXT(2) 
PARAMETRIC_REPRESENTATION_CONTEXT() REPRESENTATION_CONTEXT('2D SPACE',''
  ) );
#10829 = PCURVE('',#6838,#10830);
#10830 = DEFINITIONAL_REPRESENTATION('',(#10831),#10835);
#10831 = B_SPLINE_CURVE_WITH_KNOTS('',2,(#10832,#10833,#10834),
  .UNSPECIFIED.,.F.,.F.,(3,3),(0.,0.6),.PIECEWISE_BEZIER_KNOTS.);
#10832 = CARTESIAN_POINT('',(1.,-7.091683315275E-15));
#10833 = CARTESIAN_POINT('',(1.,-0.3));
#10834 = CARTESIAN_POINT('',(1.,-0.6));
#10835 = ( GEOMETRIC_REPRESENTATION_CONTEXT(2) 
PARAMETRIC_REPRESENTATION_CONTEXT() REPRESENTATION_CONTEXT('2D SPACE',''
  ) );
#10836 = ORIENTED_EDGE('',*,*,#6863,.F.);
#10837 = ORIENTED_EDGE('',*,*,#10769,.F.);
#10838 = ADVANCED_FACE('',(#10839),#6838,.F.);
#10839 = FACE_BOUND('',#10840,.F.);
#10840 = EDGE_LOOP('',(#10841,#10864,#10883,#10884));
#10841 = ORIENTED_EDGE('',*,*,#10842,.F.);
#10842 = EDGE_CURVE('',#10843,#10795,#10845,.T.);
#10843 = VERTEX_POINT('',#10844);
#10844 = CARTESIAN_POINT('',(44.647320106833,-9.345084676404,
    7.842529396875));
#10845 = SURFACE_CURVE('',#10846,(#10850,#10857),.PCURVE_S1.);
#10846 = B_SPLINE_CURVE_WITH_KNOTS('',2,(#10847,#10848,#10849),
  .UNSPECIFIED.,.F.,.F.,(3,3),(0.,1.),.PIECEWISE_BEZIER_KNOTS.);
#10847 = CARTESIAN_POINT('',(44.647320106833,-9.345084676404,
    7.842529396875));
#10848 = CARTESIAN_POINT('',(44.612714862406,-9.900648590332,
    7.781494240625));
#10849 = CARTESIAN_POINT('',(44.591466028108,-10.24178432695,
    7.566650490625));
#10850 = PCURVE('',#6838,#10851);
#10851 = DEFINITIONAL_REPRESENTATION('',(#10852),#10856);
#10852 = B_SPLINE_CURVE_WITH_KNOTS('',2,(#10853,#10854,#10855),
  .UNSPECIFIED.,.F.,.F.,(3,3),(0.,1.),.PIECEWISE_BEZIER_KNOTS.);
#10853 = CARTESIAN_POINT('',(0.,0.));
#10854 = CARTESIAN_POINT('',(0.5,7.132318622034E-17));
#10855 = CARTESIAN_POINT('',(1.,0.));
#10856 = ( GEOMETRIC_REPRESENTATION_CONTEXT(2) 
PARAMETRIC_REPRESENTATION_CONTEXT() REPRESENTATION_CONTEXT('2D SPACE',''
  ) );
#10857 = PCURVE('',#10311,#10858);
#10858 = DEFINITIONAL_REPRESENTATION('',(#10859),#10863);
#10859 = B_SPLINE_CURVE_WITH_KNOTS('',2,(#10860,#10861,#10862),
  .UNSPECIFIED.,.F.,.F.,(3,3),(0.,1.),.PIECEWISE_BEZIER_KNOTS.);
#10860 = CARTESIAN_POINT('',(0.859375,1.80908203125));
#10861 = CARTESIAN_POINT('',(0.5810546875,1.8701171875));
#10862 = CARTESIAN_POINT('',(0.41015625,2.0849609375));
#10863 = ( GEOMETRIC_REPRESENTATION_CONTEXT(2) 
PARAMETRIC_REPRESENTATION_CONTEXT() REPRESENTATION_CONTEXT('2D SPACE',''
  ) );
#10864 = ORIENTED_EDGE('',*,*,#10865,.T.);
#10865 = EDGE_CURVE('',#10843,#6749,#10866,.T.);
#10866 = SURFACE_CURVE('',#10867,(#10870,#10877),.PCURVE_S1.);
#10867 = B_SPLINE_CURVE_WITH_KNOTS('',1,(#10868,#10869),.UNSPECIFIED.,
  .F.,.F.,(2,2),(0.,0.6),.PIECEWISE_BEZIER_KNOTS.);
#10868 = CARTESIAN_POINT('',(44.647320106833,-9.345084676404,
    7.842529396875));
#10869 = CARTESIAN_POINT('',(44.048480688031,-9.307783865569,
    7.842529396875));
#10870 = PCURVE('',#6838,#10871);
#10871 = DEFINITIONAL_REPRESENTATION('',(#10872),#10876);
#10872 = B_SPLINE_CURVE_WITH_KNOTS('',2,(#10873,#10874,#10875),
  .UNSPECIFIED.,.F.,.F.,(3,3),(0.,0.6),.PIECEWISE_BEZIER_KNOTS.);
#10873 = CARTESIAN_POINT('',(7.571519350482E-16,-7.091683315275E-15));
#10874 = CARTESIAN_POINT('',(7.571519350482E-16,-0.3));
#10875 = CARTESIAN_POINT('',(7.571519350482E-16,-0.6));
#10876 = ( GEOMETRIC_REPRESENTATION_CONTEXT(2) 
PARAMETRIC_REPRESENTATION_CONTEXT() REPRESENTATION_CONTEXT('2D SPACE',''
  ) );
#10877 = PCURVE('',#6780,#10878);
#10878 = DEFINITIONAL_REPRESENTATION('',(#10879),#10882);
#10879 = B_SPLINE_CURVE_WITH_KNOTS('',1,(#10880,#10881),.UNSPECIFIED.,
  .F.,.F.,(2,2),(0.,0.6),.PIECEWISE_BEZIER_KNOTS.);
#10880 = CARTESIAN_POINT('',(9.765625E-03,0.));
#10881 = CARTESIAN_POINT('',(9.765625E-03,-0.6));
#10882 = ( GEOMETRIC_REPRESENTATION_CONTEXT(2) 
PARAMETRIC_REPRESENTATION_CONTEXT() REPRESENTATION_CONTEXT('2D SPACE',''
  ) );
#10883 = ORIENTED_EDGE('',*,*,#6800,.F.);
#10884 = ORIENTED_EDGE('',*,*,#10817,.F.);
#10885 = ADVANCED_FACE('',(#10886),#6780,.F.);
#10886 = FACE_BOUND('',#10887,.F.);
#10887 = EDGE_LOOP('',(#10888,#10908,#10927,#10928));
#10888 = ORIENTED_EDGE('',*,*,#10889,.F.);
#10889 = EDGE_CURVE('',#10890,#10843,#10892,.T.);
#10890 = VERTEX_POINT('',#10891);
#10891 = CARTESIAN_POINT('',(44.647320106833,-9.345084676404,
    7.852295021875));
#10892 = SURFACE_CURVE('',#10893,(#10896,#10902),.PCURVE_S1.);
#10893 = B_SPLINE_CURVE_WITH_KNOTS('',1,(#10894,#10895),.UNSPECIFIED.,
  .F.,.F.,(2,2),(0.,9.765625E-03),.PIECEWISE_BEZIER_KNOTS.);
#10894 = CARTESIAN_POINT('',(44.647320106833,-9.345084676404,
    7.852295021875));
#10895 = CARTESIAN_POINT('',(44.647320106833,-9.345084676404,
    7.842529396875));
#10896 = PCURVE('',#6780,#10897);
#10897 = DEFINITIONAL_REPRESENTATION('',(#10898),#10901);
#10898 = B_SPLINE_CURVE_WITH_KNOTS('',1,(#10899,#10900),.UNSPECIFIED.,
  .F.,.F.,(2,2),(0.,9.765625E-03),.PIECEWISE_BEZIER_KNOTS.);
#10899 = CARTESIAN_POINT('',(0.,7.105427357601E-15));
#10900 = CARTESIAN_POINT('',(9.765625E-03,7.105427357601E-15));
#10901 = ( GEOMETRIC_REPRESENTATION_CONTEXT(2) 
PARAMETRIC_REPRESENTATION_CONTEXT() REPRESENTATION_CONTEXT('2D SPACE',''
  ) );
#10902 = PCURVE('',#10311,#10903);
#10903 = DEFINITIONAL_REPRESENTATION('',(#10904),#10907);
#10904 = B_SPLINE_CURVE_WITH_KNOTS('',1,(#10905,#10906),.UNSPECIFIED.,
  .F.,.F.,(2,2),(0.,9.765625E-03),.PIECEWISE_BEZIER_KNOTS.);
#10905 = CARTESIAN_POINT('',(0.859375,1.79931640625));
#10906 = CARTESIAN_POINT('',(0.859375,1.80908203125));
#10907 = ( GEOMETRIC_REPRESENTATION_CONTEXT(2) 
PARAMETRIC_REPRESENTATION_CONTEXT() REPRESENTATION_CONTEXT('2D SPACE',''
  ) );
#10908 = ORIENTED_EDGE('',*,*,#10909,.T.);
#10909 = EDGE_CURVE('',#10890,#6674,#10910,.T.);
#10910 = SURFACE_CURVE('',#10911,(#10914,#10920),.PCURVE_S1.);
#10911 = B_SPLINE_CURVE_WITH_KNOTS('',1,(#10912,#10913),.UNSPECIFIED.,
  .F.,.F.,(2,2),(0.,0.6),.PIECEWISE_BEZIER_KNOTS.);
#10912 = CARTESIAN_POINT('',(44.647320106833,-9.345084676404,
    7.852295021875));
#10913 = CARTESIAN_POINT('',(44.048480688031,-9.307783865569,
    7.852295021875));
#10914 = PCURVE('',#6780,#10915);
#10915 = DEFINITIONAL_REPRESENTATION('',(#10916),#10919);
#10916 = B_SPLINE_CURVE_WITH_KNOTS('',1,(#10917,#10918),.UNSPECIFIED.,
  .F.,.F.,(2,2),(0.,0.6),.PIECEWISE_BEZIER_KNOTS.);
#10917 = CARTESIAN_POINT('',(0.,0.));
#10918 = CARTESIAN_POINT('',(0.,-0.6));
#10919 = ( GEOMETRIC_REPRESENTATION_CONTEXT(2) 
PARAMETRIC_REPRESENTATION_CONTEXT() REPRESENTATION_CONTEXT('2D SPACE',''
  ) );
#10920 = PCURVE('',#6719,#10921);
#10921 = DEFINITIONAL_REPRESENTATION('',(#10922),#10926);
#10922 = B_SPLINE_CURVE_WITH_KNOTS('',2,(#10923,#10924,#10925),
  .UNSPECIFIED.,.F.,.F.,(3,3),(0.,0.6),.PIECEWISE_BEZIER_KNOTS.);
#10923 = CARTESIAN_POINT('',(1.,0.));
#10924 = CARTESIAN_POINT('',(1.,-0.3));
#10925 = CARTESIAN_POINT('',(1.,-0.6));
#10926 = ( GEOMETRIC_REPRESENTATION_CONTEXT(2) 
PARAMETRIC_REPRESENTATION_CONTEXT() REPRESENTATION_CONTEXT('2D SPACE',''
  ) );
#10927 = ORIENTED_EDGE('',*,*,#6748,.F.);
#10928 = ORIENTED_EDGE('',*,*,#10865,.F.);
#10929 = ADVANCED_FACE('',(#10930),#6719,.F.);
#10930 = FACE_BOUND('',#10931,.F.);
#10931 = EDGE_LOOP('',(#10932,#10955,#10975,#10976));
#10932 = ORIENTED_EDGE('',*,*,#10933,.F.);
#10933 = EDGE_CURVE('',#10934,#10890,#10936,.T.);
#10934 = VERTEX_POINT('',#10935);
#10935 = CARTESIAN_POINT('',(44.583877158717,-10.3636185186,8.1318360375
    ));
#10936 = SURFACE_CURVE('',#10937,(#10941,#10948),.PCURVE_S1.);
#10937 = B_SPLINE_CURVE_WITH_KNOTS('',2,(#10938,#10939,#10940),
  .UNSPECIFIED.,.F.,.F.,(3,3),(0.,1.),.PIECEWISE_BEZIER_KNOTS.);
#10938 = CARTESIAN_POINT('',(44.583877158717,-10.3636185186,8.1318360375
    ));
#10939 = CARTESIAN_POINT('',(44.607554431219,-9.983495840654,
    7.906005959375));
#10940 = CARTESIAN_POINT('',(44.647320106833,-9.345084676404,
    7.852295021875));
#10941 = PCURVE('',#6719,#10942);
#10942 = DEFINITIONAL_REPRESENTATION('',(#10943),#10947);
#10943 = B_SPLINE_CURVE_WITH_KNOTS('',2,(#10944,#10945,#10946),
  .UNSPECIFIED.,.F.,.F.,(3,3),(0.,1.),.PIECEWISE_BEZIER_KNOTS.);
#10944 = CARTESIAN_POINT('',(-1.452500428882E-15,7.202115899346E-15));
#10945 = CARTESIAN_POINT('',(0.5,6.984498748383E-15));
#10946 = CARTESIAN_POINT('',(1.,7.091683315275E-15));
#10947 = ( GEOMETRIC_REPRESENTATION_CONTEXT(2) 
PARAMETRIC_REPRESENTATION_CONTEXT() REPRESENTATION_CONTEXT('2D SPACE',''
  ) );
#10948 = PCURVE('',#10311,#10949);
#10949 = DEFINITIONAL_REPRESENTATION('',(#10950),#10954);
#10950 = B_SPLINE_CURVE_WITH_KNOTS('',2,(#10951,#10952,#10953),
  .UNSPECIFIED.,.F.,.F.,(3,3),(0.,1.),.PIECEWISE_BEZIER_KNOTS.);
#10951 = CARTESIAN_POINT('',(0.34912109375,1.519775390625));
#10952 = CARTESIAN_POINT('',(0.53955078125,1.74560546875));
#10953 = CARTESIAN_POINT('',(0.859375,1.79931640625));
#10954 = ( GEOMETRIC_REPRESENTATION_CONTEXT(2) 
PARAMETRIC_REPRESENTATION_CONTEXT() REPRESENTATION_CONTEXT('2D SPACE',''
  ) );
#10955 = ORIENTED_EDGE('',*,*,#10956,.T.);
#10956 = EDGE_CURVE('',#10934,#6617,#10957,.T.);
#10957 = SURFACE_CURVE('',#10958,(#10961,#10968),.PCURVE_S1.);
#10958 = B_SPLINE_CURVE_WITH_KNOTS('',1,(#10959,#10960),.UNSPECIFIED.,
  .F.,.F.,(2,2),(0.,0.6),.PIECEWISE_BEZIER_KNOTS.);
#10959 = CARTESIAN_POINT('',(44.583877158717,-10.3636185186,8.1318360375
    ));
#10960 = CARTESIAN_POINT('',(43.985037739915,-10.32631770776,
    8.1318360375));
#10961 = PCURVE('',#6719,#10962);
#10962 = DEFINITIONAL_REPRESENTATION('',(#10963),#10967);
#10963 = B_SPLINE_CURVE_WITH_KNOTS('',2,(#10964,#10965,#10966),
  .UNSPECIFIED.,.F.,.F.,(3,3),(0.,0.6),.PIECEWISE_BEZIER_KNOTS.);
#10964 = CARTESIAN_POINT('',(-1.934485168483E-15,1.10432584071E-16));
#10965 = CARTESIAN_POINT('',(-1.175863533784E-16,-0.3));
#10966 = CARTESIAN_POINT('',(0.,-0.6));
#10967 = ( GEOMETRIC_REPRESENTATION_CONTEXT(2) 
PARAMETRIC_REPRESENTATION_CONTEXT() REPRESENTATION_CONTEXT('2D SPACE',''
  ) );
#10968 = PCURVE('',#6650,#10969);
#10969 = DEFINITIONAL_REPRESENTATION('',(#10970),#10974);
#10970 = B_SPLINE_CURVE_WITH_KNOTS('',2,(#10971,#10972,#10973),
  .UNSPECIFIED.,.F.,.F.,(3,3),(0.,0.6),.PIECEWISE_BEZIER_KNOTS.);
#10971 = CARTESIAN_POINT('',(1.,1.10432584071E-16));
#10972 = CARTESIAN_POINT('',(1.,-0.3));
#10973 = CARTESIAN_POINT('',(1.,-0.6));
#10974 = ( GEOMETRIC_REPRESENTATION_CONTEXT(2) 
PARAMETRIC_REPRESENTATION_CONTEXT() REPRESENTATION_CONTEXT('2D SPACE',''
  ) );
#10975 = ORIENTED_EDGE('',*,*,#6673,.F.);
#10976 = ORIENTED_EDGE('',*,*,#10909,.F.);
#10977 = ADVANCED_FACE('',(#10978),#6650,.F.);
#10978 = FACE_BOUND('',#10979,.F.);
#10979 = EDGE_LOOP('',(#10980,#11003,#11023,#11024));
#10980 = ORIENTED_EDGE('',*,*,#10981,.F.);
#10981 = EDGE_CURVE('',#10982,#10934,#10984,.T.);
#10982 = VERTEX_POINT('',#10983);
#10983 = CARTESIAN_POINT('',(44.560199886214,-10.74374119655,
    8.687255959375));
#10984 = SURFACE_CURVE('',#10985,(#10989,#10996),.PCURVE_S1.);
#10985 = B_SPLINE_CURVE_WITH_KNOTS('',2,(#10986,#10987,#10988),
  .UNSPECIFIED.,.F.,.F.,(3,3),(0.,1.),.PIECEWISE_BEZIER_KNOTS.);
#10986 = CARTESIAN_POINT('',(44.560199886214,-10.74374119655,
    8.687255959375));
#10987 = CARTESIAN_POINT('',(44.560199886214,-10.74374119655,
    8.357666115625));
#10988 = CARTESIAN_POINT('',(44.583877158717,-10.3636185186,8.1318360375
    ));
#10989 = PCURVE('',#6650,#10990);
#10990 = DEFINITIONAL_REPRESENTATION('',(#10991),#10995);
#10991 = B_SPLINE_CURVE_WITH_KNOTS('',2,(#10992,#10993,#10994),
  .UNSPECIFIED.,.F.,.F.,(3,3),(0.,1.),.PIECEWISE_BEZIER_KNOTS.);
#10992 = CARTESIAN_POINT('',(0.,0.));
#10993 = CARTESIAN_POINT('',(0.5,-4.700197436215E-15));
#10994 = CARTESIAN_POINT('',(1.,7.202115899346E-15));
#10995 = ( GEOMETRIC_REPRESENTATION_CONTEXT(2) 
PARAMETRIC_REPRESENTATION_CONTEXT() REPRESENTATION_CONTEXT('2D SPACE',''
  ) );
#10996 = PCURVE('',#10311,#10997);
#10997 = DEFINITIONAL_REPRESENTATION('',(#10998),#11002);
#10998 = B_SPLINE_CURVE_WITH_KNOTS('',2,(#10999,#11000,#11001),
  .UNSPECIFIED.,.F.,.F.,(3,3),(0.,1.),.PIECEWISE_BEZIER_KNOTS.);
#10999 = CARTESIAN_POINT('',(0.15869140625,0.96435546875));
#11000 = CARTESIAN_POINT('',(0.15869140625,1.2939453125));
#11001 = CARTESIAN_POINT('',(0.34912109375,1.519775390625));
#11002 = ( GEOMETRIC_REPRESENTATION_CONTEXT(2) 
PARAMETRIC_REPRESENTATION_CONTEXT() REPRESENTATION_CONTEXT('2D SPACE',''
  ) );
#11003 = ORIENTED_EDGE('',*,*,#11004,.T.);
#11004 = EDGE_CURVE('',#10982,#6542,#11005,.T.);
#11005 = SURFACE_CURVE('',#11006,(#11009,#11016),.PCURVE_S1.);
#11006 = B_SPLINE_CURVE_WITH_KNOTS('',1,(#11007,#11008),.UNSPECIFIED.,
  .F.,.F.,(2,2),(0.,0.6),.PIECEWISE_BEZIER_KNOTS.);
#11007 = CARTESIAN_POINT('',(44.560199886214,-10.74374119655,
    8.687255959375));
#11008 = CARTESIAN_POINT('',(43.961360467412,-10.70644038572,
    8.687255959375));
#11009 = PCURVE('',#6650,#11010);
#11010 = DEFINITIONAL_REPRESENTATION('',(#11011),#11015);
#11011 = B_SPLINE_CURVE_WITH_KNOTS('',2,(#11012,#11013,#11014),
  .UNSPECIFIED.,.F.,.F.,(3,3),(0.,0.6),.PIECEWISE_BEZIER_KNOTS.);
#11012 = CARTESIAN_POINT('',(0.,0.));
#11013 = CARTESIAN_POINT('',(0.,-0.3));
#11014 = CARTESIAN_POINT('',(0.,-0.6));
#11015 = ( GEOMETRIC_REPRESENTATION_CONTEXT(2) 
PARAMETRIC_REPRESENTATION_CONTEXT() REPRESENTATION_CONTEXT('2D SPACE',''
  ) );
#11016 = PCURVE('',#6587,#11017);
#11017 = DEFINITIONAL_REPRESENTATION('',(#11018),#11022);
#11018 = B_SPLINE_CURVE_WITH_KNOTS('',2,(#11019,#11020,#11021),
  .UNSPECIFIED.,.F.,.F.,(3,3),(0.,0.6),.PIECEWISE_BEZIER_KNOTS.);
#11019 = CARTESIAN_POINT('',(1.,0.));
#11020 = CARTESIAN_POINT('',(1.,-0.3));
#11021 = CARTESIAN_POINT('',(1.,-0.6));
#11022 = ( GEOMETRIC_REPRESENTATION_CONTEXT(2) 
PARAMETRIC_REPRESENTATION_CONTEXT() REPRESENTATION_CONTEXT('2D SPACE',''
  ) );
#11023 = ORIENTED_EDGE('',*,*,#6616,.F.);
#11024 = ORIENTED_EDGE('',*,*,#10956,.F.);
#11025 = ADVANCED_FACE('',(#11026),#6587,.F.);
#11026 = FACE_BOUND('',#11027,.F.);
#11027 = EDGE_LOOP('',(#11028,#11051,#11071,#11072));
#11028 = ORIENTED_EDGE('',*,*,#11029,.F.);
#11029 = EDGE_CURVE('',#11030,#10982,#11032,.T.);
#11030 = VERTEX_POINT('',#11031);
#11031 = CARTESIAN_POINT('',(44.600420893991,-10.0980199808,
    9.434326271875));
#11032 = SURFACE_CURVE('',#11033,(#11037,#11044),.PCURVE_S1.);
#11033 = B_SPLINE_CURVE_WITH_KNOTS('',2,(#11034,#11035,#11036),
  .UNSPECIFIED.,.F.,.F.,(3,3),(0.,1.),.PIECEWISE_BEZIER_KNOTS.);
#11034 = CARTESIAN_POINT('',(44.600420893991,-10.0980199808,
    9.434326271875));
#11035 = CARTESIAN_POINT('',(44.560199886214,-10.74374119655,
    9.168212990625));
#11036 = CARTESIAN_POINT('',(44.560199886214,-10.74374119655,
    8.687255959375));
#11037 = PCURVE('',#6587,#11038);
#11038 = DEFINITIONAL_REPRESENTATION('',(#11039),#11043);
#11039 = B_SPLINE_CURVE_WITH_KNOTS('',2,(#11040,#11041,#11042),
  .UNSPECIFIED.,.F.,.F.,(3,3),(0.,1.),.PIECEWISE_BEZIER_KNOTS.);
#11040 = CARTESIAN_POINT('',(0.,0.));
#11041 = CARTESIAN_POINT('',(0.5,-1.100706690588E-14));
#11042 = CARTESIAN_POINT('',(1.,0.));
#11043 = ( GEOMETRIC_REPRESENTATION_CONTEXT(2) 
PARAMETRIC_REPRESENTATION_CONTEXT() REPRESENTATION_CONTEXT('2D SPACE',''
  ) );
#11044 = PCURVE('',#10311,#11045);
#11045 = DEFINITIONAL_REPRESENTATION('',(#11046),#11050);
#11046 = B_SPLINE_CURVE_WITH_KNOTS('',2,(#11047,#11048,#11049),
  .UNSPECIFIED.,.F.,.F.,(3,3),(0.,1.),.PIECEWISE_BEZIER_KNOTS.);
#11047 = CARTESIAN_POINT('',(0.482177734375,0.21728515625));
#11048 = CARTESIAN_POINT('',(0.15869140625,0.4833984375));
#11049 = CARTESIAN_POINT('',(0.15869140625,0.96435546875));
#11050 = ( GEOMETRIC_REPRESENTATION_CONTEXT(2) 
PARAMETRIC_REPRESENTATION_CONTEXT() REPRESENTATION_CONTEXT('2D SPACE',''
  ) );
#11051 = ORIENTED_EDGE('',*,*,#11052,.T.);
#11052 = EDGE_CURVE('',#11030,#6467,#11053,.T.);
#11053 = SURFACE_CURVE('',#11054,(#11057,#11064),.PCURVE_S1.);
#11054 = B_SPLINE_CURVE_WITH_KNOTS('',1,(#11055,#11056),.UNSPECIFIED.,
  .F.,.F.,(2,2),(0.,0.6),.PIECEWISE_BEZIER_KNOTS.);
#11055 = CARTESIAN_POINT('',(44.600420893991,-10.0980199808,
    9.434326271875));
#11056 = CARTESIAN_POINT('',(44.001581475189,-10.06071916997,
    9.434326271875));
#11057 = PCURVE('',#6587,#11058);
#11058 = DEFINITIONAL_REPRESENTATION('',(#11059),#11063);
#11059 = B_SPLINE_CURVE_WITH_KNOTS('',2,(#11060,#11061,#11062),
  .UNSPECIFIED.,.F.,.F.,(3,3),(0.,0.6),.PIECEWISE_BEZIER_KNOTS.);
#11060 = CARTESIAN_POINT('',(0.,0.));
#11061 = CARTESIAN_POINT('',(-4.199730171968E-16,-0.3));
#11062 = CARTESIAN_POINT('',(0.,-0.6));
#11063 = ( GEOMETRIC_REPRESENTATION_CONTEXT(2) 
PARAMETRIC_REPRESENTATION_CONTEXT() REPRESENTATION_CONTEXT('2D SPACE',''
  ) );
#11064 = PCURVE('',#6512,#11065);
#11065 = DEFINITIONAL_REPRESENTATION('',(#11066),#11070);
#11066 = B_SPLINE_CURVE_WITH_KNOTS('',2,(#11067,#11068,#11069),
  .UNSPECIFIED.,.F.,.F.,(3,3),(0.,0.6),.PIECEWISE_BEZIER_KNOTS.);
#11067 = CARTESIAN_POINT('',(1.,0.));
#11068 = CARTESIAN_POINT('',(1.,-0.3));
#11069 = CARTESIAN_POINT('',(1.,-0.6));
#11070 = ( GEOMETRIC_REPRESENTATION_CONTEXT(2) 
PARAMETRIC_REPRESENTATION_CONTEXT() REPRESENTATION_CONTEXT('2D SPACE',''
  ) );
#11071 = ORIENTED_EDGE('',*,*,#6541,.F.);
#11072 = ORIENTED_EDGE('',*,*,#11004,.F.);
#11073 = ADVANCED_FACE('',(#11074),#6512,.F.);
#11074 = FACE_BOUND('',#11075,.F.);
#11075 = EDGE_LOOP('',(#11076,#11099,#11119,#11120));
#11076 = ORIENTED_EDGE('',*,*,#11077,.F.);
#11077 = EDGE_CURVE('',#11078,#11030,#11080,.T.);
#11078 = VERTEX_POINT('',#11079);
#11079 = CARTESIAN_POINT('',(44.713798602707,-8.277817157543,
    9.700439553125));
#11080 = SURFACE_CURVE('',#11081,(#11085,#11092),.PCURVE_S1.);
#11081 = B_SPLINE_CURVE_WITH_KNOTS('',2,(#11082,#11083,#11084),
  .UNSPECIFIED.,.F.,.F.,(3,3),(0.,1.),.PIECEWISE_BEZIER_KNOTS.);
#11082 = CARTESIAN_POINT('',(44.713798602707,-8.277817157543,
    9.700439553125));
#11083 = CARTESIAN_POINT('',(44.640641901768,-9.452298765057,
    9.700439553125));
#11084 = CARTESIAN_POINT('',(44.600420893991,-10.0980199808,
    9.434326271875));
#11085 = PCURVE('',#6512,#11086);
#11086 = DEFINITIONAL_REPRESENTATION('',(#11087),#11091);
#11087 = B_SPLINE_CURVE_WITH_KNOTS('',2,(#11088,#11089,#11090),
  .UNSPECIFIED.,.F.,.F.,(3,3),(0.,1.),.PIECEWISE_BEZIER_KNOTS.);
#11088 = CARTESIAN_POINT('',(-3.753791405435E-16,7.091683315275E-15));
#11089 = CARTESIAN_POINT('',(0.5,1.626487923443E-14));
#11090 = CARTESIAN_POINT('',(1.,0.));
#11091 = ( GEOMETRIC_REPRESENTATION_CONTEXT(2) 
PARAMETRIC_REPRESENTATION_CONTEXT() REPRESENTATION_CONTEXT('2D SPACE',''
  ) );
#11092 = PCURVE('',#10311,#11093);
#11093 = DEFINITIONAL_REPRESENTATION('',(#11094),#11098);
#11094 = B_SPLINE_CURVE_WITH_KNOTS('',2,(#11095,#11096,#11097),
  .UNSPECIFIED.,.F.,.F.,(3,3),(0.,1.),.PIECEWISE_BEZIER_KNOTS.);
#11095 = CARTESIAN_POINT('',(1.39404296875,-4.8828125E-02));
#11096 = CARTESIAN_POINT('',(0.8056640625,-4.8828125E-02));
#11097 = CARTESIAN_POINT('',(0.482177734375,0.21728515625));
#11098 = ( GEOMETRIC_REPRESENTATION_CONTEXT(2) 
PARAMETRIC_REPRESENTATION_CONTEXT() REPRESENTATION_CONTEXT('2D SPACE',''
  ) );
#11099 = ORIENTED_EDGE('',*,*,#11100,.T.);
#11100 = EDGE_CURVE('',#11078,#6392,#11101,.T.);
#11101 = SURFACE_CURVE('',#11102,(#11105,#11112),.PCURVE_S1.);
#11102 = B_SPLINE_CURVE_WITH_KNOTS('',1,(#11103,#11104),.UNSPECIFIED.,
  .F.,.F.,(2,2),(0.,0.6),.PIECEWISE_BEZIER_KNOTS.);
#11103 = CARTESIAN_POINT('',(44.713798602707,-8.277817157543,
    9.700439553125));
#11104 = CARTESIAN_POINT('',(44.114959183905,-8.240516346708,
    9.700439553125));
#11105 = PCURVE('',#6512,#11106);
#11106 = DEFINITIONAL_REPRESENTATION('',(#11107),#11111);
#11107 = B_SPLINE_CURVE_WITH_KNOTS('',2,(#11108,#11109,#11110),
  .UNSPECIFIED.,.F.,.F.,(3,3),(0.,0.6),.PIECEWISE_BEZIER_KNOTS.);
#11108 = CARTESIAN_POINT('',(0.,0.));
#11109 = CARTESIAN_POINT('',(0.,-0.3));
#11110 = CARTESIAN_POINT('',(0.,-0.6));
#11111 = ( GEOMETRIC_REPRESENTATION_CONTEXT(2) 
PARAMETRIC_REPRESENTATION_CONTEXT() REPRESENTATION_CONTEXT('2D SPACE',''
  ) );
#11112 = PCURVE('',#6437,#11113);
#11113 = DEFINITIONAL_REPRESENTATION('',(#11114),#11118);
#11114 = B_SPLINE_CURVE_WITH_KNOTS('',2,(#11115,#11116,#11117),
  .UNSPECIFIED.,.F.,.F.,(3,3),(0.,0.6),.PIECEWISE_BEZIER_KNOTS.);
#11115 = CARTESIAN_POINT('',(1.,0.));
#11116 = CARTESIAN_POINT('',(1.,-0.3));
#11117 = CARTESIAN_POINT('',(1.,-0.6));
#11118 = ( GEOMETRIC_REPRESENTATION_CONTEXT(2) 
PARAMETRIC_REPRESENTATION_CONTEXT() REPRESENTATION_CONTEXT('2D SPACE',''
  ) );
#11119 = ORIENTED_EDGE('',*,*,#6466,.F.);
#11120 = ORIENTED_EDGE('',*,*,#11052,.F.);
#11121 = ADVANCED_FACE('',(#11122),#6437,.F.);
#11122 = FACE_BOUND('',#11123,.F.);
#11123 = EDGE_LOOP('',(#11124,#11145,#11146,#11147));
#11124 = ORIENTED_EDGE('',*,*,#11125,.F.);
#11125 = EDGE_CURVE('',#10296,#11078,#11126,.T.);
#11126 = SURFACE_CURVE('',#11127,(#11131,#11138),.PCURVE_S1.);
#11127 = B_SPLINE_CURVE_WITH_KNOTS('',2,(#11128,#11129,#11130),
  .UNSPECIFIED.,.F.,.F.,(3,3),(0.,1.),.PIECEWISE_BEZIER_KNOTS.);
#11128 = CARTESIAN_POINT('',(44.827328088811,-6.455177650447,
    9.43310556875));
#11129 = CARTESIAN_POINT('',(44.787562413197,-7.093588814698,
    9.700439553125));
#11130 = CARTESIAN_POINT('',(44.713798602707,-8.277817157543,
    9.700439553125));
#11131 = PCURVE('',#6437,#11132);
#11132 = DEFINITIONAL_REPRESENTATION('',(#11133),#11137);
#11133 = B_SPLINE_CURVE_WITH_KNOTS('',2,(#11134,#11135,#11136),
  .UNSPECIFIED.,.F.,.F.,(3,3),(0.,1.),.PIECEWISE_BEZIER_KNOTS.);
#11134 = CARTESIAN_POINT('',(0.,0.));
#11135 = CARTESIAN_POINT('',(0.5,1.638223254835E-14));
#11136 = CARTESIAN_POINT('',(1.,7.091683315275E-15));
#11137 = ( GEOMETRIC_REPRESENTATION_CONTEXT(2) 
PARAMETRIC_REPRESENTATION_CONTEXT() REPRESENTATION_CONTEXT('2D SPACE',''
  ) );
#11138 = PCURVE('',#10311,#11139);
#11139 = DEFINITIONAL_REPRESENTATION('',(#11140),#11144);
#11140 = B_SPLINE_CURVE_WITH_KNOTS('',2,(#11141,#11142,#11143),
  .UNSPECIFIED.,.F.,.F.,(3,3),(0.,1.),.PIECEWISE_BEZIER_KNOTS.);
#11141 = CARTESIAN_POINT('',(2.30712890625,0.218505859375));
#11142 = CARTESIAN_POINT('',(1.9873046875,-4.8828125E-02));
#11143 = CARTESIAN_POINT('',(1.39404296875,-4.8828125E-02));
#11144 = ( GEOMETRIC_REPRESENTATION_CONTEXT(2) 
PARAMETRIC_REPRESENTATION_CONTEXT() REPRESENTATION_CONTEXT('2D SPACE',''
  ) );
#11145 = ORIENTED_EDGE('',*,*,#10344,.T.);
#11146 = ORIENTED_EDGE('',*,*,#6391,.F.);
#11147 = ORIENTED_EDGE('',*,*,#11100,.F.);
#11148 = ADVANCED_FACE('',(#11149),#7542,.T.);
#11149 = FACE_BOUND('',#11150,.F.);
#11150 = EDGE_LOOP('',(#11151,#11152,#11153,#11154,#11155,#11156,#11157,
    #11158,#11159,#11160,#11161));
#11151 = ORIENTED_EDGE('',*,*,#7980,.T.);
#11152 = ORIENTED_EDGE('',*,*,#7526,.T.);
#11153 = ORIENTED_EDGE('',*,*,#7593,.T.);
#11154 = ORIENTED_EDGE('',*,*,#7636,.T.);
#11155 = ORIENTED_EDGE('',*,*,#7679,.T.);
#11156 = ORIENTED_EDGE('',*,*,#7722,.T.);
#11157 = ORIENTED_EDGE('',*,*,#7765,.T.);
#11158 = ORIENTED_EDGE('',*,*,#7808,.T.);
#11159 = ORIENTED_EDGE('',*,*,#7851,.T.);
#11160 = ORIENTED_EDGE('',*,*,#7894,.T.);
#11161 = ORIENTED_EDGE('',*,*,#7937,.T.);
#11162 = ADVANCED_FACE('',(#11163),#8020,.T.);
#11163 = FACE_BOUND('',#11164,.F.);
#11164 = EDGE_LOOP('',(#11165,#11166,#11167,#11168,#11169,#11170,#11171,
    #11172,#11173,#11174,#11175));
#11165 = ORIENTED_EDGE('',*,*,#8458,.T.);
#11166 = ORIENTED_EDGE('',*,*,#8004,.T.);
#11167 = ORIENTED_EDGE('',*,*,#8071,.T.);
#11168 = ORIENTED_EDGE('',*,*,#8114,.T.);
#11169 = ORIENTED_EDGE('',*,*,#8157,.T.);
#11170 = ORIENTED_EDGE('',*,*,#8200,.T.);
#11171 = ORIENTED_EDGE('',*,*,#8243,.T.);
#11172 = ORIENTED_EDGE('',*,*,#8286,.T.);
#11173 = ORIENTED_EDGE('',*,*,#8329,.T.);
#11174 = ORIENTED_EDGE('',*,*,#8372,.T.);
#11175 = ORIENTED_EDGE('',*,*,#8415,.T.);
#11176 = ADVANCED_FACE('',(#11177),#8498,.T.);
#11177 = FACE_BOUND('',#11178,.F.);
#11178 = EDGE_LOOP('',(#11179,#11180,#11181,#11182,#11183,#11184,#11185,
    #11186,#11187,#11188,#11189,#11190,#11191,#11192,#11193,#11194,
    #11195,#11196,#11197,#11198,#11199,#11200));
#11179 = ORIENTED_EDGE('',*,*,#9494,.T.);
#11180 = ORIENTED_EDGE('',*,*,#8482,.T.);
#11181 = ORIENTED_EDGE('',*,*,#8550,.T.);
#11182 = ORIENTED_EDGE('',*,*,#8598,.T.);
#11183 = ORIENTED_EDGE('',*,*,#8646,.T.);
#11184 = ORIENTED_EDGE('',*,*,#8694,.T.);
#11185 = ORIENTED_EDGE('',*,*,#8742,.T.);
#11186 = ORIENTED_EDGE('',*,*,#8790,.T.);
#11187 = ORIENTED_EDGE('',*,*,#8838,.T.);
#11188 = ORIENTED_EDGE('',*,*,#8885,.T.);
#11189 = ORIENTED_EDGE('',*,*,#8929,.T.);
#11190 = ORIENTED_EDGE('',*,*,#8977,.T.);
#11191 = ORIENTED_EDGE('',*,*,#9025,.T.);
#11192 = ORIENTED_EDGE('',*,*,#9073,.T.);
#11193 = ORIENTED_EDGE('',*,*,#9121,.T.);
#11194 = ORIENTED_EDGE('',*,*,#9169,.T.);
#11195 = ORIENTED_EDGE('',*,*,#9217,.T.);
#11196 = ORIENTED_EDGE('',*,*,#9265,.T.);
#11197 = ORIENTED_EDGE('',*,*,#9313,.T.);
#11198 = ORIENTED_EDGE('',*,*,#9361,.T.);
#11199 = ORIENTED_EDGE('',*,*,#9408,.T.);
#11200 = ORIENTED_EDGE('',*,*,#9451,.T.);
#11201 = ADVANCED_FACE('',(#11202,#11220),#9543,.T.);
#11202 = FACE_BOUND('',#11203,.F.);
#11203 = EDGE_LOOP('',(#11204,#11205,#11206,#11207,#11208,#11209,#11210,
    #11211,#11212,#11213,#11214,#11215,#11216,#11217,#11218,#11219));
#11204 = ORIENTED_EDGE('',*,*,#9525,.T.);
#11205 = ORIENTED_EDGE('',*,*,#10266,.T.);
#11206 = ORIENTED_EDGE('',*,*,#10218,.T.);
#11207 = ORIENTED_EDGE('',*,*,#10170,.T.);
#11208 = ORIENTED_EDGE('',*,*,#10126,.T.);
#11209 = ORIENTED_EDGE('',*,*,#10079,.T.);
#11210 = ORIENTED_EDGE('',*,*,#10031,.T.);
#11211 = ORIENTED_EDGE('',*,*,#9983,.T.);
#11212 = ORIENTED_EDGE('',*,*,#9935,.T.);
#11213 = ORIENTED_EDGE('',*,*,#9887,.T.);
#11214 = ORIENTED_EDGE('',*,*,#9839,.T.);
#11215 = ORIENTED_EDGE('',*,*,#9791,.T.);
#11216 = ORIENTED_EDGE('',*,*,#9743,.T.);
#11217 = ORIENTED_EDGE('',*,*,#9695,.T.);
#11218 = ORIENTED_EDGE('',*,*,#9647,.T.);
#11219 = ORIENTED_EDGE('',*,*,#9599,.T.);
#11220 = FACE_BOUND('',#11221,.F.);
#11221 = EDGE_LOOP('',(#11222,#11254,#11284,#11314,#11344,#11374,#11404,
    #11434));
#11222 = ORIENTED_EDGE('',*,*,#11223,.T.);
#11223 = EDGE_CURVE('',#11224,#11226,#11228,.T.);
#11224 = VERTEX_POINT('',#11225);
#11225 = CARTESIAN_POINT('',(44.653694757123,-1.757256044583,
    7.395752053125));
#11226 = VERTEX_POINT('',#11227);
#11227 = CARTESIAN_POINT('',(44.671149156724,-2.037474685379,6.88671885)
  );
#11228 = SURFACE_CURVE('',#11229,(#11233,#11240),.PCURVE_S1.);
#11229 = B_SPLINE_CURVE_WITH_KNOTS('',2,(#11230,#11231,#11232),
  .UNSPECIFIED.,.F.,.F.,(3,3),(0.,1.),.PIECEWISE_BEZIER_KNOTS.);
#11230 = CARTESIAN_POINT('',(44.653694757123,-1.757256044583,
    7.395752053125));
#11231 = CARTESIAN_POINT('',(44.653694757123,-1.757256044583,
    7.075927834375));
#11232 = CARTESIAN_POINT('',(44.671149156724,-2.037474685379,6.88671885)
  );
#11233 = PCURVE('',#9543,#11234);
#11234 = DEFINITIONAL_REPRESENTATION('',(#11235),#11239);
#11235 = B_SPLINE_CURVE_WITH_KNOTS('',2,(#11236,#11237,#11238),
  .UNSPECIFIED.,.F.,.F.,(3,3),(0.,1.),.PIECEWISE_BEZIER_KNOTS.);
#11236 = CARTESIAN_POINT('',(1.8701171875,2.255859375));
#11237 = CARTESIAN_POINT('',(1.8701171875,2.57568359375));
#11238 = CARTESIAN_POINT('',(1.729736328125,2.764892578125));
#11239 = ( GEOMETRIC_REPRESENTATION_CONTEXT(2) 
PARAMETRIC_REPRESENTATION_CONTEXT() REPRESENTATION_CONTEXT('2D SPACE',''
  ) );
#11240 = PCURVE('',#11241,#11248);
#11241 = B_SPLINE_SURFACE_WITH_KNOTS('',2,1,(
    (#11242,#11243)
    ,(#11244,#11245)
    ,(#11246,#11247
    )),.UNSPECIFIED.,.F.,.F.,.F.,(3,3),(2,2),(0.,1.),(-0.6,0.),
  .PIECEWISE_BEZIER_KNOTS.);
#11242 = CARTESIAN_POINT('',(44.054855338321,-1.794556855418,
    7.395752053125));
#11243 = CARTESIAN_POINT('',(44.653694757123,-1.757256044583,
    7.395752053125));
#11244 = CARTESIAN_POINT('',(44.054855338321,-1.794556855418,
    7.075927834375));
#11245 = CARTESIAN_POINT('',(44.653694757123,-1.757256044583,
    7.075927834375));
#11246 = CARTESIAN_POINT('',(44.072309737922,-2.074775496215,6.88671885)
  );
#11247 = CARTESIAN_POINT('',(44.671149156724,-2.037474685379,6.88671885)
  );
#11248 = DEFINITIONAL_REPRESENTATION('',(#11249),#11253);
#11249 = B_SPLINE_CURVE_WITH_KNOTS('',2,(#11250,#11251,#11252),
  .UNSPECIFIED.,.F.,.F.,(3,3),(0.,1.),.PIECEWISE_BEZIER_KNOTS.);
#11250 = CARTESIAN_POINT('',(0.,-1.418336663055E-14));
#11251 = CARTESIAN_POINT('',(0.5,-4.119012083713E-15));
#11252 = CARTESIAN_POINT('',(1.,-1.423858292259E-14));
#11253 = ( GEOMETRIC_REPRESENTATION_CONTEXT(2) 
PARAMETRIC_REPRESENTATION_CONTEXT() REPRESENTATION_CONTEXT('2D SPACE',''
  ) );
#11254 = ORIENTED_EDGE('',*,*,#11255,.T.);
#11255 = EDGE_CURVE('',#11226,#11256,#11258,.T.);
#11256 = VERTEX_POINT('',#11257);
#11257 = CARTESIAN_POINT('',(44.717441260015,-2.780663254449,
    6.697509865625));
#11258 = SURFACE_CURVE('',#11259,(#11263,#11270),.PCURVE_S1.);
#11259 = B_SPLINE_CURVE_WITH_KNOTS('',2,(#11260,#11261,#11262),
  .UNSPECIFIED.,.F.,.F.,(3,3),(0.,1.),.PIECEWISE_BEZIER_KNOTS.);
#11260 = CARTESIAN_POINT('',(44.671149156724,-2.037474685379,6.88671885)
  );
#11261 = CARTESIAN_POINT('',(44.688603556326,-2.317693326176,
    6.697509865625));
#11262 = CARTESIAN_POINT('',(44.717441260015,-2.780663254449,
    6.697509865625));
#11263 = PCURVE('',#9543,#11264);
#11264 = DEFINITIONAL_REPRESENTATION('',(#11265),#11269);
#11265 = B_SPLINE_CURVE_WITH_KNOTS('',2,(#11266,#11267,#11268),
  .UNSPECIFIED.,.F.,.F.,(3,3),(0.,1.),.PIECEWISE_BEZIER_KNOTS.);
#11266 = CARTESIAN_POINT('',(1.729736328125,2.764892578125));
#11267 = CARTESIAN_POINT('',(1.58935546875,2.9541015625));
#11268 = CARTESIAN_POINT('',(1.357421875,2.9541015625));
#11269 = ( GEOMETRIC_REPRESENTATION_CONTEXT(2) 
PARAMETRIC_REPRESENTATION_CONTEXT() REPRESENTATION_CONTEXT('2D SPACE',''
  ) );
#11270 = PCURVE('',#11271,#11278);
#11271 = B_SPLINE_SURFACE_WITH_KNOTS('',2,1,(
    (#11272,#11273)
    ,(#11274,#11275)
    ,(#11276,#11277
    )),.UNSPECIFIED.,.F.,.F.,.F.,(3,3),(2,2),(0.,1.),(-0.6,0.),
  .PIECEWISE_BEZIER_KNOTS.);
#11272 = CARTESIAN_POINT('',(44.072309737922,-2.074775496215,6.88671885)
  );
#11273 = CARTESIAN_POINT('',(44.671149156724,-2.037474685379,6.88671885)
  );
#11274 = CARTESIAN_POINT('',(44.089764137524,-2.354994137012,
    6.697509865625));
#11275 = CARTESIAN_POINT('',(44.688603556326,-2.317693326176,
    6.697509865625));
#11276 = CARTESIAN_POINT('',(44.118601841213,-2.817964065285,
    6.697509865625));
#11277 = CARTESIAN_POINT('',(44.717441260015,-2.780663254449,
    6.697509865625));
#11278 = DEFINITIONAL_REPRESENTATION('',(#11279),#11283);
#11279 = B_SPLINE_CURVE_WITH_KNOTS('',2,(#11280,#11281,#11282),
  .UNSPECIFIED.,.F.,.F.,(3,3),(0.,1.),.PIECEWISE_BEZIER_KNOTS.);
#11280 = CARTESIAN_POINT('',(3.793284286943E-18,-1.423858292259E-14));
#11281 = CARTESIAN_POINT('',(0.5,-8.370082074408E-16));
#11282 = CARTESIAN_POINT('',(1.,0.));
#11283 = ( GEOMETRIC_REPRESENTATION_CONTEXT(2) 
PARAMETRIC_REPRESENTATION_CONTEXT() REPRESENTATION_CONTEXT('2D SPACE',''
  ) );
#11284 = ORIENTED_EDGE('',*,*,#11285,.T.);
#11285 = EDGE_CURVE('',#11256,#11286,#11288,.T.);
#11286 = VERTEX_POINT('',#11287);
#11287 = CARTESIAN_POINT('',(44.761912034652,-3.494611617523,
    6.8623047875));
#11288 = SURFACE_CURVE('',#11289,(#11293,#11300),.PCURVE_S1.);
#11289 = B_SPLINE_CURVE_WITH_KNOTS('',2,(#11290,#11291,#11292),
  .UNSPECIFIED.,.F.,.F.,(3,3),(0.,1.),.PIECEWISE_BEZIER_KNOTS.);
#11290 = CARTESIAN_POINT('',(44.717441260015,-2.780663254449,
    6.697509865625));
#11291 = CARTESIAN_POINT('',(44.745671854153,-3.23388644739,
    6.697509865625));
#11292 = CARTESIAN_POINT('',(44.761912034652,-3.494611617523,
    6.8623047875));
#11293 = PCURVE('',#9543,#11294);
#11294 = DEFINITIONAL_REPRESENTATION('',(#11295),#11299);
#11295 = B_SPLINE_CURVE_WITH_KNOTS('',2,(#11296,#11297,#11298),
  .UNSPECIFIED.,.F.,.F.,(3,3),(0.,1.),.PIECEWISE_BEZIER_KNOTS.);
#11296 = CARTESIAN_POINT('',(1.357421875,2.9541015625));
#11297 = CARTESIAN_POINT('',(1.13037109375,2.9541015625));
#11298 = CARTESIAN_POINT('',(0.999755859375,2.789306640625));
#11299 = ( GEOMETRIC_REPRESENTATION_CONTEXT(2) 
PARAMETRIC_REPRESENTATION_CONTEXT() REPRESENTATION_CONTEXT('2D SPACE',''
  ) );
#11300 = PCURVE('',#11301,#11308);
#11301 = B_SPLINE_SURFACE_WITH_KNOTS('',2,1,(
    (#11302,#11303)
    ,(#11304,#11305)
    ,(#11306,#11307
    )),.UNSPECIFIED.,.F.,.F.,.F.,(3,3),(2,2),(0.,1.),(-0.6,0.),
  .PIECEWISE_BEZIER_KNOTS.);
#11302 = CARTESIAN_POINT('',(44.118601841213,-2.817964065285,
    6.697509865625));
#11303 = CARTESIAN_POINT('',(44.717441260015,-2.780663254449,
    6.697509865625));
#11304 = CARTESIAN_POINT('',(44.146832435351,-3.271187258226,
    6.697509865625));
#11305 = CARTESIAN_POINT('',(44.745671854153,-3.23388644739,
    6.697509865625));
#11306 = CARTESIAN_POINT('',(44.16307261585,-3.531912428358,6.8623047875
    ));
#11307 = CARTESIAN_POINT('',(44.761912034652,-3.494611617523,
    6.8623047875));
#11308 = DEFINITIONAL_REPRESENTATION('',(#11309),#11313);
#11309 = B_SPLINE_CURVE_WITH_KNOTS('',2,(#11310,#11311,#11312),
  .UNSPECIFIED.,.F.,.F.,(3,3),(0.,1.),.PIECEWISE_BEZIER_KNOTS.);
#11310 = CARTESIAN_POINT('',(9.760596390916E-16,-2.760814601775E-17));
#11311 = CARTESIAN_POINT('',(0.5,5.007061367269E-15));
#11312 = CARTESIAN_POINT('',(1.,0.));
#11313 = ( GEOMETRIC_REPRESENTATION_CONTEXT(2) 
PARAMETRIC_REPRESENTATION_CONTEXT() REPRESENTATION_CONTEXT('2D SPACE',''
  ) );
#11314 = ORIENTED_EDGE('',*,*,#11315,.T.);
#11315 = EDGE_CURVE('',#11286,#11316,#11318,.T.);
#11316 = VERTEX_POINT('',#11317);
#11317 = CARTESIAN_POINT('',(44.778152215151,-3.755336787656,
    7.317627053125));
#11318 = SURFACE_CURVE('',#11319,(#11323,#11330),.PCURVE_S1.);
#11319 = B_SPLINE_CURVE_WITH_KNOTS('',2,(#11320,#11321,#11322),
  .UNSPECIFIED.,.F.,.F.,(3,3),(0.,1.),.PIECEWISE_BEZIER_KNOTS.);
#11320 = CARTESIAN_POINT('',(44.761912034652,-3.494611617523,
    6.8623047875));
#11321 = CARTESIAN_POINT('',(44.778152215151,-3.755336787656,
    7.027099709375));
#11322 = CARTESIAN_POINT('',(44.778152215151,-3.755336787656,
    7.317627053125));
#11323 = PCURVE('',#9543,#11324);
#11324 = DEFINITIONAL_REPRESENTATION('',(#11325),#11329);
#11325 = B_SPLINE_CURVE_WITH_KNOTS('',2,(#11326,#11327,#11328),
  .UNSPECIFIED.,.F.,.F.,(3,3),(0.,1.),.PIECEWISE_BEZIER_KNOTS.);
#11326 = CARTESIAN_POINT('',(0.999755859375,2.789306640625));
#11327 = CARTESIAN_POINT('',(0.869140625,2.62451171875));
#11328 = CARTESIAN_POINT('',(0.869140625,2.333984375));
#11329 = ( GEOMETRIC_REPRESENTATION_CONTEXT(2) 
PARAMETRIC_REPRESENTATION_CONTEXT() REPRESENTATION_CONTEXT('2D SPACE',''
  ) );
#11330 = PCURVE('',#11331,#11338);
#11331 = B_SPLINE_SURFACE_WITH_KNOTS('',2,1,(
    (#11332,#11333)
    ,(#11334,#11335)
    ,(#11336,#11337
    )),.UNSPECIFIED.,.F.,.F.,.F.,(3,3),(2,2),(0.,1.),(-0.6,0.),
  .PIECEWISE_BEZIER_KNOTS.);
#11332 = CARTESIAN_POINT('',(44.16307261585,-3.531912428358,6.8623047875
    ));
#11333 = CARTESIAN_POINT('',(44.761912034652,-3.494611617523,
    6.8623047875));
#11334 = CARTESIAN_POINT('',(44.179312796349,-3.792637598491,
    7.027099709375));
#11335 = CARTESIAN_POINT('',(44.778152215151,-3.755336787656,
    7.027099709375));
#11336 = CARTESIAN_POINT('',(44.179312796349,-3.792637598491,
    7.317627053125));
#11337 = CARTESIAN_POINT('',(44.778152215151,-3.755336787656,
    7.317627053125));
#11338 = DEFINITIONAL_REPRESENTATION('',(#11339),#11343);
#11339 = B_SPLINE_CURVE_WITH_KNOTS('',2,(#11340,#11341,#11342),
  .UNSPECIFIED.,.F.,.F.,(3,3),(0.,1.),.PIECEWISE_BEZIER_KNOTS.);
#11340 = CARTESIAN_POINT('',(0.,0.));
#11341 = CARTESIAN_POINT('',(0.5,-1.651830755429E-15));
#11342 = CARTESIAN_POINT('',(1.,-7.119291461293E-15));
#11343 = ( GEOMETRIC_REPRESENTATION_CONTEXT(2) 
PARAMETRIC_REPRESENTATION_CONTEXT() REPRESENTATION_CONTEXT('2D SPACE',''
  ) );
#11344 = ORIENTED_EDGE('',*,*,#11345,.T.);
#11345 = EDGE_CURVE('',#11316,#11346,#11348,.T.);
#11346 = VERTEX_POINT('',#11347);
#11347 = CARTESIAN_POINT('',(44.76206381204,-3.497048301356,7.775390725)
  );
#11348 = SURFACE_CURVE('',#11349,(#11353,#11360),.PCURVE_S1.);
#11349 = B_SPLINE_CURVE_WITH_KNOTS('',2,(#11350,#11351,#11352),
  .UNSPECIFIED.,.F.,.F.,(3,3),(0.,1.),.PIECEWISE_BEZIER_KNOTS.);
#11350 = CARTESIAN_POINT('',(44.778152215151,-3.755336787656,
    7.317627053125));
#11351 = CARTESIAN_POINT('',(44.778152215151,-3.755336787656,
    7.603271584375));
#11352 = CARTESIAN_POINT('',(44.76206381204,-3.497048301356,7.775390725)
  );
#11353 = PCURVE('',#9543,#11354);
#11354 = DEFINITIONAL_REPRESENTATION('',(#11355),#11359);
#11355 = B_SPLINE_CURVE_WITH_KNOTS('',2,(#11356,#11357,#11358),
  .UNSPECIFIED.,.F.,.F.,(3,3),(0.,1.),.PIECEWISE_BEZIER_KNOTS.);
#11356 = CARTESIAN_POINT('',(0.869140625,2.333984375));
#11357 = CARTESIAN_POINT('',(0.869140625,2.04833984375));
#11358 = CARTESIAN_POINT('',(0.99853515625,1.876220703125));
#11359 = ( GEOMETRIC_REPRESENTATION_CONTEXT(2) 
PARAMETRIC_REPRESENTATION_CONTEXT() REPRESENTATION_CONTEXT('2D SPACE',''
  ) );
#11360 = PCURVE('',#11361,#11368);
#11361 = B_SPLINE_SURFACE_WITH_KNOTS('',2,1,(
    (#11362,#11363)
    ,(#11364,#11365)
    ,(#11366,#11367
    )),.UNSPECIFIED.,.F.,.F.,.F.,(3,3),(2,2),(0.,1.),(-0.6,0.),
  .PIECEWISE_BEZIER_KNOTS.);
#11362 = CARTESIAN_POINT('',(44.179312796349,-3.792637598491,
    7.317627053125));
#11363 = CARTESIAN_POINT('',(44.778152215151,-3.755336787656,
    7.317627053125));
#11364 = CARTESIAN_POINT('',(44.179312796349,-3.792637598491,
    7.603271584375));
#11365 = CARTESIAN_POINT('',(44.778152215151,-3.755336787656,
    7.603271584375));
#11366 = CARTESIAN_POINT('',(44.163224393238,-3.534349112191,7.775390725
    ));
#11367 = CARTESIAN_POINT('',(44.76206381204,-3.497048301356,7.775390725)
  );
#11368 = DEFINITIONAL_REPRESENTATION('',(#11369),#11373);
#11369 = B_SPLINE_CURVE_WITH_KNOTS('',2,(#11370,#11371,#11372),
  .UNSPECIFIED.,.F.,.F.,(3,3),(0.,1.),.PIECEWISE_BEZIER_KNOTS.);
#11370 = CARTESIAN_POINT('',(0.,-7.119291461293E-15));
#11371 = CARTESIAN_POINT('',(0.5,1.422406803368E-14));
#11372 = CARTESIAN_POINT('',(1.,0.));
#11373 = ( GEOMETRIC_REPRESENTATION_CONTEXT(2) 
PARAMETRIC_REPRESENTATION_CONTEXT() REPRESENTATION_CONTEXT('2D SPACE',''
  ) );
#11374 = ORIENTED_EDGE('',*,*,#11375,.T.);
#11375 = EDGE_CURVE('',#11346,#11376,#11378,.T.);
#11376 = VERTEX_POINT('',#11377);
#11377 = CARTESIAN_POINT('',(44.717137705239,-2.775789886783,
    7.947509865625));
#11378 = SURFACE_CURVE('',#11379,(#11383,#11390),.PCURVE_S1.);
#11379 = B_SPLINE_CURVE_WITH_KNOTS('',2,(#11380,#11381,#11382),
  .UNSPECIFIED.,.F.,.F.,(3,3),(0.,1.),.PIECEWISE_BEZIER_KNOTS.);
#11380 = CARTESIAN_POINT('',(44.76206381204,-3.497048301356,7.775390725)
  );
#11381 = CARTESIAN_POINT('',(44.745975408929,-3.238759815056,
    7.947509865625));
#11382 = CARTESIAN_POINT('',(44.717137705239,-2.775789886783,
    7.947509865625));
#11383 = PCURVE('',#9543,#11384);
#11384 = DEFINITIONAL_REPRESENTATION('',(#11385),#11389);
#11385 = B_SPLINE_CURVE_WITH_KNOTS('',2,(#11386,#11387,#11388),
  .UNSPECIFIED.,.F.,.F.,(3,3),(0.,1.),.PIECEWISE_BEZIER_KNOTS.);
#11386 = CARTESIAN_POINT('',(0.99853515625,1.876220703125));
#11387 = CARTESIAN_POINT('',(1.1279296875,1.7041015625));
#11388 = CARTESIAN_POINT('',(1.35986328125,1.7041015625));
#11389 = ( GEOMETRIC_REPRESENTATION_CONTEXT(2) 
PARAMETRIC_REPRESENTATION_CONTEXT() REPRESENTATION_CONTEXT('2D SPACE',''
  ) );
#11390 = PCURVE('',#11391,#11398);
#11391 = B_SPLINE_SURFACE_WITH_KNOTS('',2,1,(
    (#11392,#11393)
    ,(#11394,#11395)
    ,(#11396,#11397
    )),.UNSPECIFIED.,.F.,.F.,.F.,(3,3),(2,2),(0.,1.),(-0.6,0.),
  .PIECEWISE_BEZIER_KNOTS.);
#11392 = CARTESIAN_POINT('',(44.163224393238,-3.534349112191,7.775390725
    ));
#11393 = CARTESIAN_POINT('',(44.76206381204,-3.497048301356,7.775390725)
  );
#11394 = CARTESIAN_POINT('',(44.147135990127,-3.276060625892,
    7.947509865625));
#11395 = CARTESIAN_POINT('',(44.745975408929,-3.238759815056,
    7.947509865625));
#11396 = CARTESIAN_POINT('',(44.118298286438,-2.813090697619,
    7.947509865625));
#11397 = CARTESIAN_POINT('',(44.717137705239,-2.775789886783,
    7.947509865625));
#11398 = DEFINITIONAL_REPRESENTATION('',(#11399),#11403);
#11399 = B_SPLINE_CURVE_WITH_KNOTS('',2,(#11400,#11401,#11402),
  .UNSPECIFIED.,.F.,.F.,(3,3),(0.,1.),.PIECEWISE_BEZIER_KNOTS.);
#11400 = CARTESIAN_POINT('',(-6.205325911885E-16,-7.146899607311E-15));
#11401 = CARTESIAN_POINT('',(0.5,-7.147765745225E-15));
#11402 = CARTESIAN_POINT('',(1.,-7.091683315275E-15));
#11403 = ( GEOMETRIC_REPRESENTATION_CONTEXT(2) 
PARAMETRIC_REPRESENTATION_CONTEXT() REPRESENTATION_CONTEXT('2D SPACE',''
  ) );
#11404 = ORIENTED_EDGE('',*,*,#11405,.T.);
#11405 = EDGE_CURVE('',#11376,#11406,#11408,.T.);
#11406 = VERTEX_POINT('',#11407);
#11407 = CARTESIAN_POINT('',(44.671756266275,-2.047221420712,
    7.79736338125));
#11408 = SURFACE_CURVE('',#11409,(#11413,#11420),.PCURVE_S1.);
#11409 = B_SPLINE_CURVE_WITH_KNOTS('',2,(#11410,#11411,#11412),
  .UNSPECIFIED.,.F.,.F.,(3,3),(0.,1.),.PIECEWISE_BEZIER_KNOTS.);
#11410 = CARTESIAN_POINT('',(44.717137705239,-2.775789886783,
    7.947509865625));
#11411 = CARTESIAN_POINT('',(44.689817775428,-2.33718679684,
    7.947509865625));
#11412 = CARTESIAN_POINT('',(44.671756266275,-2.047221420712,
    7.79736338125));
#11413 = PCURVE('',#9543,#11414);
#11414 = DEFINITIONAL_REPRESENTATION('',(#11415),#11419);
#11415 = B_SPLINE_CURVE_WITH_KNOTS('',2,(#11416,#11417,#11418),
  .UNSPECIFIED.,.F.,.F.,(3,3),(0.,1.),.PIECEWISE_BEZIER_KNOTS.);
#11416 = CARTESIAN_POINT('',(1.35986328125,1.7041015625));
#11417 = CARTESIAN_POINT('',(1.57958984375,1.7041015625));
#11418 = CARTESIAN_POINT('',(1.724853515625,1.854248046875));
#11419 = ( GEOMETRIC_REPRESENTATION_CONTEXT(2) 
PARAMETRIC_REPRESENTATION_CONTEXT() REPRESENTATION_CONTEXT('2D SPACE',''
  ) );
#11420 = PCURVE('',#11421,#11428);
#11421 = B_SPLINE_SURFACE_WITH_KNOTS('',2,1,(
    (#11422,#11423)
    ,(#11424,#11425)
    ,(#11426,#11427
    )),.UNSPECIFIED.,.F.,.F.,.F.,(3,3),(2,2),(0.,1.),(-0.6,0.),
  .PIECEWISE_BEZIER_KNOTS.);
#11422 = CARTESIAN_POINT('',(44.118298286438,-2.813090697619,
    7.947509865625));
#11423 = CARTESIAN_POINT('',(44.717137705239,-2.775789886783,
    7.947509865625));
#11424 = CARTESIAN_POINT('',(44.090978356626,-2.374487607676,
    7.947509865625));
#11425 = CARTESIAN_POINT('',(44.689817775428,-2.33718679684,
    7.947509865625));
#11426 = CARTESIAN_POINT('',(44.072916847474,-2.084522231547,
    7.79736338125));
#11427 = CARTESIAN_POINT('',(44.671756266275,-2.047221420712,
    7.79736338125));
#11428 = DEFINITIONAL_REPRESENTATION('',(#11429),#11433);
#11429 = B_SPLINE_CURVE_WITH_KNOTS('',2,(#11430,#11431,#11432),
  .UNSPECIFIED.,.F.,.F.,(3,3),(0.,1.),.PIECEWISE_BEZIER_KNOTS.);
#11430 = CARTESIAN_POINT('',(1.005181920789E-15,-7.091683315275E-15));
#11431 = CARTESIAN_POINT('',(0.5,-2.674849547905E-15));
#11432 = CARTESIAN_POINT('',(1.,0.));
#11433 = ( GEOMETRIC_REPRESENTATION_CONTEXT(2) 
PARAMETRIC_REPRESENTATION_CONTEXT() REPRESENTATION_CONTEXT('2D SPACE',''
  ) );
#11434 = ORIENTED_EDGE('',*,*,#11435,.T.);
#11435 = EDGE_CURVE('',#11406,#11224,#11436,.T.);
#11436 = SURFACE_CURVE('',#11437,(#11441,#11448),.PCURVE_S1.);
#11437 = B_SPLINE_CURVE_WITH_KNOTS('',2,(#11438,#11439,#11440),
  .UNSPECIFIED.,.F.,.F.,(3,3),(0.,1.),.PIECEWISE_BEZIER_KNOTS.);
#11438 = CARTESIAN_POINT('',(44.671756266275,-2.047221420712,
    7.79736338125));
#11439 = CARTESIAN_POINT('',(44.653694757123,-1.757256044583,
    7.647216896875));
#11440 = CARTESIAN_POINT('',(44.653694757123,-1.757256044583,
    7.395752053125));
#11441 = PCURVE('',#9543,#11442);
#11442 = DEFINITIONAL_REPRESENTATION('',(#11443),#11447);
#11443 = B_SPLINE_CURVE_WITH_KNOTS('',2,(#11444,#11445,#11446),
  .UNSPECIFIED.,.F.,.F.,(3,3),(0.,1.),.PIECEWISE_BEZIER_KNOTS.);
#11444 = CARTESIAN_POINT('',(1.724853515625,1.854248046875));
#11445 = CARTESIAN_POINT('',(1.8701171875,2.00439453125));
#11446 = CARTESIAN_POINT('',(1.8701171875,2.255859375));
#11447 = ( GEOMETRIC_REPRESENTATION_CONTEXT(2) 
PARAMETRIC_REPRESENTATION_CONTEXT() REPRESENTATION_CONTEXT('2D SPACE',''
  ) );
#11448 = PCURVE('',#11449,#11456);
#11449 = B_SPLINE_SURFACE_WITH_KNOTS('',2,1,(
    (#11450,#11451)
    ,(#11452,#11453)
    ,(#11454,#11455
    )),.UNSPECIFIED.,.F.,.F.,.F.,(3,3),(2,2),(0.,1.),(-0.6,0.),
  .PIECEWISE_BEZIER_KNOTS.);
#11450 = CARTESIAN_POINT('',(44.072916847474,-2.084522231547,
    7.79736338125));
#11451 = CARTESIAN_POINT('',(44.671756266275,-2.047221420712,
    7.79736338125));
#11452 = CARTESIAN_POINT('',(44.054855338321,-1.794556855418,
    7.647216896875));
#11453 = CARTESIAN_POINT('',(44.653694757123,-1.757256044583,
    7.647216896875));
#11454 = CARTESIAN_POINT('',(44.054855338321,-1.794556855418,
    7.395752053125));
#11455 = CARTESIAN_POINT('',(44.653694757123,-1.757256044583,
    7.395752053125));
#11456 = DEFINITIONAL_REPRESENTATION('',(#11457),#11461);
#11457 = B_SPLINE_CURVE_WITH_KNOTS('',2,(#11458,#11459,#11460),
  .UNSPECIFIED.,.F.,.F.,(3,3),(0.,1.),.PIECEWISE_BEZIER_KNOTS.);
#11458 = CARTESIAN_POINT('',(0.,0.));
#11459 = CARTESIAN_POINT('',(0.5,-9.8299695308E-16));
#11460 = CARTESIAN_POINT('',(1.,-1.418336663055E-14));
#11461 = ( GEOMETRIC_REPRESENTATION_CONTEXT(2) 
PARAMETRIC_REPRESENTATION_CONTEXT() REPRESENTATION_CONTEXT('2D SPACE',''
  ) );
#11462 = ADVANCED_FACE('',(#11463,#11483,#11665),#10311,.T.);
#11463 = FACE_BOUND('',#11464,.F.);
#11464 = EDGE_LOOP('',(#11465,#11466,#11467,#11468,#11469,#11470,#11471,
    #11472,#11473,#11474,#11475,#11476,#11477,#11478,#11479,#11480,
    #11481,#11482));
#11465 = ORIENTED_EDGE('',*,*,#10293,.T.);
#11466 = ORIENTED_EDGE('',*,*,#11125,.T.);
#11467 = ORIENTED_EDGE('',*,*,#11077,.T.);
#11468 = ORIENTED_EDGE('',*,*,#11029,.T.);
#11469 = ORIENTED_EDGE('',*,*,#10981,.T.);
#11470 = ORIENTED_EDGE('',*,*,#10933,.T.);
#11471 = ORIENTED_EDGE('',*,*,#10889,.T.);
#11472 = ORIENTED_EDGE('',*,*,#10842,.T.);
#11473 = ORIENTED_EDGE('',*,*,#10794,.T.);
#11474 = ORIENTED_EDGE('',*,*,#10746,.T.);
#11475 = ORIENTED_EDGE('',*,*,#10698,.T.);
#11476 = ORIENTED_EDGE('',*,*,#10650,.T.);
#11477 = ORIENTED_EDGE('',*,*,#10602,.T.);
#11478 = ORIENTED_EDGE('',*,*,#10554,.T.);
#11479 = ORIENTED_EDGE('',*,*,#10506,.T.);
#11480 = ORIENTED_EDGE('',*,*,#10462,.T.);
#11481 = ORIENTED_EDGE('',*,*,#10415,.T.);
#11482 = ORIENTED_EDGE('',*,*,#10367,.T.);
#11483 = FACE_BOUND('',#11484,.F.);
#11484 = EDGE_LOOP('',(#11485,#11517,#11547,#11577,#11607,#11637));
#11485 = ORIENTED_EDGE('',*,*,#11486,.T.);
#11486 = EDGE_CURVE('',#11487,#11489,#11491,.T.);
#11487 = VERTEX_POINT('',#11488);
#11488 = CARTESIAN_POINT('',(44.768742017105,-7.395737609991,
    7.112548928125));
#11489 = VERTEX_POINT('',#11490);
#11490 = CARTESIAN_POINT('',(44.754778497424,-7.619912522629,
    6.7548829125));
#11491 = SURFACE_CURVE('',#11492,(#11496,#11503),.PCURVE_S1.);
#11492 = B_SPLINE_CURVE_WITH_KNOTS('',2,(#11493,#11494,#11495),
  .UNSPECIFIED.,.F.,.F.,(3,3),(0.,1.),.PIECEWISE_BEZIER_KNOTS.);
#11493 = CARTESIAN_POINT('',(44.768742017105,-7.395737609991,
    7.112548928125));
#11494 = CARTESIAN_POINT('',(44.768742017105,-7.395737609991,
    6.868408303125));
#11495 = CARTESIAN_POINT('',(44.754778497424,-7.619912522629,
    6.7548829125));
#11496 = PCURVE('',#10311,#11497);
#11497 = DEFINITIONAL_REPRESENTATION('',(#11498),#11502);
#11498 = B_SPLINE_CURVE_WITH_KNOTS('',2,(#11499,#11500,#11501),
  .UNSPECIFIED.,.F.,.F.,(3,3),(0.,1.),.PIECEWISE_BEZIER_KNOTS.);
#11499 = CARTESIAN_POINT('',(1.8359375,2.5390625));
#11500 = CARTESIAN_POINT('',(1.8359375,2.783203125));
#11501 = CARTESIAN_POINT('',(1.7236328125,2.896728515625));
#11502 = ( GEOMETRIC_REPRESENTATION_CONTEXT(2) 
PARAMETRIC_REPRESENTATION_CONTEXT() REPRESENTATION_CONTEXT('2D SPACE',''
  ) );
#11503 = PCURVE('',#11504,#11511);
#11504 = B_SPLINE_SURFACE_WITH_KNOTS('',2,1,(
    (#11505,#11506)
    ,(#11507,#11508)
    ,(#11509,#11510
    )),.UNSPECIFIED.,.F.,.F.,.F.,(3,3),(2,2),(0.,1.),(-0.6,0.),
  .PIECEWISE_BEZIER_KNOTS.);
#11505 = CARTESIAN_POINT('',(44.169902598303,-7.358436799156,
    7.112548928125));
#11506 = CARTESIAN_POINT('',(44.768742017105,-7.395737609991,
    7.112548928125));
#11507 = CARTESIAN_POINT('',(44.169902598303,-7.358436799156,
    6.868408303125));
#11508 = CARTESIAN_POINT('',(44.768742017105,-7.395737609991,
    6.868408303125));
#11509 = CARTESIAN_POINT('',(44.155939078622,-7.582611711794,
    6.7548829125));
#11510 = CARTESIAN_POINT('',(44.754778497424,-7.619912522629,
    6.7548829125));
#11511 = DEFINITIONAL_REPRESENTATION('',(#11512),#11516);
#11512 = B_SPLINE_CURVE_WITH_KNOTS('',2,(#11513,#11514,#11515),
  .UNSPECIFIED.,.F.,.F.,(3,3),(0.,1.),.PIECEWISE_BEZIER_KNOTS.);
#11513 = CARTESIAN_POINT('',(0.,7.091683315275E-15));
#11514 = CARTESIAN_POINT('',(0.5,1.903798145362E-14));
#11515 = CARTESIAN_POINT('',(1.,0.));
#11516 = ( GEOMETRIC_REPRESENTATION_CONTEXT(2) 
PARAMETRIC_REPRESENTATION_CONTEXT() REPRESENTATION_CONTEXT('2D SPACE',''
  ) );
#11517 = ORIENTED_EDGE('',*,*,#11518,.T.);
#11518 = EDGE_CURVE('',#11489,#11519,#11521,.T.);
#11519 = VERTEX_POINT('',#11520);
#11520 = CARTESIAN_POINT('',(44.712584383604,-8.297310628207,
    6.641357521875));
#11521 = SURFACE_CURVE('',#11522,(#11526,#11533),.PCURVE_S1.);
#11522 = B_SPLINE_CURVE_WITH_KNOTS('',2,(#11523,#11524,#11525),
  .UNSPECIFIED.,.F.,.F.,(3,3),(0.,1.),.PIECEWISE_BEZIER_KNOTS.);
#11523 = CARTESIAN_POINT('',(44.754778497424,-7.619912522629,
    6.7548829125));
#11524 = CARTESIAN_POINT('',(44.740814977742,-7.844087435266,
    6.641357521875));
#11525 = CARTESIAN_POINT('',(44.712584383604,-8.297310628207,
    6.641357521875));
#11526 = PCURVE('',#10311,#11527);
#11527 = DEFINITIONAL_REPRESENTATION('',(#11528),#11532);
#11528 = B_SPLINE_CURVE_WITH_KNOTS('',2,(#11529,#11530,#11531),
  .UNSPECIFIED.,.F.,.F.,(3,3),(0.,1.),.PIECEWISE_BEZIER_KNOTS.);
#11529 = CARTESIAN_POINT('',(1.7236328125,2.896728515625));
#11530 = CARTESIAN_POINT('',(1.611328125,3.01025390625));
#11531 = CARTESIAN_POINT('',(1.38427734375,3.01025390625));
#11532 = ( GEOMETRIC_REPRESENTATION_CONTEXT(2) 
PARAMETRIC_REPRESENTATION_CONTEXT() REPRESENTATION_CONTEXT('2D SPACE',''
  ) );
#11533 = PCURVE('',#11534,#11541);
#11534 = B_SPLINE_SURFACE_WITH_KNOTS('',2,1,(
    (#11535,#11536)
    ,(#11537,#11538)
    ,(#11539,#11540
    )),.UNSPECIFIED.,.F.,.F.,.F.,(3,3),(2,2),(0.,1.),(-0.6,0.),
  .PIECEWISE_BEZIER_KNOTS.);
#11535 = CARTESIAN_POINT('',(44.155939078622,-7.582611711794,
    6.7548829125));
#11536 = CARTESIAN_POINT('',(44.754778497424,-7.619912522629,
    6.7548829125));
#11537 = CARTESIAN_POINT('',(44.14197555894,-7.806786624431,
    6.641357521875));
#11538 = CARTESIAN_POINT('',(44.740814977742,-7.844087435266,
    6.641357521875));
#11539 = CARTESIAN_POINT('',(44.113744964802,-8.260009817372,
    6.641357521875));
#11540 = CARTESIAN_POINT('',(44.712584383604,-8.297310628207,
    6.641357521875));
#11541 = DEFINITIONAL_REPRESENTATION('',(#11542),#11546);
#11542 = B_SPLINE_CURVE_WITH_KNOTS('',2,(#11543,#11544,#11545),
  .UNSPECIFIED.,.F.,.F.,(3,3),(0.,1.),.PIECEWISE_BEZIER_KNOTS.);
#11543 = CARTESIAN_POINT('',(0.,0.));
#11544 = CARTESIAN_POINT('',(0.5,1.335065082046E-14));
#11545 = CARTESIAN_POINT('',(1.,0.));
#11546 = ( GEOMETRIC_REPRESENTATION_CONTEXT(2) 
PARAMETRIC_REPRESENTATION_CONTEXT() REPRESENTATION_CONTEXT('2D SPACE',''
  ) );
#11547 = ORIENTED_EDGE('',*,*,#11548,.T.);
#11548 = EDGE_CURVE('',#11519,#11549,#11551,.T.);
#11549 = VERTEX_POINT('',#11550);
#11550 = CARTESIAN_POINT('',(44.657337414431,-9.184263543425,
    7.112548928125));
#11551 = SURFACE_CURVE('',#11552,(#11556,#11563),.PCURVE_S1.);
#11552 = B_SPLINE_CURVE_WITH_KNOTS('',2,(#11553,#11554,#11555),
  .UNSPECIFIED.,.F.,.F.,(3,3),(0.,1.),.PIECEWISE_BEZIER_KNOTS.);
#11553 = CARTESIAN_POINT('',(44.712584383604,-8.297310628207,
    6.641357521875));
#11554 = CARTESIAN_POINT('',(44.657337414431,-9.184263543425,
    6.641357521875));
#11555 = CARTESIAN_POINT('',(44.657337414431,-9.184263543425,
    7.112548928125));
#11556 = PCURVE('',#10311,#11557);
#11557 = DEFINITIONAL_REPRESENTATION('',(#11558),#11562);
#11558 = B_SPLINE_CURVE_WITH_KNOTS('',2,(#11559,#11560,#11561),
  .UNSPECIFIED.,.F.,.F.,(3,3),(0.,1.),.PIECEWISE_BEZIER_KNOTS.);
#11559 = CARTESIAN_POINT('',(1.38427734375,3.01025390625));
#11560 = CARTESIAN_POINT('',(0.93994140625,3.01025390625));
#11561 = CARTESIAN_POINT('',(0.93994140625,2.5390625));
#11562 = ( GEOMETRIC_REPRESENTATION_CONTEXT(2) 
PARAMETRIC_REPRESENTATION_CONTEXT() REPRESENTATION_CONTEXT('2D SPACE',''
  ) );
#11563 = PCURVE('',#11564,#11571);
#11564 = B_SPLINE_SURFACE_WITH_KNOTS('',2,1,(
    (#11565,#11566)
    ,(#11567,#11568)
    ,(#11569,#11570
    )),.UNSPECIFIED.,.F.,.F.,.F.,(3,3),(2,2),(0.,1.),(-0.6,0.),
  .PIECEWISE_BEZIER_KNOTS.);
#11565 = CARTESIAN_POINT('',(44.113744964802,-8.260009817372,
    6.641357521875));
#11566 = CARTESIAN_POINT('',(44.712584383604,-8.297310628207,
    6.641357521875));
#11567 = CARTESIAN_POINT('',(44.058497995629,-9.14696273259,
    6.641357521875));
#11568 = CARTESIAN_POINT('',(44.657337414431,-9.184263543425,
    6.641357521875));
#11569 = CARTESIAN_POINT('',(44.058497995629,-9.14696273259,
    7.112548928125));
#11570 = CARTESIAN_POINT('',(44.657337414431,-9.184263543425,
    7.112548928125));
#11571 = DEFINITIONAL_REPRESENTATION('',(#11572),#11576);
#11572 = B_SPLINE_CURVE_WITH_KNOTS('',2,(#11573,#11574,#11575),
  .UNSPECIFIED.,.F.,.F.,(3,3),(0.,1.),.PIECEWISE_BEZIER_KNOTS.);
#11573 = CARTESIAN_POINT('',(0.,0.));
#11574 = CARTESIAN_POINT('',(0.5,1.695408811346E-14));
#11575 = CARTESIAN_POINT('',(1.,0.));
#11576 = ( GEOMETRIC_REPRESENTATION_CONTEXT(2) 
PARAMETRIC_REPRESENTATION_CONTEXT() REPRESENTATION_CONTEXT('2D SPACE',''
  ) );
#11577 = ORIENTED_EDGE('',*,*,#11578,.T.);
#11578 = EDGE_CURVE('',#11549,#11579,#11581,.T.);
#11579 = VERTEX_POINT('',#11580);
#11580 = CARTESIAN_POINT('',(44.713191493156,-8.287563892875,
    7.605712990625));
#11581 = SURFACE_CURVE('',#11582,(#11586,#11593),.PCURVE_S1.);
#11582 = B_SPLINE_CURVE_WITH_KNOTS('',2,(#11583,#11584,#11585),
  .UNSPECIFIED.,.F.,.F.,(3,3),(0.,1.),.PIECEWISE_BEZIER_KNOTS.);
#11583 = CARTESIAN_POINT('',(44.657337414431,-9.184263543425,
    7.112548928125));
#11584 = CARTESIAN_POINT('',(44.657337414431,-9.184263543425,
    7.605712990625));
#11585 = CARTESIAN_POINT('',(44.713191493156,-8.287563892875,
    7.605712990625));
#11586 = PCURVE('',#10311,#11587);
#11587 = DEFINITIONAL_REPRESENTATION('',(#11588),#11592);
#11588 = B_SPLINE_CURVE_WITH_KNOTS('',2,(#11589,#11590,#11591),
  .UNSPECIFIED.,.F.,.F.,(3,3),(0.,1.),.PIECEWISE_BEZIER_KNOTS.);
#11589 = CARTESIAN_POINT('',(0.93994140625,2.5390625));
#11590 = CARTESIAN_POINT('',(0.93994140625,2.0458984375));
#11591 = CARTESIAN_POINT('',(1.38916015625,2.0458984375));
#11592 = ( GEOMETRIC_REPRESENTATION_CONTEXT(2) 
PARAMETRIC_REPRESENTATION_CONTEXT() REPRESENTATION_CONTEXT('2D SPACE',''
  ) );
#11593 = PCURVE('',#11594,#11601);
#11594 = B_SPLINE_SURFACE_WITH_KNOTS('',2,1,(
    (#11595,#11596)
    ,(#11597,#11598)
    ,(#11599,#11600
    )),.UNSPECIFIED.,.F.,.F.,.F.,(3,3),(2,2),(0.,1.),(-0.6,0.),
  .PIECEWISE_BEZIER_KNOTS.);
#11595 = CARTESIAN_POINT('',(44.058497995629,-9.14696273259,
    7.112548928125));
#11596 = CARTESIAN_POINT('',(44.657337414431,-9.184263543425,
    7.112548928125));
#11597 = CARTESIAN_POINT('',(44.058497995629,-9.14696273259,
    7.605712990625));
#11598 = CARTESIAN_POINT('',(44.657337414431,-9.184263543425,
    7.605712990625));
#11599 = CARTESIAN_POINT('',(44.114352074354,-8.25026308204,
    7.605712990625));
#11600 = CARTESIAN_POINT('',(44.713191493156,-8.287563892875,
    7.605712990625));
#11601 = DEFINITIONAL_REPRESENTATION('',(#11602),#11606);
#11602 = B_SPLINE_CURVE_WITH_KNOTS('',2,(#11603,#11604,#11605),
  .UNSPECIFIED.,.F.,.F.,(3,3),(0.,1.),.PIECEWISE_BEZIER_KNOTS.);
#11603 = CARTESIAN_POINT('',(0.,0.));
#11604 = CARTESIAN_POINT('',(0.5,4.58018304983E-15));
#11605 = CARTESIAN_POINT('',(1.,0.));
#11606 = ( GEOMETRIC_REPRESENTATION_CONTEXT(2) 
PARAMETRIC_REPRESENTATION_CONTEXT() REPRESENTATION_CONTEXT('2D SPACE',''
  ) );
#11607 = ORIENTED_EDGE('',*,*,#11608,.T.);
#11608 = EDGE_CURVE('',#11579,#11609,#11611,.T.);
#11609 = VERTEX_POINT('',#11610);
#11610 = CARTESIAN_POINT('',(44.754930274811,-7.617475838796,
    7.490966896875));
#11611 = SURFACE_CURVE('',#11612,(#11616,#11623),.PCURVE_S1.);
#11612 = B_SPLINE_CURVE_WITH_KNOTS('',2,(#11613,#11614,#11615),
  .UNSPECIFIED.,.F.,.F.,(3,3),(0.,1.),.PIECEWISE_BEZIER_KNOTS.);
#11613 = CARTESIAN_POINT('',(44.713191493156,-8.287563892875,
    7.605712990625));
#11614 = CARTESIAN_POINT('',(44.741118532518,-7.8392140676,
    7.605712990625));
#11615 = CARTESIAN_POINT('',(44.754930274811,-7.617475838796,
    7.490966896875));
#11616 = PCURVE('',#10311,#11617);
#11617 = DEFINITIONAL_REPRESENTATION('',(#11618),#11622);
#11618 = B_SPLINE_CURVE_WITH_KNOTS('',2,(#11619,#11620,#11621),
  .UNSPECIFIED.,.F.,.F.,(3,3),(0.,1.),.PIECEWISE_BEZIER_KNOTS.);
#11619 = CARTESIAN_POINT('',(1.38916015625,2.0458984375));
#11620 = CARTESIAN_POINT('',(1.61376953125,2.0458984375));
#11621 = CARTESIAN_POINT('',(1.724853515625,2.16064453125));
#11622 = ( GEOMETRIC_REPRESENTATION_CONTEXT(2) 
PARAMETRIC_REPRESENTATION_CONTEXT() REPRESENTATION_CONTEXT('2D SPACE',''
  ) );
#11623 = PCURVE('',#11624,#11631);
#11624 = B_SPLINE_SURFACE_WITH_KNOTS('',2,1,(
    (#11625,#11626)
    ,(#11627,#11628)
    ,(#11629,#11630
    )),.UNSPECIFIED.,.F.,.F.,.F.,(3,3),(2,2),(0.,1.),(-0.6,0.),
  .PIECEWISE_BEZIER_KNOTS.);
#11625 = CARTESIAN_POINT('',(44.114352074354,-8.25026308204,
    7.605712990625));
#11626 = CARTESIAN_POINT('',(44.713191493156,-8.287563892875,
    7.605712990625));
#11627 = CARTESIAN_POINT('',(44.142279113716,-7.801913256765,
    7.605712990625));
#11628 = CARTESIAN_POINT('',(44.741118532518,-7.8392140676,
    7.605712990625));
#11629 = CARTESIAN_POINT('',(44.156090856009,-7.58017502796,
    7.490966896875));
#11630 = CARTESIAN_POINT('',(44.754930274811,-7.617475838796,
    7.490966896875));
#11631 = DEFINITIONAL_REPRESENTATION('',(#11632),#11636);
#11632 = B_SPLINE_CURVE_WITH_KNOTS('',2,(#11633,#11634,#11635),
  .UNSPECIFIED.,.F.,.F.,(3,3),(0.,1.),.PIECEWISE_BEZIER_KNOTS.);
#11633 = CARTESIAN_POINT('',(0.,0.));
#11634 = CARTESIAN_POINT('',(0.5,1.783079655508E-17));
#11635 = CARTESIAN_POINT('',(1.,0.));
#11636 = ( GEOMETRIC_REPRESENTATION_CONTEXT(2) 
PARAMETRIC_REPRESENTATION_CONTEXT() REPRESENTATION_CONTEXT('2D SPACE',''
  ) );
#11637 = ORIENTED_EDGE('',*,*,#11638,.T.);
#11638 = EDGE_CURVE('',#11609,#11487,#11639,.T.);
#11639 = SURFACE_CURVE('',#11640,(#11644,#11651),.PCURVE_S1.);
#11640 = B_SPLINE_CURVE_WITH_KNOTS('',2,(#11641,#11642,#11643),
  .UNSPECIFIED.,.F.,.F.,(3,3),(0.,1.),.PIECEWISE_BEZIER_KNOTS.);
#11641 = CARTESIAN_POINT('',(44.754930274811,-7.617475838796,
    7.490966896875));
#11642 = CARTESIAN_POINT('',(44.768742017105,-7.395737609991,
    7.376220803125));
#11643 = CARTESIAN_POINT('',(44.768742017105,-7.395737609991,
    7.112548928125));
#11644 = PCURVE('',#10311,#11645);
#11645 = DEFINITIONAL_REPRESENTATION('',(#11646),#11650);
#11646 = B_SPLINE_CURVE_WITH_KNOTS('',2,(#11647,#11648,#11649),
  .UNSPECIFIED.,.F.,.F.,(3,3),(0.,1.),.PIECEWISE_BEZIER_KNOTS.);
#11647 = CARTESIAN_POINT('',(1.724853515625,2.16064453125));
#11648 = CARTESIAN_POINT('',(1.8359375,2.275390625));
#11649 = CARTESIAN_POINT('',(1.8359375,2.5390625));
#11650 = ( GEOMETRIC_REPRESENTATION_CONTEXT(2) 
PARAMETRIC_REPRESENTATION_CONTEXT() REPRESENTATION_CONTEXT('2D SPACE',''
  ) );
#11651 = PCURVE('',#11652,#11659);
#11652 = B_SPLINE_SURFACE_WITH_KNOTS('',2,1,(
    (#11653,#11654)
    ,(#11655,#11656)
    ,(#11657,#11658
    )),.UNSPECIFIED.,.F.,.F.,.F.,(3,3),(2,2),(0.,1.),(-0.6,0.),
  .PIECEWISE_BEZIER_KNOTS.);
#11653 = CARTESIAN_POINT('',(44.156090856009,-7.58017502796,
    7.490966896875));
#11654 = CARTESIAN_POINT('',(44.754930274811,-7.617475838796,
    7.490966896875));
#11655 = CARTESIAN_POINT('',(44.169902598303,-7.358436799156,
    7.376220803125));
#11656 = CARTESIAN_POINT('',(44.768742017105,-7.395737609991,
    7.376220803125));
#11657 = CARTESIAN_POINT('',(44.169902598303,-7.358436799156,
    7.112548928125));
#11658 = CARTESIAN_POINT('',(44.768742017105,-7.395737609991,
    7.112548928125));
#11659 = DEFINITIONAL_REPRESENTATION('',(#11660),#11664);
#11660 = B_SPLINE_CURVE_WITH_KNOTS('',2,(#11661,#11662,#11663),
  .UNSPECIFIED.,.F.,.F.,(3,3),(0.,1.),.PIECEWISE_BEZIER_KNOTS.);
#11661 = CARTESIAN_POINT('',(0.,0.));
#11662 = CARTESIAN_POINT('',(0.5,-5.694856786408E-17));
#11663 = CARTESIAN_POINT('',(1.,0.));
#11664 = ( GEOMETRIC_REPRESENTATION_CONTEXT(2) 
PARAMETRIC_REPRESENTATION_CONTEXT() REPRESENTATION_CONTEXT('2D SPACE',''
  ) );
#11665 = FACE_BOUND('',#11666,.F.);
#11666 = EDGE_LOOP('',(#11667,#11699,#11729,#11759,#11789,#11819,#11849)
  );
#11667 = ORIENTED_EDGE('',*,*,#11668,.T.);
#11668 = EDGE_CURVE('',#11669,#11671,#11673,.T.);
#11669 = VERTEX_POINT('',#11670);
#11670 = CARTESIAN_POINT('',(44.778759324702,-7.234916477012,
    8.626220803125));
#11671 = VERTEX_POINT('',#11672);
#11672 = CARTESIAN_POINT('',(44.711977274053,-8.307057363539,
    8.086670021875));
#11673 = SURFACE_CURVE('',#11674,(#11678,#11685),.PCURVE_S1.);
#11674 = B_SPLINE_CURVE_WITH_KNOTS('',2,(#11675,#11676,#11677),
  .UNSPECIFIED.,.F.,.F.,(3,3),(0.,1.),.PIECEWISE_BEZIER_KNOTS.);
#11675 = CARTESIAN_POINT('',(44.778759324702,-7.234916477012,
    8.626220803125));
#11676 = CARTESIAN_POINT('',(44.778759324702,-7.234916477012,
    8.086670021875));
#11677 = CARTESIAN_POINT('',(44.711977274053,-8.307057363539,
    8.086670021875));
#11678 = PCURVE('',#10311,#11679);
#11679 = DEFINITIONAL_REPRESENTATION('',(#11680),#11684);
#11680 = B_SPLINE_CURVE_WITH_KNOTS('',2,(#11681,#11682,#11683),
  .UNSPECIFIED.,.F.,.F.,(3,3),(0.,1.),.PIECEWISE_BEZIER_KNOTS.);
#11681 = CARTESIAN_POINT('',(1.91650390625,1.025390625));
#11682 = CARTESIAN_POINT('',(1.91650390625,1.56494140625));
#11683 = CARTESIAN_POINT('',(1.37939453125,1.56494140625));
#11684 = ( GEOMETRIC_REPRESENTATION_CONTEXT(2) 
PARAMETRIC_REPRESENTATION_CONTEXT() REPRESENTATION_CONTEXT('2D SPACE',''
  ) );
#11685 = PCURVE('',#11686,#11693);
#11686 = B_SPLINE_SURFACE_WITH_KNOTS('',2,1,(
    (#11687,#11688)
    ,(#11689,#11690)
    ,(#11691,#11692
    )),.UNSPECIFIED.,.F.,.F.,.F.,(3,3),(2,2),(0.,1.),(-0.6,0.),
  .PIECEWISE_BEZIER_KNOTS.);
#11687 = CARTESIAN_POINT('',(44.1799199059,-7.197615666177,
    8.626220803125));
#11688 = CARTESIAN_POINT('',(44.778759324702,-7.234916477012,
    8.626220803125));
#11689 = CARTESIAN_POINT('',(44.1799199059,-7.197615666177,
    8.086670021875));
#11690 = CARTESIAN_POINT('',(44.778759324702,-7.234916477012,
    8.086670021875));
#11691 = CARTESIAN_POINT('',(44.113137855251,-8.269756552704,
    8.086670021875));
#11692 = CARTESIAN_POINT('',(44.711977274053,-8.307057363539,
    8.086670021875));
#11693 = DEFINITIONAL_REPRESENTATION('',(#11694),#11698);
#11694 = B_SPLINE_CURVE_WITH_KNOTS('',2,(#11695,#11696,#11697),
  .UNSPECIFIED.,.F.,.F.,(3,3),(0.,1.),.PIECEWISE_BEZIER_KNOTS.);
#11695 = CARTESIAN_POINT('',(0.,7.091683315275E-15));
#11696 = CARTESIAN_POINT('',(0.5,8.858101575738E-15));
#11697 = CARTESIAN_POINT('',(1.,0.));
#11698 = ( GEOMETRIC_REPRESENTATION_CONTEXT(2) 
PARAMETRIC_REPRESENTATION_CONTEXT() REPRESENTATION_CONTEXT('2D SPACE',''
  ) );
#11699 = ORIENTED_EDGE('',*,*,#11700,.T.);
#11700 = EDGE_CURVE('',#11671,#11701,#11703,.T.);
#11701 = VERTEX_POINT('',#11702);
#11702 = CARTESIAN_POINT('',(44.664470951659,-9.069739403273,
    8.228271584375));
#11703 = SURFACE_CURVE('',#11704,(#11708,#11715),.PCURVE_S1.);
#11704 = B_SPLINE_CURVE_WITH_KNOTS('',2,(#11705,#11706,#11707),
  .UNSPECIFIED.,.F.,.F.,(3,3),(0.,1.),.PIECEWISE_BEZIER_KNOTS.);
#11705 = CARTESIAN_POINT('',(44.711977274053,-8.307057363539,
    8.086670021875));
#11706 = CARTESIAN_POINT('',(44.681014686934,-8.804140865474,
    8.086670021875));
#11707 = CARTESIAN_POINT('',(44.664470951659,-9.069739403273,
    8.228271584375));
#11708 = PCURVE('',#10311,#11709);
#11709 = DEFINITIONAL_REPRESENTATION('',(#11710),#11714);
#11710 = B_SPLINE_CURVE_WITH_KNOTS('',2,(#11711,#11712,#11713),
  .UNSPECIFIED.,.F.,.F.,(3,3),(0.,1.),.PIECEWISE_BEZIER_KNOTS.);
#11711 = CARTESIAN_POINT('',(1.37939453125,1.56494140625));
#11712 = CARTESIAN_POINT('',(1.13037109375,1.56494140625));
#11713 = CARTESIAN_POINT('',(0.997314453125,1.42333984375));
#11714 = ( GEOMETRIC_REPRESENTATION_CONTEXT(2) 
PARAMETRIC_REPRESENTATION_CONTEXT() REPRESENTATION_CONTEXT('2D SPACE',''
  ) );
#11715 = PCURVE('',#11716,#11723);
#11716 = B_SPLINE_SURFACE_WITH_KNOTS('',2,1,(
    (#11717,#11718)
    ,(#11719,#11720)
    ,(#11721,#11722
    )),.UNSPECIFIED.,.F.,.F.,.F.,(3,3),(2,2),(0.,1.),(-0.6,0.),
  .PIECEWISE_BEZIER_KNOTS.);
#11717 = CARTESIAN_POINT('',(44.113137855251,-8.269756552704,
    8.086670021875));
#11718 = CARTESIAN_POINT('',(44.711977274053,-8.307057363539,
    8.086670021875));
#11719 = CARTESIAN_POINT('',(44.082175268132,-8.766840054639,
    8.086670021875));
#11720 = CARTESIAN_POINT('',(44.681014686934,-8.804140865474,
    8.086670021875));
#11721 = CARTESIAN_POINT('',(44.065631532857,-9.032438592438,
    8.228271584375));
#11722 = CARTESIAN_POINT('',(44.664470951659,-9.069739403273,
    8.228271584375));
#11723 = DEFINITIONAL_REPRESENTATION('',(#11724),#11728);
#11724 = B_SPLINE_CURVE_WITH_KNOTS('',2,(#11725,#11726,#11727),
  .UNSPECIFIED.,.F.,.F.,(3,3),(0.,1.),.PIECEWISE_BEZIER_KNOTS.);
#11725 = CARTESIAN_POINT('',(0.,0.));
#11726 = CARTESIAN_POINT('',(0.5,0.));
#11727 = CARTESIAN_POINT('',(1.,0.));
#11728 = ( GEOMETRIC_REPRESENTATION_CONTEXT(2) 
PARAMETRIC_REPRESENTATION_CONTEXT() REPRESENTATION_CONTEXT('2D SPACE',''
  ) );
#11729 = ORIENTED_EDGE('',*,*,#11730,.T.);
#11730 = EDGE_CURVE('',#11701,#11731,#11733,.T.);
#11731 = VERTEX_POINT('',#11732);
#11732 = CARTESIAN_POINT('',(44.647927216385,-9.335337941072,
    8.635986428125));
#11733 = SURFACE_CURVE('',#11734,(#11738,#11745),.PCURVE_S1.);
#11734 = B_SPLINE_CURVE_WITH_KNOTS('',2,(#11735,#11736,#11737),
  .UNSPECIFIED.,.F.,.F.,(3,3),(0.,1.),.PIECEWISE_BEZIER_KNOTS.);
#11735 = CARTESIAN_POINT('',(44.664470951659,-9.069739403273,
    8.228271584375));
#11736 = CARTESIAN_POINT('',(44.647927216385,-9.335337941072,
    8.369873146875));
#11737 = CARTESIAN_POINT('',(44.647927216385,-9.335337941072,
    8.635986428125));
#11738 = PCURVE('',#10311,#11739);
#11739 = DEFINITIONAL_REPRESENTATION('',(#11740),#11744);
#11740 = B_SPLINE_CURVE_WITH_KNOTS('',2,(#11741,#11742,#11743),
  .UNSPECIFIED.,.F.,.F.,(3,3),(0.,1.),.PIECEWISE_BEZIER_KNOTS.);
#11741 = CARTESIAN_POINT('',(0.997314453125,1.42333984375));
#11742 = CARTESIAN_POINT('',(0.8642578125,1.28173828125));
#11743 = CARTESIAN_POINT('',(0.8642578125,1.015625));
#11744 = ( GEOMETRIC_REPRESENTATION_CONTEXT(2) 
PARAMETRIC_REPRESENTATION_CONTEXT() REPRESENTATION_CONTEXT('2D SPACE',''
  ) );
#11745 = PCURVE('',#11746,#11753);
#11746 = B_SPLINE_SURFACE_WITH_KNOTS('',2,1,(
    (#11747,#11748)
    ,(#11749,#11750)
    ,(#11751,#11752
    )),.UNSPECIFIED.,.F.,.F.,.F.,(3,3),(2,2),(0.,1.),(-0.6,0.),
  .PIECEWISE_BEZIER_KNOTS.);
#11747 = CARTESIAN_POINT('',(44.065631532857,-9.032438592438,
    8.228271584375));
#11748 = CARTESIAN_POINT('',(44.664470951659,-9.069739403273,
    8.228271584375));
#11749 = CARTESIAN_POINT('',(44.049087797583,-9.298037130237,
    8.369873146875));
#11750 = CARTESIAN_POINT('',(44.647927216385,-9.335337941072,
    8.369873146875));
#11751 = CARTESIAN_POINT('',(44.049087797583,-9.298037130237,
    8.635986428125));
#11752 = CARTESIAN_POINT('',(44.647927216385,-9.335337941072,
    8.635986428125));
#11753 = DEFINITIONAL_REPRESENTATION('',(#11754),#11758);
#11754 = B_SPLINE_CURVE_WITH_KNOTS('',2,(#11755,#11756,#11757),
  .UNSPECIFIED.,.F.,.F.,(3,3),(0.,1.),.PIECEWISE_BEZIER_KNOTS.);
#11755 = CARTESIAN_POINT('',(0.,0.));
#11756 = CARTESIAN_POINT('',(0.5,7.525072079843E-15));
#11757 = CARTESIAN_POINT('',(1.,0.));
#11758 = ( GEOMETRIC_REPRESENTATION_CONTEXT(2) 
PARAMETRIC_REPRESENTATION_CONTEXT() REPRESENTATION_CONTEXT('2D SPACE',''
  ) );
#11759 = ORIENTED_EDGE('',*,*,#11760,.T.);
#11760 = EDGE_CURVE('',#11731,#11761,#11763,.T.);
#11761 = VERTEX_POINT('',#11762);
#11762 = CARTESIAN_POINT('',(44.664319174271,-9.072176087106,
    9.077880959375));
#11763 = SURFACE_CURVE('',#11764,(#11768,#11775),.PCURVE_S1.);
#11764 = B_SPLINE_CURVE_WITH_KNOTS('',2,(#11765,#11766,#11767),
  .UNSPECIFIED.,.F.,.F.,(3,3),(0.,1.),.PIECEWISE_BEZIER_KNOTS.);
#11765 = CARTESIAN_POINT('',(44.647927216385,-9.335337941072,
    8.635986428125));
#11766 = CARTESIAN_POINT('',(44.647927216385,-9.335337941072,
    8.938720803125));
#11767 = CARTESIAN_POINT('',(44.664319174271,-9.072176087106,
    9.077880959375));
#11768 = PCURVE('',#10311,#11769);
#11769 = DEFINITIONAL_REPRESENTATION('',(#11770),#11774);
#11770 = B_SPLINE_CURVE_WITH_KNOTS('',2,(#11771,#11772,#11773),
  .UNSPECIFIED.,.F.,.F.,(3,3),(0.,1.),.PIECEWISE_BEZIER_KNOTS.);
#11771 = CARTESIAN_POINT('',(0.8642578125,1.015625));
#11772 = CARTESIAN_POINT('',(0.8642578125,0.712890625));
#11773 = CARTESIAN_POINT('',(0.99609375,0.57373046875));
#11774 = ( GEOMETRIC_REPRESENTATION_CONTEXT(2) 
PARAMETRIC_REPRESENTATION_CONTEXT() REPRESENTATION_CONTEXT('2D SPACE',''
  ) );
#11775 = PCURVE('',#11776,#11783);
#11776 = B_SPLINE_SURFACE_WITH_KNOTS('',2,1,(
    (#11777,#11778)
    ,(#11779,#11780)
    ,(#11781,#11782
    )),.UNSPECIFIED.,.F.,.F.,.F.,(3,3),(2,2),(0.,1.),(-0.6,0.),
  .PIECEWISE_BEZIER_KNOTS.);
#11777 = CARTESIAN_POINT('',(44.049087797583,-9.298037130237,
    8.635986428125));
#11778 = CARTESIAN_POINT('',(44.647927216385,-9.335337941072,
    8.635986428125));
#11779 = CARTESIAN_POINT('',(44.049087797583,-9.298037130237,
    8.938720803125));
#11780 = CARTESIAN_POINT('',(44.647927216385,-9.335337941072,
    8.938720803125));
#11781 = CARTESIAN_POINT('',(44.065479755469,-9.034875276271,
    9.077880959375));
#11782 = CARTESIAN_POINT('',(44.664319174271,-9.072176087106,
    9.077880959375));
#11783 = DEFINITIONAL_REPRESENTATION('',(#11784),#11788);
#11784 = B_SPLINE_CURVE_WITH_KNOTS('',2,(#11785,#11786,#11787),
  .UNSPECIFIED.,.F.,.F.,(3,3),(0.,1.),.PIECEWISE_BEZIER_KNOTS.);
#11785 = CARTESIAN_POINT('',(0.,0.));
#11786 = CARTESIAN_POINT('',(0.5,0.));
#11787 = CARTESIAN_POINT('',(1.,0.));
#11788 = ( GEOMETRIC_REPRESENTATION_CONTEXT(2) 
PARAMETRIC_REPRESENTATION_CONTEXT() REPRESENTATION_CONTEXT('2D SPACE',''
  ) );
#11789 = ORIENTED_EDGE('',*,*,#11790,.T.);
#11790 = EDGE_CURVE('',#11761,#11791,#11793,.T.);
#11791 = VERTEX_POINT('',#11792);
#11792 = CARTESIAN_POINT('',(44.714405712258,-8.268070422211,
    9.217041115625));
#11793 = SURFACE_CURVE('',#11794,(#11798,#11805),.PCURVE_S1.);
#11794 = B_SPLINE_CURVE_WITH_KNOTS('',2,(#11795,#11796,#11797),
  .UNSPECIFIED.,.F.,.F.,(3,3),(0.,1.),.PIECEWISE_BEZIER_KNOTS.);
#11795 = CARTESIAN_POINT('',(44.664319174271,-9.072176087106,
    9.077880959375));
#11796 = CARTESIAN_POINT('',(44.680711132158,-8.809014233141,
    9.217041115625));
#11797 = CARTESIAN_POINT('',(44.714405712258,-8.268070422211,
    9.217041115625));
#11798 = PCURVE('',#10311,#11799);
#11799 = DEFINITIONAL_REPRESENTATION('',(#11800),#11804);
#11800 = B_SPLINE_CURVE_WITH_KNOTS('',2,(#11801,#11802,#11803),
  .UNSPECIFIED.,.F.,.F.,(3,3),(0.,1.),.PIECEWISE_BEZIER_KNOTS.);
#11801 = CARTESIAN_POINT('',(0.99609375,0.57373046875));
#11802 = CARTESIAN_POINT('',(1.1279296875,0.4345703125));
#11803 = CARTESIAN_POINT('',(1.39892578125,0.4345703125));
#11804 = ( GEOMETRIC_REPRESENTATION_CONTEXT(2) 
PARAMETRIC_REPRESENTATION_CONTEXT() REPRESENTATION_CONTEXT('2D SPACE',''
  ) );
#11805 = PCURVE('',#11806,#11813);
#11806 = B_SPLINE_SURFACE_WITH_KNOTS('',2,1,(
    (#11807,#11808)
    ,(#11809,#11810)
    ,(#11811,#11812
    )),.UNSPECIFIED.,.F.,.F.,.F.,(3,3),(2,2),(0.,1.),(-0.6,0.),
  .PIECEWISE_BEZIER_KNOTS.);
#11807 = CARTESIAN_POINT('',(44.065479755469,-9.034875276271,
    9.077880959375));
#11808 = CARTESIAN_POINT('',(44.664319174271,-9.072176087106,
    9.077880959375));
#11809 = CARTESIAN_POINT('',(44.081871713356,-8.771713422305,
    9.217041115625));
#11810 = CARTESIAN_POINT('',(44.680711132158,-8.809014233141,
    9.217041115625));
#11811 = CARTESIAN_POINT('',(44.115566293456,-8.230769611376,
    9.217041115625));
#11812 = CARTESIAN_POINT('',(44.714405712258,-8.268070422211,
    9.217041115625));
#11813 = DEFINITIONAL_REPRESENTATION('',(#11814),#11818);
#11814 = B_SPLINE_CURVE_WITH_KNOTS('',2,(#11815,#11816,#11817),
  .UNSPECIFIED.,.F.,.F.,(3,3),(0.,1.),.PIECEWISE_BEZIER_KNOTS.);
#11815 = CARTESIAN_POINT('',(0.,0.));
#11816 = CARTESIAN_POINT('',(0.5,0.));
#11817 = CARTESIAN_POINT('',(1.,0.));
#11818 = ( GEOMETRIC_REPRESENTATION_CONTEXT(2) 
PARAMETRIC_REPRESENTATION_CONTEXT() REPRESENTATION_CONTEXT('2D SPACE',''
  ) );
#11819 = ORIENTED_EDGE('',*,*,#11820,.T.);
#11820 = EDGE_CURVE('',#11791,#11821,#11823,.T.);
#11821 = VERTEX_POINT('',#11822);
#11822 = CARTESIAN_POINT('',(44.763126253755,-7.485894911813,
    9.077880959375));
#11823 = SURFACE_CURVE('',#11824,(#11828,#11835),.PCURVE_S1.);
#11824 = B_SPLINE_CURVE_WITH_KNOTS('',2,(#11825,#11826,#11827),
  .UNSPECIFIED.,.F.,.F.,(3,3),(0.,1.),.PIECEWISE_BEZIER_KNOTS.);
#11825 = CARTESIAN_POINT('',(44.714405712258,-8.268070422211,
    9.217041115625));
#11826 = CARTESIAN_POINT('',(44.747493182807,-7.736873346614,
    9.217041115625));
#11827 = CARTESIAN_POINT('',(44.763126253755,-7.485894911813,
    9.077880959375));
#11828 = PCURVE('',#10311,#11829);
#11829 = DEFINITIONAL_REPRESENTATION('',(#11830),#11834);
#11830 = B_SPLINE_CURVE_WITH_KNOTS('',2,(#11831,#11832,#11833),
  .UNSPECIFIED.,.F.,.F.,(3,3),(0.,1.),.PIECEWISE_BEZIER_KNOTS.);
#11831 = CARTESIAN_POINT('',(1.39892578125,0.4345703125));
#11832 = CARTESIAN_POINT('',(1.6650390625,0.4345703125));
#11833 = CARTESIAN_POINT('',(1.790771484375,0.57373046875));
#11834 = ( GEOMETRIC_REPRESENTATION_CONTEXT(2) 
PARAMETRIC_REPRESENTATION_CONTEXT() REPRESENTATION_CONTEXT('2D SPACE',''
  ) );
#11835 = PCURVE('',#11836,#11843);
#11836 = B_SPLINE_SURFACE_WITH_KNOTS('',2,1,(
    (#11837,#11838)
    ,(#11839,#11840)
    ,(#11841,#11842
    )),.UNSPECIFIED.,.F.,.F.,.F.,(3,3),(2,2),(0.,1.),(-0.6,0.),
  .PIECEWISE_BEZIER_KNOTS.);
#11837 = CARTESIAN_POINT('',(44.115566293456,-8.230769611376,
    9.217041115625));
#11838 = CARTESIAN_POINT('',(44.714405712258,-8.268070422211,
    9.217041115625));
#11839 = CARTESIAN_POINT('',(44.148653764005,-7.699572535778,
    9.217041115625));
#11840 = CARTESIAN_POINT('',(44.747493182807,-7.736873346614,
    9.217041115625));
#11841 = CARTESIAN_POINT('',(44.164286834953,-7.448594100978,
    9.077880959375));
#11842 = CARTESIAN_POINT('',(44.763126253755,-7.485894911813,
    9.077880959375));
#11843 = DEFINITIONAL_REPRESENTATION('',(#11844),#11848);
#11844 = B_SPLINE_CURVE_WITH_KNOTS('',2,(#11845,#11846,#11847),
  .UNSPECIFIED.,.F.,.F.,(3,3),(0.,1.),.PIECEWISE_BEZIER_KNOTS.);
#11845 = CARTESIAN_POINT('',(0.,0.));
#11846 = CARTESIAN_POINT('',(0.5,1.137682858556E-14));
#11847 = CARTESIAN_POINT('',(1.,7.146899607311E-15));
#11848 = ( GEOMETRIC_REPRESENTATION_CONTEXT(2) 
PARAMETRIC_REPRESENTATION_CONTEXT() REPRESENTATION_CONTEXT('2D SPACE',''
  ) );
#11849 = ORIENTED_EDGE('',*,*,#11850,.T.);
#11850 = EDGE_CURVE('',#11821,#11669,#11851,.T.);
#11851 = SURFACE_CURVE('',#11852,(#11856,#11863),.PCURVE_S1.);
#11852 = B_SPLINE_CURVE_WITH_KNOTS('',2,(#11853,#11854,#11855),
  .UNSPECIFIED.,.F.,.F.,(3,3),(0.,1.),.PIECEWISE_BEZIER_KNOTS.);
#11853 = CARTESIAN_POINT('',(44.763126253755,-7.485894911813,
    9.077880959375));
#11854 = CARTESIAN_POINT('',(44.778759324702,-7.234916477012,
    8.938720803125));
#11855 = CARTESIAN_POINT('',(44.778759324702,-7.234916477012,
    8.626220803125));
#11856 = PCURVE('',#10311,#11857);
#11857 = DEFINITIONAL_REPRESENTATION('',(#11858),#11862);
#11858 = B_SPLINE_CURVE_WITH_KNOTS('',2,(#11859,#11860,#11861),
  .UNSPECIFIED.,.F.,.F.,(3,3),(0.,1.),.PIECEWISE_BEZIER_KNOTS.);
#11859 = CARTESIAN_POINT('',(1.790771484375,0.57373046875));
#11860 = CARTESIAN_POINT('',(1.91650390625,0.712890625));
#11861 = CARTESIAN_POINT('',(1.91650390625,1.025390625));
#11862 = ( GEOMETRIC_REPRESENTATION_CONTEXT(2) 
PARAMETRIC_REPRESENTATION_CONTEXT() REPRESENTATION_CONTEXT('2D SPACE',''
  ) );
#11863 = PCURVE('',#11864,#11871);
#11864 = B_SPLINE_SURFACE_WITH_KNOTS('',2,1,(
    (#11865,#11866)
    ,(#11867,#11868)
    ,(#11869,#11870
    )),.UNSPECIFIED.,.F.,.F.,.F.,(3,3),(2,2),(0.,1.),(-0.6,0.),
  .PIECEWISE_BEZIER_KNOTS.);
#11865 = CARTESIAN_POINT('',(44.164286834953,-7.448594100978,
    9.077880959375));
#11866 = CARTESIAN_POINT('',(44.763126253755,-7.485894911813,
    9.077880959375));
#11867 = CARTESIAN_POINT('',(44.1799199059,-7.197615666177,
    8.938720803125));
#11868 = CARTESIAN_POINT('',(44.778759324702,-7.234916477012,
    8.938720803125));
#11869 = CARTESIAN_POINT('',(44.1799199059,-7.197615666177,
    8.626220803125));
#11870 = CARTESIAN_POINT('',(44.778759324702,-7.234916477012,
    8.626220803125));
#11871 = DEFINITIONAL_REPRESENTATION('',(#11872),#11876);
#11872 = B_SPLINE_CURVE_WITH_KNOTS('',2,(#11873,#11874,#11875),
  .UNSPECIFIED.,.F.,.F.,(3,3),(0.,1.),.PIECEWISE_BEZIER_KNOTS.);
#11873 = CARTESIAN_POINT('',(2.3684905077E-15,2.127504994583E-14));
#11874 = CARTESIAN_POINT('',(0.5,4.584108584983E-15));
#11875 = CARTESIAN_POINT('',(1.,1.418336663055E-14));
#11876 = ( GEOMETRIC_REPRESENTATION_CONTEXT(2) 
PARAMETRIC_REPRESENTATION_CONTEXT() REPRESENTATION_CONTEXT('2D SPACE',''
  ) );
#11877 = ADVANCED_FACE('',(#11878),#11241,.F.);
#11878 = FACE_BOUND('',#11879,.F.);
#11879 = EDGE_LOOP('',(#11880,#11881,#11903,#11958));
#11880 = ORIENTED_EDGE('',*,*,#11223,.F.);
#11881 = ORIENTED_EDGE('',*,*,#11882,.T.);
#11882 = EDGE_CURVE('',#11224,#11883,#11885,.T.);
#11883 = VERTEX_POINT('',#11884);
#11884 = CARTESIAN_POINT('',(44.34395017252,-1.776549571019,
    7.395752053125));
#11885 = SURFACE_CURVE('',#11886,(#11889,#11896),.PCURVE_S1.);
#11886 = B_SPLINE_CURVE_WITH_KNOTS('',1,(#11887,#11888),.UNSPECIFIED.,
  .F.,.F.,(2,2),(0.,0.6),.PIECEWISE_BEZIER_KNOTS.);
#11887 = CARTESIAN_POINT('',(44.653694757123,-1.757256044583,
    7.395752053125));
#11888 = CARTESIAN_POINT('',(44.054855338321,-1.794556855418,
    7.395752053125));
#11889 = PCURVE('',#11241,#11890);
#11890 = DEFINITIONAL_REPRESENTATION('',(#11891),#11895);
#11891 = B_SPLINE_CURVE_WITH_KNOTS('',2,(#11892,#11893,#11894),
  .UNSPECIFIED.,.F.,.F.,(3,3),(7.091683315275E-15,0.6),
  .PIECEWISE_BEZIER_KNOTS.);
#11892 = CARTESIAN_POINT('',(0.,-7.091683315275E-15));
#11893 = CARTESIAN_POINT('',(0.,-0.3));
#11894 = CARTESIAN_POINT('',(0.,-0.6));
#11895 = ( GEOMETRIC_REPRESENTATION_CONTEXT(2) 
PARAMETRIC_REPRESENTATION_CONTEXT() REPRESENTATION_CONTEXT('2D SPACE',''
  ) );
#11896 = PCURVE('',#11449,#11897);
#11897 = DEFINITIONAL_REPRESENTATION('',(#11898),#11902);
#11898 = B_SPLINE_CURVE_WITH_KNOTS('',2,(#11899,#11900,#11901),
  .UNSPECIFIED.,.F.,.F.,(3,3),(7.091683315275E-15,0.6),
  .PIECEWISE_BEZIER_KNOTS.);
#11899 = CARTESIAN_POINT('',(1.,-7.091683315275E-15));
#11900 = CARTESIAN_POINT('',(1.,-0.3));
#11901 = CARTESIAN_POINT('',(1.,-0.6));
#11902 = ( GEOMETRIC_REPRESENTATION_CONTEXT(2) 
PARAMETRIC_REPRESENTATION_CONTEXT() REPRESENTATION_CONTEXT('2D SPACE',''
  ) );
#11903 = ORIENTED_EDGE('',*,*,#11904,.F.);
#11904 = EDGE_CURVE('',#11905,#11883,#11907,.T.);
#11905 = VERTEX_POINT('',#11906);
#11906 = CARTESIAN_POINT('',(44.366563332225,-2.056446880372,6.88671885)
  );
#11907 = SURFACE_CURVE('',#11908,(#11921,#11937),.PCURVE_S1.);
#11908 = B_SPLINE_CURVE_WITH_KNOTS('',6,(#11909,#11910,#11911,#11912,
    #11913,#11914,#11915,#11916,#11917,#11918,#11919,#11920),
  .UNSPECIFIED.,.F.,.F.,(7,5,7),(0.,0.257757793725,1.),.UNSPECIFIED.);
#11909 = CARTESIAN_POINT('',(44.366563332225,-2.056446880372,6.88671885)
  );
#11910 = CARTESIAN_POINT('',(44.364677897256,-2.03215503209,
    6.903136769615));
#11911 = CARTESIAN_POINT('',(44.362867371347,-2.009035434213,
    6.920207738226));
#11912 = CARTESIAN_POINT('',(44.361137863008,-1.987128619372,
    6.937925565214));
#11913 = CARTESIAN_POINT('',(44.359494754808,-1.966467793354,
    6.956279528067));
#11914 = CARTESIAN_POINT('',(44.357942703378,-1.947078835107,
    6.975254372378));
#11915 = CARTESIAN_POINT('',(44.352289861809,-1.876863544595,
    7.051201404625));
#11916 = CARTESIAN_POINT('',(44.348879782077,-1.835425438929,
    7.112578343693));
#11917 = CARTESIAN_POINT('',(44.346352722911,-1.805164834058,
    7.178438204656));
#11918 = CARTESIAN_POINT('',(44.344725488644,-1.785782471856,
    7.248080080428));
#11919 = CARTESIAN_POINT('',(44.34395017252,-1.776549571019,
    7.320754676903));
#11920 = CARTESIAN_POINT('',(44.34395017252,-1.776549571019,
    7.395752053125));
#11921 = PCURVE('',#11241,#11922);
#11922 = DEFINITIONAL_REPRESENTATION('',(#11923),#11936);
#11923 = B_SPLINE_CURVE_WITH_KNOTS('',6,(#11924,#11925,#11926,#11927,
    #11928,#11929,#11930,#11931,#11932,#11933,#11934,#11935),
  .UNSPECIFIED.,.F.,.F.,(7,5,7),(0.,0.257757793725,1.),.UNSPECIFIED.);
#11924 = CARTESIAN_POINT('',(1.,-0.305176127292));
#11925 = CARTESIAN_POINT('',(0.956614323392,-0.305547739197));
#11926 = CARTESIAN_POINT('',(0.913062014467,-0.305917463424));
#11927 = CARTESIAN_POINT('',(0.869382450006,-0.306281723111));
#11928 = CARTESIAN_POINT('',(0.825616740429,-0.306637210438));
#11929 = CARTESIAN_POINT('',(0.781807729788,-0.306980886626));
#11930 = CARTESIAN_POINT('',(0.611850758235,-0.308257648444));
#11931 = CARTESIAN_POINT('',(0.485662686917,-0.30908500715));
#11932 = CARTESIAN_POINT('',(0.360619816496,-0.309725936391));
#11933 = CARTESIAN_POINT('',(0.237601446085,-0.310145060052));
#11934 = CARTESIAN_POINT('',(0.117247806491,-0.310344885334));
#11935 = CARTESIAN_POINT('',(0.,-0.310344885334));
#11936 = ( GEOMETRIC_REPRESENTATION_CONTEXT(2) 
PARAMETRIC_REPRESENTATION_CONTEXT() REPRESENTATION_CONTEXT('2D SPACE',''
  ) );
#11937 = PCURVE('',#11938,#11943);
#11938 = CYLINDRICAL_SURFACE('',#11939,44.5);
#11939 = AXIS2_PLACEMENT_3D('',#11940,#11941,#11942);
#11940 = CARTESIAN_POINT('',(6.106226635438E-16,-5.5,16.0000001));
#11941 = DIRECTION('',(0.,1.224646799147E-16,1.));
#11942 = DIRECTION('',(1.110223024625E-16,-1.,1.224646799147E-16));
#11943 = DEFINITIONAL_REPRESENTATION('',(#11944),#11957);
#11944 = B_SPLINE_CURVE_WITH_KNOTS('',6,(#11945,#11946,#11947,#11948,
    #11949,#11950,#11951,#11952,#11953,#11954,#11955,#11956),
  .UNSPECIFIED.,.F.,.F.,(7,5,7),(0.,0.257757793725,1.),.UNSPECIFIED.);
#11945 = CARTESIAN_POINT('',(-4.634928324816,-9.11328125));
#11946 = CARTESIAN_POINT('',(-4.634380798787,-9.096863330385));
#11947 = CARTESIAN_POINT('',(-4.633859666728,-9.079792361774));
#11948 = CARTESIAN_POINT('',(-4.633365847102,-9.062074534786));
#11949 = CARTESIAN_POINT('',(-4.632900093064,-9.043720571933));
#11950 = CARTESIAN_POINT('',(-4.632462992462,-9.024745727622));
#11951 = CARTESIAN_POINT('',(-4.630880015599,-8.948798695375));
#11952 = CARTESIAN_POINT('',(-4.629945675902,-8.887421756307));
#11953 = CARTESIAN_POINT('',(-4.629263295321,-8.821561895344));
#11954 = CARTESIAN_POINT('',(-4.62882620432,-8.751920019572));
#11955 = CARTESIAN_POINT('',(-4.628617993166,-8.679245423097));
#11956 = CARTESIAN_POINT('',(-4.628617993166,-8.604248046875));
#11957 = ( GEOMETRIC_REPRESENTATION_CONTEXT(2) 
PARAMETRIC_REPRESENTATION_CONTEXT() REPRESENTATION_CONTEXT('2D SPACE',''
  ) );
#11958 = ORIENTED_EDGE('',*,*,#11959,.F.);
#11959 = EDGE_CURVE('',#11226,#11905,#11960,.T.);
#11960 = SURFACE_CURVE('',#11961,(#11964,#11971),.PCURVE_S1.);
#11961 = B_SPLINE_CURVE_WITH_KNOTS('',1,(#11962,#11963),.UNSPECIFIED.,
  .F.,.F.,(2,2),(0.,0.6),.PIECEWISE_BEZIER_KNOTS.);
#11962 = CARTESIAN_POINT('',(44.671149156724,-2.037474685379,6.88671885)
  );
#11963 = CARTESIAN_POINT('',(44.072309737922,-2.074775496215,6.88671885)
  );
#11964 = PCURVE('',#11241,#11965);
#11965 = DEFINITIONAL_REPRESENTATION('',(#11966),#11970);
#11966 = B_SPLINE_CURVE_WITH_KNOTS('',2,(#11967,#11968,#11969),
  .UNSPECIFIED.,.F.,.F.,(3,3),(7.119291461293E-15,0.6),
  .PIECEWISE_BEZIER_KNOTS.);
#11967 = CARTESIAN_POINT('',(1.,-7.119291461293E-15));
#11968 = CARTESIAN_POINT('',(1.,-0.3));
#11969 = CARTESIAN_POINT('',(1.,-0.6));
#11970 = ( GEOMETRIC_REPRESENTATION_CONTEXT(2) 
PARAMETRIC_REPRESENTATION_CONTEXT() REPRESENTATION_CONTEXT('2D SPACE',''
  ) );
#11971 = PCURVE('',#11271,#11972);
#11972 = DEFINITIONAL_REPRESENTATION('',(#11973),#11977);
#11973 = B_SPLINE_CURVE_WITH_KNOTS('',2,(#11974,#11975,#11976),
  .UNSPECIFIED.,.F.,.F.,(3,3),(7.119291461293E-15,0.6),
  .PIECEWISE_BEZIER_KNOTS.);
#11974 = CARTESIAN_POINT('',(0.,-7.119291461293E-15));
#11975 = CARTESIAN_POINT('',(-1.773718645738E-16,-0.3));
#11976 = CARTESIAN_POINT('',(0.,-0.6));
#11977 = ( GEOMETRIC_REPRESENTATION_CONTEXT(2) 
PARAMETRIC_REPRESENTATION_CONTEXT() REPRESENTATION_CONTEXT('2D SPACE',''
  ) );
#11978 = ADVANCED_FACE('',(#11979),#11271,.F.);
#11979 = FACE_BOUND('',#11980,.F.);
#11980 = EDGE_LOOP('',(#11981,#11982,#11983,#12039));
#11981 = ORIENTED_EDGE('',*,*,#11255,.F.);
#11982 = ORIENTED_EDGE('',*,*,#11959,.T.);
#11983 = ORIENTED_EDGE('',*,*,#11984,.F.);
#11984 = EDGE_CURVE('',#11985,#11905,#11987,.T.);
#11985 = VERTEX_POINT('',#11986);
#11986 = CARTESIAN_POINT('',(44.417972822793,-2.79931669505,
    6.697509865625));
#11987 = SURFACE_CURVE('',#11988,(#12003,#12021),.PCURVE_S1.);
#11988 = B_SPLINE_CURVE_WITH_KNOTS('',5,(#11989,#11990,#11991,#11992,
    #11993,#11994,#11995,#11996,#11997,#11998,#11999,#12000,#12001,
    #12002),.UNSPECIFIED.,.F.,.F.,(6,4,4,6),(0.,0.413793858042,
    0.811528541262,1.),.UNSPECIFIED.);
#11989 = CARTESIAN_POINT('',(44.417972822793,-2.79931669505,
    6.697509865625));
#11990 = CARTESIAN_POINT('',(44.413571574451,-2.72692963328,
    6.697509865625));
#11991 = CARTESIAN_POINT('',(44.4091139781,-2.656049851373,
    6.700400384894));
#11992 = CARTESIAN_POINT('',(44.404629698989,-2.586964949143,
    6.706387341133));
#11993 = CARTESIAN_POINT('',(44.400155636729,-2.520006854503,
    6.715658866694));
#11994 = CARTESIAN_POINT('',(44.391481068575,-2.393511609432,
    6.740479850064));
#11995 = CARTESIAN_POINT('',(44.387276330783,-2.333782259932,
    6.755772555332));
#11996 = CARTESIAN_POINT('',(44.383154976523,-2.276623413065,
    6.774280514883));
#11997 = CARTESIAN_POINT('',(44.379154149733,-2.222299156525,
    6.796016425403));
#11998 = CARTESIAN_POINT('',(44.373482703269,-2.146699103919,
    6.832667576545));
#11999 = CARTESIAN_POINT('',(44.371693523336,-2.123072580325,
    6.845154881546));
#12000 = CARTESIAN_POINT('',(44.369941982872,-2.100145786191,
    6.858335919799));
#12001 = CARTESIAN_POINT('',(44.368231062158,-2.077933828051,
    6.87219665409));
#12002 = CARTESIAN_POINT('',(44.366563332225,-2.056446880372,6.88671885)
  );
#12003 = PCURVE('',#11271,#12004);
#12004 = DEFINITIONAL_REPRESENTATION('',(#12005),#12020);
#12005 = B_SPLINE_CURVE_WITH_KNOTS('',5,(#12006,#12007,#12008,#12009,
    #12010,#12011,#12012,#12013,#12014,#12015,#12016,#12017,#12018,
    #12019),.UNSPECIFIED.,.F.,.F.,(6,4,4,6),(0.,0.413793858042,
    0.811528541262,1.),.UNSPECIFIED.);
#12006 = CARTESIAN_POINT('',(1.,-0.300048822258));
#12007 = CARTESIAN_POINT('',(0.921830362039,-0.299941397093));
#12008 = CARTESIAN_POINT('',(0.84226332471,-0.299983915545));
#12009 = CARTESIAN_POINT('',(0.761395480907,-0.300164649257));
#12010 = CARTESIAN_POINT('',(0.679390149221,-0.300467405293));
#12011 = CARTESIAN_POINT('',(0.516832679836,-0.301261235532));
#12012 = CARTESIAN_POINT('',(0.43634131364,-0.301744584813));
#12013 = CARTESIAN_POINT('',(0.355266998139,-0.302304514905));
#12014 = CARTESIAN_POINT('',(0.273883086274,-0.302920371526));
#12015 = CARTESIAN_POINT('',(0.153940071547,-0.303880942264));
#12016 = CARTESIAN_POINT('',(0.115376726038,-0.304197847237));
#12017 = CARTESIAN_POINT('',(7.684502879321E-02,-0.304520686341));
#12018 = CARTESIAN_POINT('',(3.837607383584E-02,-0.304847424203));
#12019 = CARTESIAN_POINT('',(0.,-0.305176127292));
#12020 = ( GEOMETRIC_REPRESENTATION_CONTEXT(2) 
PARAMETRIC_REPRESENTATION_CONTEXT() REPRESENTATION_CONTEXT('2D SPACE',''
  ) );
#12021 = PCURVE('',#11938,#12022);
#12022 = DEFINITIONAL_REPRESENTATION('',(#12023),#12038);
#12023 = B_SPLINE_CURVE_WITH_KNOTS('',5,(#12024,#12025,#12026,#12027,
    #12028,#12029,#12030,#12031,#12032,#12033,#12034,#12035,#12036,
    #12037),.UNSPECIFIED.,.F.,.F.,(6,4,4,6),(0.,0.413793858042,
    0.811528541262,1.),.UNSPECIFIED.);
#12024 = CARTESIAN_POINT('',(-4.651662150589,-9.302490234375));
#12025 = CARTESIAN_POINT('',(-4.650032471044,-9.302490234375));
#12026 = CARTESIAN_POINT('',(-4.648436523676,-9.299599715106));
#12027 = CARTESIAN_POINT('',(-4.646880790907,-9.293612758867));
#12028 = CARTESIAN_POINT('',(-4.645372761661,-9.284341233306));
#12029 = CARTESIAN_POINT('',(-4.6425234958,-9.259520249936));
#12030 = CARTESIAN_POINT('',(-4.641177943722,-9.244227544668));
#12031 = CARTESIAN_POINT('',(-4.639890142885,-9.225719585117));
#12032 = CARTESIAN_POINT('',(-4.638666068016,-9.203983674598));
#12033 = CARTESIAN_POINT('',(-4.636962416612,-9.167332523455));
#12034 = CARTESIAN_POINT('',(-4.636429963442,-9.154845218454));
#12035 = CARTESIAN_POINT('',(-4.635913253405,-9.141664180201));
#12036 = CARTESIAN_POINT('',(-4.635412629799,-9.12780344591));
#12037 = CARTESIAN_POINT('',(-4.634928324816,-9.11328125));
#12038 = ( GEOMETRIC_REPRESENTATION_CONTEXT(2) 
PARAMETRIC_REPRESENTATION_CONTEXT() REPRESENTATION_CONTEXT('2D SPACE',''
  ) );
#12039 = ORIENTED_EDGE('',*,*,#12040,.F.);
#12040 = EDGE_CURVE('',#11256,#11985,#12041,.T.);
#12041 = SURFACE_CURVE('',#12042,(#12045,#12052),.PCURVE_S1.);
#12042 = B_SPLINE_CURVE_WITH_KNOTS('',1,(#12043,#12044),.UNSPECIFIED.,
  .F.,.F.,(2,2),(0.,0.6),.PIECEWISE_BEZIER_KNOTS.);
#12043 = CARTESIAN_POINT('',(44.717441260015,-2.780663254449,
    6.697509865625));
#12044 = CARTESIAN_POINT('',(44.118601841213,-2.817964065285,
    6.697509865625));
#12045 = PCURVE('',#11271,#12046);
#12046 = DEFINITIONAL_REPRESENTATION('',(#12047),#12051);
#12047 = B_SPLINE_CURVE_WITH_KNOTS('',2,(#12048,#12049,#12050),
  .UNSPECIFIED.,.F.,.F.,(3,3),(0.,0.6),.PIECEWISE_BEZIER_KNOTS.);
#12048 = CARTESIAN_POINT('',(1.,0.));
#12049 = CARTESIAN_POINT('',(1.,-0.3));
#12050 = CARTESIAN_POINT('',(1.,-0.6));
#12051 = ( GEOMETRIC_REPRESENTATION_CONTEXT(2) 
PARAMETRIC_REPRESENTATION_CONTEXT() REPRESENTATION_CONTEXT('2D SPACE',''
  ) );
#12052 = PCURVE('',#11301,#12053);
#12053 = DEFINITIONAL_REPRESENTATION('',(#12054),#12058);
#12054 = B_SPLINE_CURVE_WITH_KNOTS('',2,(#12055,#12056,#12057),
  .UNSPECIFIED.,.F.,.F.,(3,3),(0.,0.6),.PIECEWISE_BEZIER_KNOTS.);
#12055 = CARTESIAN_POINT('',(9.760596390916E-16,-2.760814601775E-17));
#12056 = CARTESIAN_POINT('',(1.062603670032E-15,-0.3));
#12057 = CARTESIAN_POINT('',(0.,-0.6));
#12058 = ( GEOMETRIC_REPRESENTATION_CONTEXT(2) 
PARAMETRIC_REPRESENTATION_CONTEXT() REPRESENTATION_CONTEXT('2D SPACE',''
  ) );
#12059 = ADVANCED_FACE('',(#12060),#11301,.F.);
#12060 = FACE_BOUND('',#12061,.F.);
#12061 = EDGE_LOOP('',(#12062,#12063,#12064,#12129));
#12062 = ORIENTED_EDGE('',*,*,#11285,.F.);
#12063 = ORIENTED_EDGE('',*,*,#12040,.T.);
#12064 = ORIENTED_EDGE('',*,*,#12065,.F.);
#12065 = EDGE_CURVE('',#12066,#11985,#12068,.T.);
#12066 = VERTEX_POINT('',#12067);
#12067 = CARTESIAN_POINT('',(44.45564718025,-3.513688396774,6.8623047875
    ));
#12068 = SURFACE_CURVE('',#12069,(#12087,#12108),.PCURVE_S1.);
#12069 = B_SPLINE_CURVE_WITH_KNOTS('',4,(#12070,#12071,#12072,#12073,
    #12074,#12075,#12076,#12077,#12078,#12079,#12080,#12081,#12082,
    #12083,#12084,#12085,#12086),.UNSPECIFIED.,.F.,.F.,(5,3,3,3,3,5),(0.
    ,4.05909005769E-02,0.29156218928,0.520698296318,0.755967574459,1.),
  .UNSPECIFIED.);
#12070 = CARTESIAN_POINT('',(44.45564718025,-3.513688396774,6.8623047875
    ));
#12071 = CARTESIAN_POINT('',(44.455402311566,-3.508207989869,
    6.858844605563));
#12072 = CARTESIAN_POINT('',(44.455153976175,-3.502670195978,
    6.855432351715));
#12073 = CARTESIAN_POINT('',(44.454902147589,-3.49707537529,
    6.852068307276));
#12074 = CARTESIAN_POINT('',(44.453068007391,-3.456481416114,
    6.828252572499));
#12075 = CARTESIAN_POINT('',(44.451354724897,-3.419373871027,
    6.809604470367));
#12076 = CARTESIAN_POINT('',(44.449501062912,-3.380201246026,
    6.792865568846));
#12077 = CARTESIAN_POINT('',(44.445680560278,-3.30161661518,
    6.764482925245));
#12078 = CARTESIAN_POINT('',(44.443737584621,-3.262520910073,
    6.752522718325));
#12079 = CARTESIAN_POINT('',(44.441672680311,-3.221954844164,
    6.742141927676));
#12080 = CARTESIAN_POINT('',(44.437239436807,-3.137034259635,
    6.724213440724));
#12081 = CARTESIAN_POINT('',(44.434864430781,-3.092606531591,
    6.716749482614));
#12082 = CARTESIAN_POINT('',(44.432359747442,-3.046919312844,
    6.710855565121));
#12083 = CARTESIAN_POINT('',(44.426994663769,-2.95156724904,
    6.701893410388));
#12084 = CARTESIAN_POINT('',(44.424124462539,-2.901817062222,
    6.698939193078));
#12085 = CARTESIAN_POINT('',(44.421116575783,-2.851021807843,
    6.697509865625));
#12086 = CARTESIAN_POINT('',(44.417972822793,-2.79931669505,
    6.697509865625));
#12087 = PCURVE('',#11301,#12088);
#12088 = DEFINITIONAL_REPRESENTATION('',(#12089),#12107);
#12089 = B_SPLINE_CURVE_WITH_KNOTS('',4,(#12090,#12091,#12092,#12093,
    #12094,#12095,#12096,#12097,#12098,#12099,#12100,#12101,#12102,
    #12103,#12104,#12105,#12106),.UNSPECIFIED.,.F.,.F.,(5,3,3,3,3,5),(0.
    ,4.05909005769E-02,0.29156218928,0.520698296318,0.755967574459,1.),
  .UNSPECIFIED.);
#12090 = CARTESIAN_POINT('',(1.,-0.306858411239));
#12091 = CARTESIAN_POINT('',(0.989501551694,-0.306762100238));
#12092 = CARTESIAN_POINT('',(0.979001564211,-0.306665681603));
#12093 = CARTESIAN_POINT('',(0.968500794095,-0.306569204163));
#12094 = CARTESIAN_POINT('',(0.893074172553,-0.305876150592));
#12095 = CARTESIAN_POINT('',(0.828146554666,-0.305279216548));
#12096 = CARTESIAN_POINT('',(0.763400239044,-0.304694008532));
#12097 = CARTESIAN_POINT('',(0.640202752119,-0.303621670411));
#12098 = CARTESIAN_POINT('',(0.581692994233,-0.303130385265));
#12099 = CARTESIAN_POINT('',(0.523594383647,-0.302669383508));
#12100 = CARTESIAN_POINT('',(0.40686400095,-0.301814707348));
#12101 = CARTESIAN_POINT('',(0.348259229868,-0.301423135596));
#12102 = CARTESIAN_POINT('',(0.290284728331,-0.301082690281));
#12103 = CARTESIAN_POINT('',(0.173581539174,-0.300509547437));
#12104 = CARTESIAN_POINT('',(0.114905328319,-0.300281326319));
#12105 = CARTESIAN_POINT('',(5.703629392646E-02,-0.300125554621));
#12106 = CARTESIAN_POINT('',(0.,-0.300048822258));
#12107 = ( GEOMETRIC_REPRESENTATION_CONTEXT(2) 
PARAMETRIC_REPRESENTATION_CONTEXT() REPRESENTATION_CONTEXT('2D SPACE',''
  ) );
#12108 = PCURVE('',#11938,#12109);
#12109 = DEFINITIONAL_REPRESENTATION('',(#12110),#12128);
#12110 = B_SPLINE_CURVE_WITH_KNOTS('',4,(#12111,#12112,#12113,#12114,
    #12115,#12116,#12117,#12118,#12119,#12120,#12121,#12122,#12123,
    #12124,#12125,#12126,#12127),.UNSPECIFIED.,.F.,.F.,(5,3,3,3,3,5),(0.
    ,4.05909005769E-02,0.29156218928,0.520698296318,0.755967574459,1.),
  .UNSPECIFIED.);
#12111 = CARTESIAN_POINT('',(-4.667737929139,-9.1376953125));
#12112 = CARTESIAN_POINT('',(-4.667614651057,-9.141155494437));
#12113 = CARTESIAN_POINT('',(-4.667490081188,-9.144567748285));
#12114 = CARTESIAN_POINT('',(-4.667364227587,-9.147931792724));
#12115 = CARTESIAN_POINT('',(-4.666451073123,-9.171747527501));
#12116 = CARTESIAN_POINT('',(-4.665616307776,-9.190395629633));
#12117 = CARTESIAN_POINT('',(-4.664735039778,-9.207134531154));
#12118 = CARTESIAN_POINT('',(-4.662967007293,-9.235517174755));
#12119 = CARTESIAN_POINT('',(-4.662087368338,-9.247477381675));
#12120 = CARTESIAN_POINT('',(-4.661174591894,-9.257858172324));
#12121 = CARTESIAN_POINT('',(-4.659263665521,-9.275786659276));
#12122 = CARTESIAN_POINT('',(-4.658263864867,-9.283250617386));
#12123 = CARTESIAN_POINT('',(-4.657235645181,-9.289144534879));
#12124 = CARTESIAN_POINT('',(-4.655089513033,-9.298106689612));
#12125 = CARTESIAN_POINT('',(-4.653969673447,-9.301060906922));
#12126 = CARTESIAN_POINT('',(-4.652826208954,-9.302490234375));
#12127 = CARTESIAN_POINT('',(-4.651662150589,-9.302490234375));
#12128 = ( GEOMETRIC_REPRESENTATION_CONTEXT(2) 
PARAMETRIC_REPRESENTATION_CONTEXT() REPRESENTATION_CONTEXT('2D SPACE',''
  ) );
#12129 = ORIENTED_EDGE('',*,*,#12130,.F.);
#12130 = EDGE_CURVE('',#11286,#12066,#12131,.T.);
#12131 = SURFACE_CURVE('',#12132,(#12135,#12142),.PCURVE_S1.);
#12132 = B_SPLINE_CURVE_WITH_KNOTS('',1,(#12133,#12134),.UNSPECIFIED.,
  .F.,.F.,(2,2),(0.,0.6),.PIECEWISE_BEZIER_KNOTS.);
#12133 = CARTESIAN_POINT('',(44.761912034652,-3.494611617523,
    6.8623047875));
#12134 = CARTESIAN_POINT('',(44.16307261585,-3.531912428358,6.8623047875
    ));
#12135 = PCURVE('',#11301,#12136);
#12136 = DEFINITIONAL_REPRESENTATION('',(#12137),#12141);
#12137 = B_SPLINE_CURVE_WITH_KNOTS('',2,(#12138,#12139,#12140),
  .UNSPECIFIED.,.F.,.F.,(3,3),(7.091683315275E-15,0.6),
  .PIECEWISE_BEZIER_KNOTS.);
#12138 = CARTESIAN_POINT('',(1.,-7.091683315275E-15));
#12139 = CARTESIAN_POINT('',(1.,-0.3));
#12140 = CARTESIAN_POINT('',(1.,-0.6));
#12141 = ( GEOMETRIC_REPRESENTATION_CONTEXT(2) 
PARAMETRIC_REPRESENTATION_CONTEXT() REPRESENTATION_CONTEXT('2D SPACE',''
  ) );
#12142 = PCURVE('',#11331,#12143);
#12143 = DEFINITIONAL_REPRESENTATION('',(#12144),#12148);
#12144 = B_SPLINE_CURVE_WITH_KNOTS('',2,(#12145,#12146,#12147),
  .UNSPECIFIED.,.F.,.F.,(3,3),(7.091683315275E-15,0.6),
  .PIECEWISE_BEZIER_KNOTS.);
#12145 = CARTESIAN_POINT('',(0.,-7.091683315275E-15));
#12146 = CARTESIAN_POINT('',(6.728843495295E-16,-0.3));
#12147 = CARTESIAN_POINT('',(0.,-0.6));
#12148 = ( GEOMETRIC_REPRESENTATION_CONTEXT(2) 
PARAMETRIC_REPRESENTATION_CONTEXT() REPRESENTATION_CONTEXT('2D SPACE',''
  ) );
#12149 = ADVANCED_FACE('',(#12150),#11331,.F.);
#12150 = FACE_BOUND('',#12151,.F.);
#12151 = EDGE_LOOP('',(#12152,#12153,#12154,#12204));
#12152 = ORIENTED_EDGE('',*,*,#11315,.F.);
#12153 = ORIENTED_EDGE('',*,*,#12130,.T.);
#12154 = ORIENTED_EDGE('',*,*,#12155,.F.);
#12155 = EDGE_CURVE('',#12156,#12066,#12158,.T.);
#12156 = VERTEX_POINT('',#12157);
#12157 = CARTESIAN_POINT('',(44.466543604039,-3.774746421512,
    7.317627053125));
#12158 = SURFACE_CURVE('',#12159,(#12172,#12188),.PCURVE_S1.);
#12159 = B_SPLINE_CURVE_WITH_KNOTS('',6,(#12160,#12161,#12162,#12163,
    #12164,#12165,#12166,#12167,#12168,#12169,#12170,#12171),
  .UNSPECIFIED.,.F.,.F.,(7,5,7),(0.,0.733620447396,1.),.UNSPECIFIED.);
#12160 = CARTESIAN_POINT('',(44.466543604039,-3.774746421512,
    7.317627053125));
#12161 = CARTESIAN_POINT('',(44.466543604039,-3.774746421512,
    7.25006203087));
#12162 = CARTESIAN_POINT('',(44.466214895381,-3.766273335635,
    7.184895103562));
#12163 = CARTESIAN_POINT('',(44.465526549377,-3.748536691659,
    7.122757218655));
#12164 = CARTESIAN_POINT('',(44.464443450167,-3.720920996375,
    7.064297365976));
#12165 = CARTESIAN_POINT('',(44.462922096969,-3.683186260898,
    7.010105818126));
#12166 = CARTESIAN_POINT('',(44.460211242607,-3.618534246765,
    6.942631758661));
#12167 = CARTESIAN_POINT('',(44.459427425622,-3.600031583491,
    6.925274266712));
#12168 = CARTESIAN_POINT('',(44.458580381115,-3.580266398278,
    6.908551376265));
#12169 = CARTESIAN_POINT('',(44.457668753369,-3.559264259092,
    6.892476846785));
#12170 = CARTESIAN_POINT('',(44.456691357658,-3.537058135119,
    6.877059813519));
#12171 = CARTESIAN_POINT('',(44.45564718025,-3.513688396774,6.8623047875
    ));
#12172 = PCURVE('',#11331,#12173);
#12173 = DEFINITIONAL_REPRESENTATION('',(#12174),#12187);
#12174 = B_SPLINE_CURVE_WITH_KNOTS('',6,(#12175,#12176,#12177,#12178,
    #12179,#12180,#12181,#12182,#12183,#12184,#12185,#12186),
  .UNSPECIFIED.,.F.,.F.,(7,5,7),(0.,0.733620447396,1.),.UNSPECIFIED.);
#12175 = CARTESIAN_POINT('',(1.,-0.312212524421));
#12176 = CARTESIAN_POINT('',(0.883720028926,-0.312212524421));
#12177 = CARTESIAN_POINT('',(0.764545287704,-0.312013842301));
#12178 = CARTESIAN_POINT('',(0.642906539578,-0.311598204834));
#12179 = CARTESIAN_POINT('',(0.519410044272,-0.310962395959));
#12180 = CARTESIAN_POINT('',(0.394871018908,-0.310134912684));
#12181 = CARTESIAN_POINT('',(0.225158007047,-0.308821235853));
#12182 = CARTESIAN_POINT('',(0.179948481265,-0.308453262795));
#12183 = CARTESIAN_POINT('',(0.134784084771,-0.308069906471));
#12184 = CARTESIAN_POINT('',(8.970956579689E-02,-0.307674109486));
#12185 = CARTESIAN_POINT('',(4.476784190798E-02,-0.307269103901));
#12186 = CARTESIAN_POINT('',(0.,-0.306858411239));
#12187 = ( GEOMETRIC_REPRESENTATION_CONTEXT(2) 
PARAMETRIC_REPRESENTATION_CONTEXT() REPRESENTATION_CONTEXT('2D SPACE',''
  ) );
#12188 = PCURVE('',#11938,#12189);
#12189 = DEFINITIONAL_REPRESENTATION('',(#12190),#12203);
#12190 = B_SPLINE_CURVE_WITH_KNOTS('',6,(#12191,#12192,#12193,#12194,
    #12195,#12196,#12197,#12198,#12199,#12200,#12201,#12202),
  .UNSPECIFIED.,.F.,.F.,(7,5,7),(0.,0.733620447396,1.),.UNSPECIFIED.);
#12191 = CARTESIAN_POINT('',(-4.673609518051,-8.682373046875));
#12192 = CARTESIAN_POINT('',(-4.673609518051,-8.74993806913));
#12193 = CARTESIAN_POINT('',(-4.673418968402,-8.815104996438));
#12194 = CARTESIAN_POINT('',(-4.673020092077,-8.877242881345));
#12195 = CARTESIAN_POINT('',(-4.672399037591,-8.935702734024));
#12196 = CARTESIAN_POINT('',(-4.671550378219,-8.989894281874));
#12197 = CARTESIAN_POINT('',(-4.670096247384,-9.057368341339));
#12198 = CARTESIAN_POINT('',(-4.669680084316,-9.074725833288));
#12199 = CARTESIAN_POINT('',(-4.669235515259,-9.091448723735));
#12200 = CARTESIAN_POINT('',(-4.668763112799,-9.107523253215));
#12201 = CARTESIAN_POINT('',(-4.668263615746,-9.122940286481));
#12202 = CARTESIAN_POINT('',(-4.667737929139,-9.1376953125));
#12203 = ( GEOMETRIC_REPRESENTATION_CONTEXT(2) 
PARAMETRIC_REPRESENTATION_CONTEXT() REPRESENTATION_CONTEXT('2D SPACE',''
  ) );
#12204 = ORIENTED_EDGE('',*,*,#12205,.F.);
#12205 = EDGE_CURVE('',#11316,#12156,#12206,.T.);
#12206 = SURFACE_CURVE('',#12207,(#12210,#12217),.PCURVE_S1.);
#12207 = B_SPLINE_CURVE_WITH_KNOTS('',1,(#12208,#12209),.UNSPECIFIED.,
  .F.,.F.,(2,2),(0.,0.6),.PIECEWISE_BEZIER_KNOTS.);
#12208 = CARTESIAN_POINT('',(44.778152215151,-3.755336787656,
    7.317627053125));
#12209 = CARTESIAN_POINT('',(44.179312796349,-3.792637598491,
    7.317627053125));
#12210 = PCURVE('',#11331,#12211);
#12211 = DEFINITIONAL_REPRESENTATION('',(#12212),#12216);
#12212 = B_SPLINE_CURVE_WITH_KNOTS('',2,(#12213,#12214,#12215),
  .UNSPECIFIED.,.F.,.F.,(3,3),(0.,0.6),.PIECEWISE_BEZIER_KNOTS.);
#12213 = CARTESIAN_POINT('',(1.,-7.119291461293E-15));
#12214 = CARTESIAN_POINT('',(1.,-0.3));
#12215 = CARTESIAN_POINT('',(1.,-0.6));
#12216 = ( GEOMETRIC_REPRESENTATION_CONTEXT(2) 
PARAMETRIC_REPRESENTATION_CONTEXT() REPRESENTATION_CONTEXT('2D SPACE',''
  ) );
#12217 = PCURVE('',#11361,#12218);
#12218 = DEFINITIONAL_REPRESENTATION('',(#12219),#12223);
#12219 = B_SPLINE_CURVE_WITH_KNOTS('',2,(#12220,#12221,#12222),
  .UNSPECIFIED.,.F.,.F.,(3,3),(0.,0.6),.PIECEWISE_BEZIER_KNOTS.);
#12220 = CARTESIAN_POINT('',(0.,-7.119291461293E-15));
#12221 = CARTESIAN_POINT('',(0.,-0.3));
#12222 = CARTESIAN_POINT('',(0.,-0.6));
#12223 = ( GEOMETRIC_REPRESENTATION_CONTEXT(2) 
PARAMETRIC_REPRESENTATION_CONTEXT() REPRESENTATION_CONTEXT('2D SPACE',''
  ) );
#12224 = ADVANCED_FACE('',(#12225),#11361,.F.);
#12225 = FACE_BOUND('',#12226,.F.);
#12226 = EDGE_LOOP('',(#12227,#12228,#12229,#12279));
#12227 = ORIENTED_EDGE('',*,*,#11345,.F.);
#12228 = ORIENTED_EDGE('',*,*,#12205,.T.);
#12229 = ORIENTED_EDGE('',*,*,#12230,.F.);
#12230 = EDGE_CURVE('',#12231,#12156,#12233,.T.);
#12231 = VERTEX_POINT('',#12232);
#12232 = CARTESIAN_POINT('',(44.455756105312,-3.516127749815,7.775390725
    ));
#12233 = SURFACE_CURVE('',#12234,(#12247,#12263),.PCURVE_S1.);
#12234 = B_SPLINE_CURVE_WITH_KNOTS('',6,(#12235,#12236,#12237,#12238,
    #12239,#12240,#12241,#12242,#12243,#12244,#12245,#12246),
  .UNSPECIFIED.,.F.,.F.,(7,5,7),(0.,0.29860634851,1.),.UNSPECIFIED.);
#12235 = CARTESIAN_POINT('',(44.455756105312,-3.516127749815,7.775390725
    ));
#12236 = CARTESIAN_POINT('',(44.456908977156,-3.541961968486,
    7.758194099462));
#12237 = CARTESIAN_POINT('',(44.457979886964,-3.566364054784,
    7.740240702884));
#12238 = CARTESIAN_POINT('',(44.458970222998,-3.589280902152,
    7.721537052591));
#12239 = CARTESIAN_POINT('',(44.459881674992,-3.610668636127,
    7.702095235777));
#12240 = CARTESIAN_POINT('',(44.460716143122,-3.630493822867,
    7.681933491299));
#12241 = CARTESIAN_POINT('',(44.463259638446,-3.691580450501,
    7.61208668487));
#12242 = CARTESIAN_POINT('',(44.46463056027,-3.725698161071,
    7.559247349136));
#12243 = CARTESIAN_POINT('',(44.465613255312,-3.750769949745,
    7.502906120732));
#12244 = CARTESIAN_POINT('',(44.466241650789,-3.766963319248,
    7.443520457694));
#12245 = CARTESIAN_POINT('',(44.466543604039,-3.774746421512,
    7.381594031158));
#12246 = CARTESIAN_POINT('',(44.466543604039,-3.774746421512,
    7.317627053125));
#12247 = PCURVE('',#11361,#12248);
#12248 = DEFINITIONAL_REPRESENTATION('',(#12249),#12262);
#12249 = B_SPLINE_CURVE_WITH_KNOTS('',6,(#12250,#12251,#12252,#12253,
    #12254,#12255,#12256,#12257,#12258,#12259,#12260,#12261),
  .UNSPECIFIED.,.F.,.F.,(7,5,7),(0.,0.29860634851,1.),.UNSPECIFIED.);
#12250 = CARTESIAN_POINT('',(1.,-0.306901346616));
#12251 = CARTESIAN_POINT('',(0.950044412622,-0.307356766947));
#12252 = CARTESIAN_POINT('',(0.899865638305,-0.307804957943));
#12253 = CARTESIAN_POINT('',(0.849515719263,-0.308241232499));
#12254 = CARTESIAN_POINT('',(0.799049357572,-0.308661176561));
#12255 = CARTESIAN_POINT('',(0.748524011706,-0.309060815111));
#12256 = CARTESIAN_POINT('',(0.579324599548,-0.310319874245));
#12257 = CARTESIAN_POINT('',(0.460620235921,-0.311072634645));
#12258 = CARTESIAN_POINT('',(0.342737308222,-0.311650503843));
#12259 = CARTESIAN_POINT('',(0.226346571358,-0.31203003356));
#12260 = CARTESIAN_POINT('',(0.111969547872,-0.312212524421));
#12261 = CARTESIAN_POINT('',(0.,-0.312212524421));
#12262 = ( GEOMETRIC_REPRESENTATION_CONTEXT(2) 
PARAMETRIC_REPRESENTATION_CONTEXT() REPRESENTATION_CONTEXT('2D SPACE',''
  ) );
#12263 = PCURVE('',#11938,#12264);
#12264 = DEFINITIONAL_REPRESENTATION('',(#12265),#12278);
#12265 = B_SPLINE_CURVE_WITH_KNOTS('',6,(#12266,#12267,#12268,#12269,
    #12270,#12271,#12272,#12273,#12274,#12275,#12276,#12277),
  .UNSPECIFIED.,.F.,.F.,(7,5,7),(0.,0.29860634851,1.),.UNSPECIFIED.);
#12266 = CARTESIAN_POINT('',(-4.667792800684,-8.224609375));
#12267 = CARTESIAN_POINT('',(-4.668373922701,-8.241806000538));
#12268 = CARTESIAN_POINT('',(-4.668922811854,-8.259759397116));
#12269 = CARTESIAN_POINT('',(-4.669438277668,-8.278463047409));
#12270 = CARTESIAN_POINT('',(-4.669919337028,-8.297904864223));
#12271 = CARTESIAN_POINT('',(-4.670365241273,-8.318066608701));
#12272 = CARTESIAN_POINT('',(-4.671739163904,-8.38791341513));
#12273 = CARTESIAN_POINT('',(-4.672506471916,-8.440752750864));
#12274 = CARTESIAN_POINT('',(-4.673070315464,-8.497093979268));
#12275 = CARTESIAN_POINT('',(-4.673434485303,-8.556479642306));
#12276 = CARTESIAN_POINT('',(-4.673609518051,-8.618406068842));
#12277 = CARTESIAN_POINT('',(-4.673609518051,-8.682373046875));
#12278 = ( GEOMETRIC_REPRESENTATION_CONTEXT(2) 
PARAMETRIC_REPRESENTATION_CONTEXT() REPRESENTATION_CONTEXT('2D SPACE',''
  ) );
#12279 = ORIENTED_EDGE('',*,*,#12280,.F.);
#12280 = EDGE_CURVE('',#11346,#12231,#12281,.T.);
#12281 = SURFACE_CURVE('',#12282,(#12285,#12292),.PCURVE_S1.);
#12282 = B_SPLINE_CURVE_WITH_KNOTS('',1,(#12283,#12284),.UNSPECIFIED.,
  .F.,.F.,(2,2),(0.,0.6),.PIECEWISE_BEZIER_KNOTS.);
#12283 = CARTESIAN_POINT('',(44.76206381204,-3.497048301356,7.775390725)
  );
#12284 = CARTESIAN_POINT('',(44.163224393238,-3.534349112191,7.775390725
    ));
#12285 = PCURVE('',#11361,#12286);
#12286 = DEFINITIONAL_REPRESENTATION('',(#12287),#12291);
#12287 = B_SPLINE_CURVE_WITH_KNOTS('',2,(#12288,#12289,#12290),
  .UNSPECIFIED.,.F.,.F.,(3,3),(0.,0.6),.PIECEWISE_BEZIER_KNOTS.);
#12288 = CARTESIAN_POINT('',(1.,0.));
#12289 = CARTESIAN_POINT('',(1.,-0.3));
#12290 = CARTESIAN_POINT('',(1.,-0.6));
#12291 = ( GEOMETRIC_REPRESENTATION_CONTEXT(2) 
PARAMETRIC_REPRESENTATION_CONTEXT() REPRESENTATION_CONTEXT('2D SPACE',''
  ) );
#12292 = PCURVE('',#11391,#12293);
#12293 = DEFINITIONAL_REPRESENTATION('',(#12294),#12298);
#12294 = B_SPLINE_CURVE_WITH_KNOTS('',2,(#12295,#12296,#12297),
  .UNSPECIFIED.,.F.,.F.,(3,3),(0.,0.6),.PIECEWISE_BEZIER_KNOTS.);
#12295 = CARTESIAN_POINT('',(-2.09277230074E-18,-7.119291461293E-15));
#12296 = CARTESIAN_POINT('',(-2.09277230074E-18,-0.3));
#12297 = CARTESIAN_POINT('',(-2.09277230074E-18,-0.6));
#12298 = ( GEOMETRIC_REPRESENTATION_CONTEXT(2) 
PARAMETRIC_REPRESENTATION_CONTEXT() REPRESENTATION_CONTEXT('2D SPACE',''
  ) );
#12299 = ADVANCED_FACE('',(#12300),#11391,.F.);
#12300 = FACE_BOUND('',#12301,.F.);
#12301 = EDGE_LOOP('',(#12302,#12303,#12304,#12369));
#12302 = ORIENTED_EDGE('',*,*,#11375,.F.);
#12303 = ORIENTED_EDGE('',*,*,#12280,.T.);
#12304 = ORIENTED_EDGE('',*,*,#12305,.F.);
#12305 = EDGE_CURVE('',#12306,#12231,#12308,.T.);
#12306 = VERTEX_POINT('',#12307);
#12307 = CARTESIAN_POINT('',(44.417676219589,-2.794442894381,
    7.947509865625));
#12308 = SURFACE_CURVE('',#12309,(#12327,#12348),.PCURVE_S1.);
#12309 = B_SPLINE_CURVE_WITH_KNOTS('',4,(#12310,#12311,#12312,#12313,
    #12314,#12315,#12316,#12317,#12318,#12319,#12320,#12321,#12322,
    #12323,#12324,#12325,#12326),.UNSPECIFIED.,.F.,.F.,(5,3,3,3,3,5),(0.
    ,0.245691312865,0.4809837453,0.709821250459,0.941109648215,1.),
  .UNSPECIFIED.);
#12310 = CARTESIAN_POINT('',(44.417676219589,-2.794442894381,
    7.947509865625));
#12311 = CARTESIAN_POINT('',(44.420902467126,-2.847408850337,
    7.947509865625));
#12312 = CARTESIAN_POINT('',(44.42398607504,-2.899420682791,
    7.946008605705));
#12313 = CARTESIAN_POINT('',(44.426924746973,-2.950327879789,
    7.942898726452));
#12314 = CARTESIAN_POINT('',(44.43239127965,-3.047476631602,
    7.933475622157));
#12315 = CARTESIAN_POINT('',(44.434931293028,-3.093825085649,
    7.927304213502));
#12316 = CARTESIAN_POINT('',(44.437335895328,-3.138839821891,
    7.919487596321));
#12317 = CARTESIAN_POINT('',(44.441812665507,-3.224679559126,
    7.900718588337));
#12318 = CARTESIAN_POINT('',(44.443892172063,-3.265586617731,
    7.88985863622));
#12319 = CARTESIAN_POINT('',(44.445844216203,-3.30492553346,
    7.877344347735));
#12320 = CARTESIAN_POINT('',(44.449517650191,-3.380605923869,
    7.848846840863));
#12321 = CARTESIAN_POINT('',(44.451236361489,-3.416911915895,
    7.832828046265));
#12322 = CARTESIAN_POINT('',(44.452829739266,-3.451345576901,
    7.815111955117));
#12323 = CARTESIAN_POINT('',(44.454677611539,-3.492088904983,
    7.79081859299));
#12324 = CARTESIAN_POINT('',(44.455044814633,-3.500230593211,
    7.785781588147));
#12325 = CARTESIAN_POINT('',(44.455404283275,-3.508243918263,
    7.780638621239));
#12326 = CARTESIAN_POINT('',(44.455756105312,-3.516127749815,7.775390725
    ));
#12327 = PCURVE('',#11391,#12328);
#12328 = DEFINITIONAL_REPRESENTATION('',(#12329),#12347);
#12329 = B_SPLINE_CURVE_WITH_KNOTS('',4,(#12330,#12331,#12332,#12333,
    #12334,#12335,#12336,#12337,#12338,#12339,#12340,#12341,#12342,
    #12343,#12344,#12345,#12346),.UNSPECIFIED.,.F.,.F.,(5,3,3,3,3,5),(0.
    ,0.245691312865,0.4809837453,0.709821250459,0.941109648215,1.),
  .UNSPECIFIED.);
#12330 = CARTESIAN_POINT('',(1.,-0.300041857214));
#12331 = CARTESIAN_POINT('',(0.942802514764,-0.300114638721));
#12332 = CARTESIAN_POINT('',(0.884712974987,-0.300270467975));
#12333 = CARTESIAN_POINT('',(0.825755575073,-0.300502279863));
#12334 = CARTESIAN_POINT('',(0.708773589995,-0.301085866468));
#12335 = CARTESIAN_POINT('',(0.650815322041,-0.301432157771));
#12336 = CARTESIAN_POINT('',(0.592188013203,-0.301830683634));
#12337 = CARTESIAN_POINT('',(0.475435755822,-0.302699059215));
#12338 = CARTESIAN_POINT('',(0.417340756143,-0.303166685811));
#12339 = CARTESIAN_POINT('',(0.358816656829,-0.303664039937));
#12340 = CARTESIAN_POINT('',(0.240553443759,-0.304702611357));
#12341 = CARTESIAN_POINT('',(0.180806991551,-0.305244296134));
#12342 = CARTESIAN_POINT('',(0.120903371854,-0.30579467289));
#12343 = CARTESIAN_POINT('',(4.574750703837E-02,-0.306483306916));
#12344 = CARTESIAN_POINT('',(3.049496698025E-02,-0.306622966725));
#12345 = CARTESIAN_POINT('',(1.524495247831E-02,-0.30676236594));
#12346 = CARTESIAN_POINT('',(0.,-0.306901346616));
#12347 = ( GEOMETRIC_REPRESENTATION_CONTEXT(2) 
PARAMETRIC_REPRESENTATION_CONTEXT() REPRESENTATION_CONTEXT('2D SPACE',''
  ) );
#12348 = PCURVE('',#11938,#12349);
#12349 = DEFINITIONAL_REPRESENTATION('',(#12350),#12368);
#12350 = B_SPLINE_CURVE_WITH_KNOTS('',4,(#12351,#12352,#12353,#12354,
    #12355,#12356,#12357,#12358,#12359,#12360,#12361,#12362,#12363,
    #12364,#12365,#12366,#12367),.UNSPECIFIED.,.F.,.F.,(5,3,3,3,3,5),(0.
    ,0.245691312865,0.4809837453,0.709821250459,0.941109648215,1.),
  .UNSPECIFIED.);
#12351 = CARTESIAN_POINT('',(-4.651552424354,-8.052490234375));
#12352 = CARTESIAN_POINT('',(-4.652744876559,-8.052490234375));
#12353 = CARTESIAN_POINT('',(-4.653915732559,-8.053991494295));
#12354 = CARTESIAN_POINT('',(-4.655061617757,-8.057101373548));
#12355 = CARTESIAN_POINT('',(-4.657248189226,-8.066524477843));
#12356 = CARTESIAN_POINT('',(-4.658291289263,-8.072695886498));
#12357 = CARTESIAN_POINT('',(-4.659304297781,-8.080512503679));
#12358 = CARTESIAN_POINT('',(-4.661235902178,-8.099281511663));
#12359 = CARTESIAN_POINT('',(-4.662156348131,-8.11014146378));
#12360 = CARTESIAN_POINT('',(-4.663041455869,-8.122655752265));
#12361 = CARTESIAN_POINT('',(-4.664744141037,-8.151153259137));
#12362 = CARTESIAN_POINT('',(-4.665560919127,-8.167172053735));
#12363 = CARTESIAN_POINT('',(-4.666335536942,-8.184888144883));
#12364 = CARTESIAN_POINT('',(-4.667252058532,-8.20918150701));
#12365 = CARTESIAN_POINT('',(-4.667435203801,-8.214218511853));
#12366 = CARTESIAN_POINT('',(-4.66761545961,-8.219361478761));
#12367 = CARTESIAN_POINT('',(-4.667792800684,-8.224609375));
#12368 = ( GEOMETRIC_REPRESENTATION_CONTEXT(2) 
PARAMETRIC_REPRESENTATION_CONTEXT() REPRESENTATION_CONTEXT('2D SPACE',''
  ) );
#12369 = ORIENTED_EDGE('',*,*,#12370,.F.);
#12370 = EDGE_CURVE('',#11376,#12306,#12371,.T.);
#12371 = SURFACE_CURVE('',#12372,(#12375,#12382),.PCURVE_S1.);
#12372 = B_SPLINE_CURVE_WITH_KNOTS('',1,(#12373,#12374),.UNSPECIFIED.,
  .F.,.F.,(2,2),(0.,0.6),.PIECEWISE_BEZIER_KNOTS.);
#12373 = CARTESIAN_POINT('',(44.717137705239,-2.775789886783,
    7.947509865625));
#12374 = CARTESIAN_POINT('',(44.118298286438,-2.813090697619,
    7.947509865625));
#12375 = PCURVE('',#11391,#12376);
#12376 = DEFINITIONAL_REPRESENTATION('',(#12377),#12381);
#12377 = B_SPLINE_CURVE_WITH_KNOTS('',2,(#12378,#12379,#12380),
  .UNSPECIFIED.,.F.,.F.,(3,3),(0.,0.6),.PIECEWISE_BEZIER_KNOTS.);
#12378 = CARTESIAN_POINT('',(1.,-7.119291461293E-15));
#12379 = CARTESIAN_POINT('',(1.,-0.3));
#12380 = CARTESIAN_POINT('',(1.,-0.6));
#12381 = ( GEOMETRIC_REPRESENTATION_CONTEXT(2) 
PARAMETRIC_REPRESENTATION_CONTEXT() REPRESENTATION_CONTEXT('2D SPACE',''
  ) );
#12382 = PCURVE('',#11421,#12383);
#12383 = DEFINITIONAL_REPRESENTATION('',(#12384),#12388);
#12384 = B_SPLINE_CURVE_WITH_KNOTS('',2,(#12385,#12386,#12387),
  .UNSPECIFIED.,.F.,.F.,(3,3),(0.,0.6),.PIECEWISE_BEZIER_KNOTS.);
#12385 = CARTESIAN_POINT('',(-3.413039605993E-18,-7.119291461293E-15));
#12386 = CARTESIAN_POINT('',(9.438751682941E-16,-0.3));
#12387 = CARTESIAN_POINT('',(1.005181920789E-15,-0.6));
#12388 = ( GEOMETRIC_REPRESENTATION_CONTEXT(2) 
PARAMETRIC_REPRESENTATION_CONTEXT() REPRESENTATION_CONTEXT('2D SPACE',''
  ) );
#12389 = ADVANCED_FACE('',(#12390),#11421,.F.);
#12390 = FACE_BOUND('',#12391,.F.);
#12391 = EDGE_LOOP('',(#12392,#12393,#12394,#12450));
#12392 = ORIENTED_EDGE('',*,*,#11405,.F.);
#12393 = ORIENTED_EDGE('',*,*,#12370,.T.);
#12394 = ORIENTED_EDGE('',*,*,#12395,.F.);
#12395 = EDGE_CURVE('',#12396,#12306,#12398,.T.);
#12396 = VERTEX_POINT('',#12397);
#12397 = CARTESIAN_POINT('',(44.367318045765,-2.066184421673,
    7.79736338125));
#12398 = SURFACE_CURVE('',#12399,(#12414,#12432),.PCURVE_S1.);
#12399 = B_SPLINE_CURVE_WITH_KNOTS('',4,(#12400,#12401,#12402,#12403,
    #12404,#12405,#12406,#12407,#12408,#12409,#12410,#12411,#12412,
    #12413),.UNSPECIFIED.,.F.,.F.,(5,3,3,3,5),(0.,0.299686282187,
    0.527891306256,0.760688761058,1.),.UNSPECIFIED.);
#12400 = CARTESIAN_POINT('',(44.367318045765,-2.066184421673,
    7.79736338125));
#12401 = CARTESIAN_POINT('',(44.37076668448,-2.110743265101,
    7.820457948178));
#12402 = CARTESIAN_POINT('',(44.374338650925,-2.157670637989,
    7.841195814344));
#12403 = CARTESIAN_POINT('',(44.378009937854,-2.206844546115,
    7.859506645222));
#12404 = CARTESIAN_POINT('',(44.384602141789,-2.297091497142,
    7.88750628598));
#12405 = CARTESIAN_POINT('',(44.387493252198,-2.337299882667,
    7.898209842144));
#12406 = CARTESIAN_POINT('',(44.390413360611,-2.378621570511,
    7.907518437554));
#12407 = CARTESIAN_POINT('',(44.396346232061,-2.464161382589,
    7.923565422092));
#12408 = CARTESIAN_POINT('',(44.399359718788,-2.508421497898,
    7.930248088136));
#12409 = CARTESIAN_POINT('',(44.402377776438,-2.553649358173,
    7.935542016715));
#12410 = CARTESIAN_POINT('',(44.408483928274,-2.647139925058,
    7.943564471382));
#12411 = CARTESIAN_POINT('',(44.411571644389,-2.695452464215,
    7.946216762397));
#12412 = CARTESIAN_POINT('',(44.414639251358,-2.744584374935,
    7.947509865625));
#12413 = CARTESIAN_POINT('',(44.417676219589,-2.794442894381,
    7.947509865625));
#12414 = PCURVE('',#11421,#12415);
#12415 = DEFINITIONAL_REPRESENTATION('',(#12416),#12431);
#12416 = B_SPLINE_CURVE_WITH_KNOTS('',4,(#12417,#12418,#12419,#12420,
    #12421,#12422,#12423,#12424,#12425,#12426,#12427,#12428,#12429,
    #12430),.UNSPECIFIED.,.F.,.F.,(5,3,3,3,5),(0.,0.299686282187,
    0.527891306256,0.760688761058,1.),.UNSPECIFIED.);
#12417 = CARTESIAN_POINT('',(1.,-0.305028237239));
#12418 = CARTESIAN_POINT('',(0.923093214523,-0.304356404215));
#12419 = CARTESIAN_POINT('',(0.846147659886,-0.303708728797));
#12420 = CARTESIAN_POINT('',(0.769382942485,-0.303101587654));
#12421 = CARTESIAN_POINT('',(0.634835928142,-0.302132609114));
#12422 = CARTESIAN_POINT('',(0.576892455388,-0.301746766623));
#12423 = CARTESIAN_POINT('',(0.519256942674,-0.301401194017));
#12424 = CARTESIAN_POINT('',(0.403590785609,-0.300797639115));
#12425 = CARTESIAN_POINT('',(0.345575291008,-0.300541545029));
#12426 = CARTESIAN_POINT('',(0.288027752682,-0.300341051648));
#12427 = CARTESIAN_POINT('',(0.172376547891,-0.300058834205));
#12428 = CARTESIAN_POINT('',(0.114302352856,-0.299980585472));
#12429 = CARTESIAN_POINT('',(5.683300159451E-02,-0.299973345694));
#12430 = CARTESIAN_POINT('',(0.,-0.300041857214));
#12431 = ( GEOMETRIC_REPRESENTATION_CONTEXT(2) 
PARAMETRIC_REPRESENTATION_CONTEXT() REPRESENTATION_CONTEXT('2D SPACE',''
  ) );
#12432 = PCURVE('',#11938,#12433);
#12433 = DEFINITIONAL_REPRESENTATION('',(#12434),#12449);
#12434 = B_SPLINE_CURVE_WITH_KNOTS('',4,(#12435,#12436,#12437,#12438,
    #12439,#12440,#12441,#12442,#12443,#12444,#12445,#12446,#12447,
    #12448),.UNSPECIFIED.,.F.,.F.,(5,3,3,3,5),(0.,0.299686282187,
    0.527891306256,0.760688761058,1.),.UNSPECIFIED.);
#12435 = CARTESIAN_POINT('',(-4.635147802227,-8.20263671875));
#12436 = CARTESIAN_POINT('',(-4.636152119039,-8.179542151822));
#12437 = CARTESIAN_POINT('',(-4.637209716394,-8.158804285656));
#12438 = CARTESIAN_POINT('',(-4.638317822062,-8.140493454778));
#12439 = CARTESIAN_POINT('',(-4.640351246752,-8.11249381402));
#12440 = CARTESIAN_POINT('',(-4.64125713811,-8.101790257856));
#12441 = CARTESIAN_POINT('',(-4.642188030307,-8.092481662446));
#12442 = CARTESIAN_POINT('',(-4.644114891236,-8.076434677908));
#12443 = CARTESIAN_POINT('',(-4.645111802447,-8.069752011864));
#12444 = CARTESIAN_POINT('',(-4.646130418194,-8.064458083285));
#12445 = CARTESIAN_POINT('',(-4.648235806066,-8.056435628618));
#12446 = CARTESIAN_POINT('',(-4.649323695081,-8.053783337603));
#12447 = CARTESIAN_POINT('',(-4.650429931606,-8.052490234375));
#12448 = CARTESIAN_POINT('',(-4.651552424354,-8.052490234375));
#12449 = ( GEOMETRIC_REPRESENTATION_CONTEXT(2) 
PARAMETRIC_REPRESENTATION_CONTEXT() REPRESENTATION_CONTEXT('2D SPACE',''
  ) );
#12450 = ORIENTED_EDGE('',*,*,#12451,.F.);
#12451 = EDGE_CURVE('',#11406,#12396,#12452,.T.);
#12452 = SURFACE_CURVE('',#12453,(#12456,#12463),.PCURVE_S1.);
#12453 = B_SPLINE_CURVE_WITH_KNOTS('',1,(#12454,#12455),.UNSPECIFIED.,
  .F.,.F.,(2,2),(0.,0.6),.PIECEWISE_BEZIER_KNOTS.);
#12454 = CARTESIAN_POINT('',(44.671756266275,-2.047221420712,
    7.79736338125));
#12455 = CARTESIAN_POINT('',(44.072916847474,-2.084522231547,
    7.79736338125));
#12456 = PCURVE('',#11421,#12457);
#12457 = DEFINITIONAL_REPRESENTATION('',(#12458),#12462);
#12458 = B_SPLINE_CURVE_WITH_KNOTS('',2,(#12459,#12460,#12461),
  .UNSPECIFIED.,.F.,.F.,(3,3),(0.,0.6),.PIECEWISE_BEZIER_KNOTS.);
#12459 = CARTESIAN_POINT('',(1.,0.));
#12460 = CARTESIAN_POINT('',(1.,-0.3));
#12461 = CARTESIAN_POINT('',(1.,-0.6));
#12462 = ( GEOMETRIC_REPRESENTATION_CONTEXT(2) 
PARAMETRIC_REPRESENTATION_CONTEXT() REPRESENTATION_CONTEXT('2D SPACE',''
  ) );
#12463 = PCURVE('',#11449,#12464);
#12464 = DEFINITIONAL_REPRESENTATION('',(#12465),#12469);
#12465 = B_SPLINE_CURVE_WITH_KNOTS('',2,(#12466,#12467,#12468),
  .UNSPECIFIED.,.F.,.F.,(3,3),(0.,0.6),.PIECEWISE_BEZIER_KNOTS.);
#12466 = CARTESIAN_POINT('',(0.,0.));
#12467 = CARTESIAN_POINT('',(-2.380365668806E-16,-0.3));
#12468 = CARTESIAN_POINT('',(2.495981849117E-18,-0.6));
#12469 = ( GEOMETRIC_REPRESENTATION_CONTEXT(2) 
PARAMETRIC_REPRESENTATION_CONTEXT() REPRESENTATION_CONTEXT('2D SPACE',''
  ) );
#12470 = ADVANCED_FACE('',(#12471),#11449,.F.);
#12471 = FACE_BOUND('',#12472,.F.);
#12472 = EDGE_LOOP('',(#12473,#12474,#12475,#12517));
#12473 = ORIENTED_EDGE('',*,*,#11435,.F.);
#12474 = ORIENTED_EDGE('',*,*,#12451,.T.);
#12475 = ORIENTED_EDGE('',*,*,#12476,.F.);
#12476 = EDGE_CURVE('',#11883,#12396,#12477,.T.);
#12477 = SURFACE_CURVE('',#12478,(#12489,#12503),.PCURVE_S1.);
#12478 = B_SPLINE_CURVE_WITH_KNOTS('',5,(#12479,#12480,#12481,#12482,
    #12483,#12484,#12485,#12486,#12487,#12488),.UNSPECIFIED.,.F.,.F.,(6,
    4,6),(0.,0.483297620418,1.),.UNSPECIFIED.);
#12479 = CARTESIAN_POINT('',(44.34395017252,-1.776549571019,
    7.395752053125));
#12480 = CARTESIAN_POINT('',(44.34395017252,-1.776549571019,
    7.443319258596));
#12481 = CARTESIAN_POINT('',(44.344493889768,-1.783025564428,
    7.489390342317));
#12482 = CARTESIAN_POINT('',(44.345616838165,-1.7963963732,
    7.533615373701));
#12483 = CARTESIAN_POINT('',(44.347326287724,-1.816875303209,
    7.575665687226));
#12484 = CARTESIAN_POINT('',(44.352001205605,-1.873589428073,
    7.657647633657));
#12485 = CARTESIAN_POINT('',(44.355046162537,-1.910825486725,
    7.697245826561));
#12486 = CARTESIAN_POINT('',(44.358677165863,-1.955784980862,
    7.733765652566));
#12487 = CARTESIAN_POINT('',(44.362802383005,-2.007838875368,
    7.767123253356));
#12488 = CARTESIAN_POINT('',(44.367318045765,-2.066184421673,
    7.79736338125));
#12489 = PCURVE('',#11449,#12490);
#12490 = DEFINITIONAL_REPRESENTATION('',(#12491),#12502);
#12491 = B_SPLINE_CURVE_WITH_KNOTS('',5,(#12492,#12493,#12494,#12495,
    #12496,#12497,#12498,#12499,#12500,#12501),.UNSPECIFIED.,.F.,.F.,(6,
    4,6),(0.,0.483297620418,1.),.UNSPECIFIED.);
#12492 = CARTESIAN_POINT('',(1.,-0.310344885334));
#12493 = CARTESIAN_POINT('',(0.905419770094,-0.310344885334));
#12494 = CARTESIAN_POINT('',(0.809309043018,-0.310204819474));
#12495 = CARTESIAN_POINT('',(0.712072216052,-0.30991527988));
#12496 = CARTESIAN_POINT('',(0.614214854123,-0.309482271403));
#12497 = CARTESIAN_POINT('',(0.411754150254,-0.308342200964));
#12498 = CARTESIAN_POINT('',(0.30711770442,-0.307618025865));
#12499 = CARTESIAN_POINT('',(0.203231669914,-0.30678908864));
#12500 = CARTESIAN_POINT('',(0.100702084435,-0.305907938367));
#12501 = CARTESIAN_POINT('',(0.,-0.305028237239));
#12502 = ( GEOMETRIC_REPRESENTATION_CONTEXT(2) 
PARAMETRIC_REPRESENTATION_CONTEXT() REPRESENTATION_CONTEXT('2D SPACE',''
  ) );
#12503 = PCURVE('',#11938,#12504);
#12504 = DEFINITIONAL_REPRESENTATION('',(#12505),#12516);
#12505 = B_SPLINE_CURVE_WITH_KNOTS('',5,(#12506,#12507,#12508,#12509,
    #12510,#12511,#12512,#12513,#12514,#12515),.UNSPECIFIED.,.F.,.F.,(6,
    4,6),(0.,0.483297620418,1.),.UNSPECIFIED.);
#12506 = CARTESIAN_POINT('',(-4.628617993166,-8.604248046875));
#12507 = CARTESIAN_POINT('',(-4.628617993166,-8.556680841404));
#12508 = CARTESIAN_POINT('',(-4.628764033112,-8.510609757683));
#12509 = CARTESIAN_POINT('',(-4.629065558601,-8.466384726299));
#12510 = CARTESIAN_POINT('',(-4.629527359562,-8.424334412774));
#12511 = CARTESIAN_POINT('',(-4.630806156737,-8.342352466343));
#12512 = CARTESIAN_POINT('',(-4.631645715022,-8.302754273439));
#12513 = CARTESIAN_POINT('',(-4.632659329431,-8.266234447434));
#12514 = CARTESIAN_POINT('',(-4.633832745359,-8.232876846644));
#12515 = CARTESIAN_POINT('',(-4.635147802227,-8.20263671875));
#12516 = ( GEOMETRIC_REPRESENTATION_CONTEXT(2) 
PARAMETRIC_REPRESENTATION_CONTEXT() REPRESENTATION_CONTEXT('2D SPACE',''
  ) );
#12517 = ORIENTED_EDGE('',*,*,#11882,.F.);
#12518 = ADVANCED_FACE('',(#12519),#11504,.F.);
#12519 = FACE_BOUND('',#12520,.F.);
#12520 = EDGE_LOOP('',(#12521,#12522,#12544,#12599));
#12521 = ORIENTED_EDGE('',*,*,#11486,.F.);
#12522 = ORIENTED_EDGE('',*,*,#12523,.T.);
#12523 = EDGE_CURVE('',#11487,#12524,#12526,.T.);
#12524 = VERTEX_POINT('',#12525);
#12525 = CARTESIAN_POINT('',(44.460416393626,-7.376532468519,
    7.112548928125));
#12526 = SURFACE_CURVE('',#12527,(#12530,#12537),.PCURVE_S1.);
#12527 = B_SPLINE_CURVE_WITH_KNOTS('',1,(#12528,#12529),.UNSPECIFIED.,
  .F.,.F.,(2,2),(0.,0.6),.PIECEWISE_BEZIER_KNOTS.);
#12528 = CARTESIAN_POINT('',(44.768742017105,-7.395737609991,
    7.112548928125));
#12529 = CARTESIAN_POINT('',(44.169902598303,-7.358436799156,
    7.112548928125));
#12530 = PCURVE('',#11504,#12531);
#12531 = DEFINITIONAL_REPRESENTATION('',(#12532),#12536);
#12532 = B_SPLINE_CURVE_WITH_KNOTS('',2,(#12533,#12534,#12535),
  .UNSPECIFIED.,.F.,.F.,(3,3),(0.,0.6),.PIECEWISE_BEZIER_KNOTS.);
#12533 = CARTESIAN_POINT('',(0.,0.));
#12534 = CARTESIAN_POINT('',(0.,-0.3));
#12535 = CARTESIAN_POINT('',(0.,-0.6));
#12536 = ( GEOMETRIC_REPRESENTATION_CONTEXT(2) 
PARAMETRIC_REPRESENTATION_CONTEXT() REPRESENTATION_CONTEXT('2D SPACE',''
  ) );
#12537 = PCURVE('',#11652,#12538);
#12538 = DEFINITIONAL_REPRESENTATION('',(#12539),#12543);
#12539 = B_SPLINE_CURVE_WITH_KNOTS('',2,(#12540,#12541,#12542),
  .UNSPECIFIED.,.F.,.F.,(3,3),(0.,0.6),.PIECEWISE_BEZIER_KNOTS.);
#12540 = CARTESIAN_POINT('',(1.,-7.091683315275E-15));
#12541 = CARTESIAN_POINT('',(1.,-0.3));
#12542 = CARTESIAN_POINT('',(1.,-0.6));
#12543 = ( GEOMETRIC_REPRESENTATION_CONTEXT(2) 
PARAMETRIC_REPRESENTATION_CONTEXT() REPRESENTATION_CONTEXT('2D SPACE',''
  ) );
#12544 = ORIENTED_EDGE('',*,*,#12545,.F.);
#12545 = EDGE_CURVE('',#12546,#12524,#12548,.T.);
#12546 = VERTEX_POINT('',#12547);
#12547 = CARTESIAN_POINT('',(44.450376843586,-7.600951799351,
    6.7548829125));
#12548 = SURFACE_CURVE('',#12549,(#12562,#12578),.PCURVE_S1.);
#12549 = B_SPLINE_CURVE_WITH_KNOTS('',6,(#12550,#12551,#12552,#12553,
    #12554,#12555,#12556,#12557,#12558,#12559,#12560,#12561),
  .UNSPECIFIED.,.F.,.F.,(7,5,7),(0.,0.242051257719,1.),.UNSPECIFIED.);
#12550 = CARTESIAN_POINT('',(44.450376843586,-7.600951799351,
    6.7548829125));
#12551 = CARTESIAN_POINT('',(44.45124192657,-7.582649016453,
    6.764143064165));
#12552 = CARTESIAN_POINT('',(44.45205833859,-7.565184033355,
    6.773953609575));
#12553 = CARTESIAN_POINT('',(44.452826506438,-7.548581302811,
    6.784313907389));
#12554 = CARTESIAN_POINT('',(44.453546975631,-7.532861007058,
    6.795220303947));
#12555 = CARTESIAN_POINT('',(44.454220410408,-7.518039057812,
    6.806666133267));
#12556 = CARTESIAN_POINT('',(44.456811528215,-7.460563787208,
    6.856141537337));
#12557 = CARTESIAN_POINT('',(44.458322594454,-7.425906475384,
    6.898849156707));
#12558 = CARTESIAN_POINT('',(44.459402173491,-7.400559188259,
    6.946437121394));
#12559 = CARTESIAN_POINT('',(44.460088818087,-7.384294463746,
    6.998349702685));
#12560 = CARTESIAN_POINT('',(44.460416393626,-7.376532468519,
    7.053937176547));
#12561 = CARTESIAN_POINT('',(44.460416393626,-7.376532468519,
    7.112548928125));
#12562 = PCURVE('',#11504,#12563);
#12563 = DEFINITIONAL_REPRESENTATION('',(#12564),#12577);
#12564 = B_SPLINE_CURVE_WITH_KNOTS('',6,(#12565,#12566,#12567,#12568,
    #12569,#12570,#12571,#12572,#12573,#12574,#12575,#12576),
  .UNSPECIFIED.,.F.,.F.,(7,5,7),(0.,0.242051257719,1.),.UNSPECIFIED.);
#12565 = CARTESIAN_POINT('',(1.,-0.304991599698));
#12566 = CARTESIAN_POINT('',(0.959215504066,-0.305266037783));
#12567 = CARTESIAN_POINT('',(0.918303258432,-0.305536968335));
#12568 = CARTESIAN_POINT('',(0.877293610802,-0.305802445208));
#12569 = CARTESIAN_POINT('',(0.836217993156,-0.30606066925));
#12570 = CARTESIAN_POINT('',(0.795108921753,-0.306309988308));
#12571 = CARTESIAN_POINT('',(0.625273305059,-0.307297006166));
#12572 = CARTESIAN_POINT('',(0.496500709594,-0.307943439173));
#12573 = CARTESIAN_POINT('',(0.368831501389,-0.308441738972));
#12574 = CARTESIAN_POINT('',(0.243130584964,-0.308767568241));
#12575 = CARTESIAN_POINT('',(0.120036867232,-0.308923174192));
#12576 = CARTESIAN_POINT('',(0.,-0.308923174192));
#12577 = ( GEOMETRIC_REPRESENTATION_CONTEXT(2) 
PARAMETRIC_REPRESENTATION_CONTEXT() REPRESENTATION_CONTEXT('2D SPACE',''
  ) );
#12578 = PCURVE('',#12579,#12584);
#12579 = CYLINDRICAL_SURFACE('',#12580,44.5);
#12580 = AXIS2_PLACEMENT_3D('',#12581,#12582,#12583);
#12581 = CARTESIAN_POINT('',(6.106226635438E-16,-5.5,16.0000001));
#12582 = DIRECTION('',(0.,1.224646799147E-16,1.));
#12583 = DIRECTION('',(1.110223024625E-16,-1.,1.224646799147E-16));
#12584 = DEFINITIONAL_REPRESENTATION('',(#12585),#12598);
#12585 = B_SPLINE_CURVE_WITH_KNOTS('',6,(#12586,#12587,#12588,#12589,
    #12590,#12591,#12592,#12593,#12594,#12595,#12596,#12597),
  .UNSPECIFIED.,.F.,.F.,(7,5,7),(0.,0.242051257719,1.),.UNSPECIFIED.);
#12586 = CARTESIAN_POINT('',(-4.759618937477,-9.2451171875));
#12587 = CARTESIAN_POINT('',(-4.759207179823,-9.235857035835));
#12588 = CARTESIAN_POINT('',(-4.758814279771,-9.226046490425));
#12589 = CARTESIAN_POINT('',(-4.758440785638,-9.215686192611));
#12590 = CARTESIAN_POINT('',(-4.7580871498,-9.204779796053));
#12591 = CARTESIAN_POINT('',(-4.757753728693,-9.193333966733));
#12592 = CARTESIAN_POINT('',(-4.756460837732,-9.143858562663));
#12593 = CARTESIAN_POINT('',(-4.755681282689,-9.101150943293));
#12594 = CARTESIAN_POINT('',(-4.755111164365,-9.053562978606));
#12595 = CARTESIAN_POINT('',(-4.754745339369,-9.001650397315));
#12596 = CARTESIAN_POINT('',(-4.754570757249,-8.946062923453));
#12597 = CARTESIAN_POINT('',(-4.754570757249,-8.887451171875));
#12598 = ( GEOMETRIC_REPRESENTATION_CONTEXT(2) 
PARAMETRIC_REPRESENTATION_CONTEXT() REPRESENTATION_CONTEXT('2D SPACE',''
  ) );
#12599 = ORIENTED_EDGE('',*,*,#12600,.F.);
#12600 = EDGE_CURVE('',#11489,#12546,#12601,.T.);
#12601 = SURFACE_CURVE('',#12602,(#12605,#12612),.PCURVE_S1.);
#12602 = B_SPLINE_CURVE_WITH_KNOTS('',1,(#12603,#12604),.UNSPECIFIED.,
  .F.,.F.,(2,2),(0.,0.6),.PIECEWISE_BEZIER_KNOTS.);
#12603 = CARTESIAN_POINT('',(44.754778497424,-7.619912522629,
    6.7548829125));
#12604 = CARTESIAN_POINT('',(44.155939078622,-7.582611711794,
    6.7548829125));
#12605 = PCURVE('',#11504,#12606);
#12606 = DEFINITIONAL_REPRESENTATION('',(#12607),#12611);
#12607 = B_SPLINE_CURVE_WITH_KNOTS('',2,(#12608,#12609,#12610),
  .UNSPECIFIED.,.F.,.F.,(3,3),(0.,0.6),.PIECEWISE_BEZIER_KNOTS.);
#12608 = CARTESIAN_POINT('',(1.,0.));
#12609 = CARTESIAN_POINT('',(1.,-0.3));
#12610 = CARTESIAN_POINT('',(1.,-0.6));
#12611 = ( GEOMETRIC_REPRESENTATION_CONTEXT(2) 
PARAMETRIC_REPRESENTATION_CONTEXT() REPRESENTATION_CONTEXT('2D SPACE',''
  ) );
#12612 = PCURVE('',#11534,#12613);
#12613 = DEFINITIONAL_REPRESENTATION('',(#12614),#12618);
#12614 = B_SPLINE_CURVE_WITH_KNOTS('',2,(#12615,#12616,#12617),
  .UNSPECIFIED.,.F.,.F.,(3,3),(0.,0.6),.PIECEWISE_BEZIER_KNOTS.);
#12615 = CARTESIAN_POINT('',(-9.793053514878E-16,-7.146899607311E-15));
#12616 = CARTESIAN_POINT('',(-2.836971347921E-15,-0.3));
#12617 = CARTESIAN_POINT('',(-9.793053514878E-16,-0.6));
#12618 = ( GEOMETRIC_REPRESENTATION_CONTEXT(2) 
PARAMETRIC_REPRESENTATION_CONTEXT() REPRESENTATION_CONTEXT('2D SPACE',''
  ) );
#12619 = ADVANCED_FACE('',(#12620),#11534,.F.);
#12620 = FACE_BOUND('',#12621,.F.);
#12621 = EDGE_LOOP('',(#12622,#12623,#12624,#12692));
#12622 = ORIENTED_EDGE('',*,*,#11518,.F.);
#12623 = ORIENTED_EDGE('',*,*,#12600,.T.);
#12624 = ORIENTED_EDGE('',*,*,#12625,.F.);
#12625 = EDGE_CURVE('',#12626,#12546,#12628,.T.);
#12626 = VERTEX_POINT('',#12627);
#12627 = CARTESIAN_POINT('',(44.413163003154,-8.278660118702,
    6.641357521875));
#12628 = SURFACE_CURVE('',#12629,(#12648,#12670),.PCURVE_S1.);
#12629 = B_SPLINE_CURVE_WITH_KNOTS('',5,(#12630,#12631,#12632,#12633,
    #12634,#12635,#12636,#12637,#12638,#12639,#12640,#12641,#12642,
    #12643,#12644,#12645,#12646,#12647),.UNSPECIFIED.,.F.,.F.,(6,4,4,4,6
    ),(0.,0.250268792047,0.495129369005,0.72974437554,1.),
  .UNSPECIFIED.);
#12630 = CARTESIAN_POINT('',(44.413163003154,-8.278660118702,
    6.641357521875));
#12631 = CARTESIAN_POINT('',(44.415744040117,-8.237405697343,
    6.641357521875));
#12632 = CARTESIAN_POINT('',(44.418236521483,-8.196798140228,
    6.641945353986));
#12633 = CARTESIAN_POINT('',(44.420640002631,-8.156892806309,
    6.643151854676));
#12634 = CARTESIAN_POINT('',(44.422954063895,-8.117751833865,
    6.645008780895));
#12635 = CARTESIAN_POINT('',(44.427354492108,-8.041964262075,
    6.650033950174));
#12636 = CARTESIAN_POINT('',(44.429444703575,-8.005281962392,
    6.653172784609));
#12637 = CARTESIAN_POINT('',(44.431448562297,-7.969462252264,
    6.6569960899));
#12638 = CARTESIAN_POINT('',(44.433365781014,-7.934575223605,
    6.661533493039));
#12639 = CARTESIAN_POINT('',(44.436949966852,-7.868234463452,
    6.671872522609));
#12640 = CARTESIAN_POINT('',(44.438624057813,-7.836697816151,
    6.677613034353));
#12641 = CARTESIAN_POINT('',(44.440218259303,-7.806152793823,
    6.684060124332));
#12642 = CARTESIAN_POINT('',(44.441732564986,-7.776667048137,
    6.691235259794));
#12643 = CARTESIAN_POINT('',(44.444819650705,-7.715643472349,
    6.708280542752));
#12644 = CARTESIAN_POINT('',(44.446366387145,-7.684473799359,
    6.718394383987));
#12645 = CARTESIAN_POINT('',(44.447807592378,-7.654904427114,
    6.729523833164));
#12646 = CARTESIAN_POINT('',(44.449143998798,-7.627035413192,
    6.741686109507));
#12647 = CARTESIAN_POINT('',(44.450376843586,-7.600951799351,
    6.7548829125));
#12648 = PCURVE('',#11534,#12649);
#12649 = DEFINITIONAL_REPRESENTATION('',(#12650),#12669);
#12650 = B_SPLINE_CURVE_WITH_KNOTS('',5,(#12651,#12652,#12653,#12654,
    #12655,#12656,#12657,#12658,#12659,#12660,#12661,#12662,#12663,
    #12664,#12665,#12666,#12667,#12668),.UNSPECIFIED.,.F.,.F.,(6,4,4,4,6
    ),(0.,0.250268792047,0.495129369005,0.72974437554,1.),
  .UNSPECIFIED.);
#12651 = CARTESIAN_POINT('',(1.,-0.300001674288));
#12652 = CARTESIAN_POINT('',(0.954486964794,-0.299990335442));
#12653 = CARTESIAN_POINT('',(0.90838244579,-0.300027166631));
#12654 = CARTESIAN_POINT('',(0.861678673171,-0.300109170062));
#12655 = CARTESIAN_POINT('',(0.814373276683,-0.300232901573));
#12656 = CARTESIAN_POINT('',(0.719600481936,-0.300552548249));
#12657 = CARTESIAN_POINT('',(0.672159046379,-0.300746845751));
#12658 = CARTESIAN_POINT('',(0.624147945207,-0.300973703483));
#12659 = CARTESIAN_POINT('',(0.575578280643,-0.301229050674));
#12660 = CARTESIAN_POINT('',(0.47941514238,-0.301776071309));
#12661 = CARTESIAN_POINT('',(0.431866091972,-0.302065789404));
#12662 = CARTESIAN_POINT('',(0.383839529157,-0.302373595081));
#12663 = CARTESIAN_POINT('',(0.335362017428,-0.302695288893));
#12664 = CARTESIAN_POINT('',(0.230149224966,-0.303407889291));
#12665 = CARTESIAN_POINT('',(0.173277890813,-0.3038019015));
#12666 = CARTESIAN_POINT('',(0.115911853485,-0.304201753261));
#12667 = CARTESIAN_POINT('',(5.812269361277E-02,-0.304600493216));
#12668 = CARTESIAN_POINT('',(0.,-0.304991599698));
#12669 = ( GEOMETRIC_REPRESENTATION_CONTEXT(2) 
PARAMETRIC_REPRESENTATION_CONTEXT() REPRESENTATION_CONTEXT('2D SPACE',''
  ) );
#12670 = PCURVE('',#12579,#12671);
#12671 = DEFINITIONAL_REPRESENTATION('',(#12672),#12691);
#12672 = B_SPLINE_CURVE_WITH_KNOTS('',5,(#12673,#12674,#12675,#12676,
    #12677,#12678,#12679,#12680,#12681,#12682,#12683,#12684,#12685,
    #12686,#12687,#12688,#12689,#12690),.UNSPECIFIED.,.F.,.F.,(6,4,4,4,6
    ),(0.,0.250268792047,0.495129369005,0.72974437554,1.),
  .UNSPECIFIED.);
#12673 = CARTESIAN_POINT('',(-4.774871428703,-9.358642578125));
#12674 = CARTESIAN_POINT('',(-4.773942550448,-9.358642578125));
#12675 = CARTESIAN_POINT('',(-4.773028304366,-9.358054746014));
#12676 = CARTESIAN_POINT('',(-4.772129930988,-9.356848245324));
#12677 = CARTESIAN_POINT('',(-4.771248823217,-9.354991319106));
#12678 = CARTESIAN_POINT('',(-4.769542863339,-9.349966149826));
#12679 = CARTESIAN_POINT('',(-4.768717205324,-9.346827315392));
#12680 = CARTESIAN_POINT('',(-4.767911009976,-9.3430040101));
#12681 = CARTESIAN_POINT('',(-4.767125849205,-9.338466606961));
#12682 = CARTESIAN_POINT('',(-4.765632871433,-9.328127577391));
#12683 = CARTESIAN_POINT('',(-4.764923185235,-9.322387065647));
#12684 = CARTESIAN_POINT('',(-4.764235846333,-9.315939975668));
#12685 = CARTESIAN_POINT('',(-4.763572372251,-9.308764840206));
#12686 = CARTESIAN_POINT('',(-4.762199302334,-9.291719557248));
#12687 = CARTESIAN_POINT('',(-4.761497998697,-9.281605716013));
#12688 = CARTESIAN_POINT('',(-4.760832729933,-9.270476266836));
#12689 = CARTESIAN_POINT('',(-4.760205740463,-9.258313990493));
#12690 = CARTESIAN_POINT('',(-4.759618937477,-9.2451171875));
#12691 = ( GEOMETRIC_REPRESENTATION_CONTEXT(2) 
PARAMETRIC_REPRESENTATION_CONTEXT() REPRESENTATION_CONTEXT('2D SPACE',''
  ) );
#12692 = ORIENTED_EDGE('',*,*,#12693,.F.);
#12693 = EDGE_CURVE('',#11519,#12626,#12694,.T.);
#12694 = SURFACE_CURVE('',#12695,(#12698,#12705),.PCURVE_S1.);
#12695 = B_SPLINE_CURVE_WITH_KNOTS('',1,(#12696,#12697),.UNSPECIFIED.,
  .F.,.F.,(2,2),(0.,0.6),.PIECEWISE_BEZIER_KNOTS.);
#12696 = CARTESIAN_POINT('',(44.712584383604,-8.297310628207,
    6.641357521875));
#12697 = CARTESIAN_POINT('',(44.113744964802,-8.260009817372,
    6.641357521875));
#12698 = PCURVE('',#11534,#12699);
#12699 = DEFINITIONAL_REPRESENTATION('',(#12700),#12704);
#12700 = B_SPLINE_CURVE_WITH_KNOTS('',2,(#12701,#12702,#12703),
  .UNSPECIFIED.,.F.,.F.,(3,3),(0.,0.6),.PIECEWISE_BEZIER_KNOTS.);
#12701 = CARTESIAN_POINT('',(1.,0.));
#12702 = CARTESIAN_POINT('',(1.,-0.3));
#12703 = CARTESIAN_POINT('',(1.,-0.6));
#12704 = ( GEOMETRIC_REPRESENTATION_CONTEXT(2) 
PARAMETRIC_REPRESENTATION_CONTEXT() REPRESENTATION_CONTEXT('2D SPACE',''
  ) );
#12705 = PCURVE('',#11564,#12706);
#12706 = DEFINITIONAL_REPRESENTATION('',(#12707),#12711);
#12707 = B_SPLINE_CURVE_WITH_KNOTS('',2,(#12708,#12709,#12710),
  .UNSPECIFIED.,.F.,.F.,(3,3),(0.,0.6),.PIECEWISE_BEZIER_KNOTS.);
#12708 = CARTESIAN_POINT('',(0.,0.));
#12709 = CARTESIAN_POINT('',(-5.126622724643E-16,-0.3));
#12710 = CARTESIAN_POINT('',(0.,-0.6));
#12711 = ( GEOMETRIC_REPRESENTATION_CONTEXT(2) 
PARAMETRIC_REPRESENTATION_CONTEXT() REPRESENTATION_CONTEXT('2D SPACE',''
  ) );
#12712 = ADVANCED_FACE('',(#12713),#11564,.F.);
#12713 = FACE_BOUND('',#12714,.F.);
#12714 = EDGE_LOOP('',(#12715,#12716,#12717,#12827));
#12715 = ORIENTED_EDGE('',*,*,#11548,.F.);
#12716 = ORIENTED_EDGE('',*,*,#12693,.T.);
#12717 = ORIENTED_EDGE('',*,*,#12718,.F.);
#12718 = EDGE_CURVE('',#12719,#12626,#12721,.T.);
#12719 = VERTEX_POINT('',#12720);
#12720 = CARTESIAN_POINT('',(44.348815503141,-9.165046175479,
    7.112548928125));
#12721 = SURFACE_CURVE('',#12722,(#12755,#12791),.PCURVE_S1.);
#12722 = B_SPLINE_CURVE_WITH_KNOTS('',6,(#12723,#12724,#12725,#12726,
    #12727,#12728,#12729,#12730,#12731,#12732,#12733,#12734,#12735,
    #12736,#12737,#12738,#12739,#12740,#12741,#12742,#12743,#12744,
    #12745,#12746,#12747,#12748,#12749,#12750,#12751,#12752,#12753,
    #12754),.UNSPECIFIED.,.F.,.F.,(7,5,5,5,5,5,7),(0.,0.126518713045,
    0.196251891399,0.34029434501,0.551184572178,0.673757287278,1.),
  .UNSPECIFIED.);
#12723 = CARTESIAN_POINT('',(44.348815503141,-9.165046175479,
    7.112548928125));
#12724 = CARTESIAN_POINT('',(44.348815503141,-9.165046175479,
    7.09324162273));
#12725 = CARTESIAN_POINT('',(44.348889254048,-9.164153752887,
    7.07410537556));
#12726 = CARTESIAN_POINT('',(44.349041090733,-9.162316458259,
    7.05516990879));
#12727 = CARTESIAN_POINT('',(44.349275323546,-9.159480491726,
    7.036470648087));
#12728 = CARTESIAN_POINT('',(44.349595841704,-9.155594840815,
    7.018047697849));
#12729 = CARTESIAN_POINT('',(44.350231626985,-9.147870915496,
    6.989967071457));
#12730 = CARTESIAN_POINT('',(44.350484675702,-9.144794222463,
    6.980086578422));
#12731 = CARTESIAN_POINT('',(44.350765387523,-9.141377842836,
    6.97031080653));
#12732 = CARTESIAN_POINT('',(44.351074181113,-9.137615277306,
    6.960647421593));
#12733 = CARTESIAN_POINT('',(44.351411369089,-9.133501023601,
    6.951104286063));
#12734 = CARTESIAN_POINT('',(44.35253274004,-9.119796318322,
    6.922241976238));
#12735 = CARTESIAN_POINT('',(44.353410405834,-9.109041585419,6.90333991)
  );
#12736 = CARTESIAN_POINT('',(44.354411765554,-9.096729443169,
    6.885057491147));
#12737 = CARTESIAN_POINT('',(44.355536036481,-9.082845865298,
    6.867464084315));
#12738 = CARTESIAN_POINT('',(44.356779599036,-9.067406961696,
    6.850621013953));
#12739 = CARTESIAN_POINT('',(44.360120782719,-9.0256635201,
    6.811090644505));
#12740 = CARTESIAN_POINT('',(44.362347718889,-8.997631926069,
    6.78930984744));
#12741 = CARTESIAN_POINT('',(44.364794404133,-8.96654310267,
    6.769402623286));
#12742 = CARTESIAN_POINT('',(44.367428919158,-8.932681951615,
    6.75142226745));
#12743 = CARTESIAN_POINT('',(44.370214901511,-8.896396423874,
    6.735342882402));
#12744 = CARTESIAN_POINT('',(44.374803847318,-8.835758258731,
    6.712811556251));
#12745 = CARTESIAN_POINT('',(44.376530241577,-8.812767211847,
    6.705145945383));
#12746 = CARTESIAN_POINT('',(44.378289718899,-8.78913934513,
    6.698081006795));
#12747 = CARTESIAN_POINT('',(44.380076134238,-8.764937320659,
    6.691595823903));
#12748 = CARTESIAN_POINT('',(44.381883893483,-8.740219067278,
    6.685666458194));
#12749 = CARTESIAN_POINT('',(44.388563532235,-8.648006357848,
    6.665899945691));
#12750 = CARTESIAN_POINT('',(44.393532598146,-8.577722527365,
    6.655302892442));
#12751 = CARTESIAN_POINT('',(44.3985288034,-8.50507151879,6.647981372195
    ));
#12752 = CARTESIAN_POINT('',(44.403489016144,-8.43074571896,
    6.643462917517));
#12753 = CARTESIAN_POINT('',(44.408374274357,-8.355201539221,
    6.641357521875));
#12754 = CARTESIAN_POINT('',(44.413163003154,-8.278660118702,
    6.641357521875));
#12755 = PCURVE('',#11564,#12756);
#12756 = DEFINITIONAL_REPRESENTATION('',(#12757),#12790);
#12757 = B_SPLINE_CURVE_WITH_KNOTS('',6,(#12758,#12759,#12760,#12761,
    #12762,#12763,#12764,#12765,#12766,#12767,#12768,#12769,#12770,
    #12771,#12772,#12773,#12774,#12775,#12776,#12777,#12778,#12779,
    #12780,#12781,#12782,#12783,#12784,#12785,#12786,#12787,#12788,
    #12789),.UNSPECIFIED.,.F.,.F.,(7,5,5,5,5,5,7),(0.,0.126518713045,
    0.196251891399,0.34029434501,0.551184572178,0.673757287278,1.),
  .UNSPECIFIED.);
#12758 = CARTESIAN_POINT('',(1.,-0.309119842419));
#12759 = CARTESIAN_POINT('',(0.979512247954,-0.309119842419));
#12760 = CARTESIAN_POINT('',(0.958702293891,-0.309101714311));
#12761 = CARTESIAN_POINT('',(0.937572072638,-0.30906439229));
#12762 = CARTESIAN_POINT('',(0.916128813747,-0.309006918972));
#12763 = CARTESIAN_POINT('',(0.894386291556,-0.30892858401));
#12764 = CARTESIAN_POINT('',(0.860229217105,-0.308774209658));
#12765 = CARTESIAN_POINT('',(0.848008066544,-0.308712922322));
#12766 = CARTESIAN_POINT('',(0.835706321477,-0.308645143033));
#12767 = CARTESIAN_POINT('',(0.823328452083,-0.308570857985));
#12768 = CARTESIAN_POINT('',(0.81087970079,-0.30849009723));
#12769 = CARTESIAN_POINT('',(0.772517664706,-0.308222889715));
#12770 = CARTESIAN_POINT('',(0.746389918992,-0.308015522021));
#12771 = CARTESIAN_POINT('',(0.720040817526,-0.307781520715));
#12772 = CARTESIAN_POINT('',(0.693536116826,-0.307522538987));
#12773 = CARTESIAN_POINT('',(0.666950063812,-0.307241187896));
#12774 = CARTESIAN_POINT('',(0.601444953526,-0.306501574102));
#12775 = CARTESIAN_POINT('',(0.562513471845,-0.306021614143));
#12776 = CARTESIAN_POINT('',(0.523845642481,-0.305512392062));
#12777 = CARTESIAN_POINT('',(0.485659122078,-0.304988053634));
#12778 = CARTESIAN_POINT('',(0.448123093159,-0.304463259557));
#12779 = CARTESIAN_POINT('',(0.390002387533,-0.303652944702));
#12780 = CARTESIAN_POINT('',(0.368897115522,-0.303359197629));
#12781 = CARTESIAN_POINT('',(0.348070478079,-0.303072021313));
#12782 = CARTESIAN_POINT('',(0.327535682552,-0.302793653334));
#12783 = CARTESIAN_POINT('',(0.307300052391,-0.302526075664));
#12784 = CARTESIAN_POINT('',(0.234309417057,-0.301592038736));
#12785 = CARTESIAN_POINT('',(0.183422834453,-0.301001990942));
#12786 = CARTESIAN_POINT('',(0.134681814705,-0.300532019071));
#12787 = CARTESIAN_POINT('',(8.79760211694E-02,-0.300202088542));
#12788 = CARTESIAN_POINT('',(4.314926252993E-02,-0.300022711824));
#12789 = CARTESIAN_POINT('',(0.,-0.300001674288));
#12790 = ( GEOMETRIC_REPRESENTATION_CONTEXT(2) 
PARAMETRIC_REPRESENTATION_CONTEXT() REPRESENTATION_CONTEXT('2D SPACE',''
  ) );
#12791 = PCURVE('',#12579,#12792);
#12792 = DEFINITIONAL_REPRESENTATION('',(#12793),#12826);
#12793 = B_SPLINE_CURVE_WITH_KNOTS('',6,(#12794,#12795,#12796,#12797,
    #12798,#12799,#12800,#12801,#12802,#12803,#12804,#12805,#12806,
    #12807,#12808,#12809,#12810,#12811,#12812,#12813,#12814,#12815,
    #12816,#12817,#12818,#12819,#12820,#12821,#12822,#12823,#12824,
    #12825),.UNSPECIFIED.,.F.,.F.,(7,5,5,5,5,5,7),(0.,0.126518713045,
    0.196251891399,0.34029434501,0.551184572178,0.673757287278,1.),
  .UNSPECIFIED.);
#12794 = CARTESIAN_POINT('',(-4.794842966276,-8.887451171875));
#12795 = CARTESIAN_POINT('',(-4.794842966276,-8.90675847727));
#12796 = CARTESIAN_POINT('',(-4.794822843471,-8.92589472444));
#12797 = CARTESIAN_POINT('',(-4.794781415202,-8.94483019121));
#12798 = CARTESIAN_POINT('',(-4.794717468614,-8.963529451914));
#12799 = CARTESIAN_POINT('',(-4.794629854056,-8.981952402151));
#12800 = CARTESIAN_POINT('',(-4.794455695672,-9.010033028543));
#12801 = CARTESIAN_POINT('',(-4.794386323049,-9.019913521578));
#12802 = CARTESIAN_POINT('',(-4.794309291751,-9.02968929347));
#12803 = CARTESIAN_POINT('',(-4.794224455446,-9.039352678407));
#12804 = CARTESIAN_POINT('',(-4.794131690326,-9.048895813937));
#12805 = CARTESIAN_POINT('',(-4.793822690188,-9.077758123762));
#12806 = CARTESIAN_POINT('',(-4.793580207373,-9.09666019));
#12807 = CARTESIAN_POINT('',(-4.79330261647,-9.114942608853));
#12808 = CARTESIAN_POINT('',(-4.792989604722,-9.132536015685));
#12809 = CARTESIAN_POINT('',(-4.792641539475,-9.149379086047));
#12810 = CARTESIAN_POINT('',(-4.791700484557,-9.188909455495));
#12811 = CARTESIAN_POINT('',(-4.791068576502,-9.21069025256));
#12812 = CARTESIAN_POINT('',(-4.790367791402,-9.230597476715));
#12813 = CARTESIAN_POINT('',(-4.789604567565,-9.24857783255));
#12814 = CARTESIAN_POINT('',(-4.78878676304,-9.264657217598));
#12815 = CARTESIAN_POINT('',(-4.787420211192,-9.287188543749));
#12816 = CARTESIAN_POINT('',(-4.786902104019,-9.294854154617));
#12817 = CARTESIAN_POINT('',(-4.786369670763,-9.301919093205));
#12818 = CARTESIAN_POINT('',(-4.785824325665,-9.308404276097));
#12819 = CARTESIAN_POINT('',(-4.785267375909,-9.314333641806));
#12820 = CARTESIAN_POINT('',(-4.783189750733,-9.334100154309));
#12821 = CARTESIAN_POINT('',(-4.781606398756,-9.344697207558));
#12822 = CARTESIAN_POINT('',(-4.77996994055,-9.352018727805));
#12823 = CARTESIAN_POINT('',(-4.778295987869,-9.356537182483));
#12824 = CARTESIAN_POINT('',(-4.776594823646,-9.358642578125));
#12825 = CARTESIAN_POINT('',(-4.774871428703,-9.358642578125));
#12826 = ( GEOMETRIC_REPRESENTATION_CONTEXT(2) 
PARAMETRIC_REPRESENTATION_CONTEXT() REPRESENTATION_CONTEXT('2D SPACE',''
  ) );
#12827 = ORIENTED_EDGE('',*,*,#12828,.F.);
#12828 = EDGE_CURVE('',#11549,#12719,#12829,.T.);
#12829 = SURFACE_CURVE('',#12830,(#12833,#12840),.PCURVE_S1.);
#12830 = B_SPLINE_CURVE_WITH_KNOTS('',1,(#12831,#12832),.UNSPECIFIED.,
  .F.,.F.,(2,2),(0.,0.6),.PIECEWISE_BEZIER_KNOTS.);
#12831 = CARTESIAN_POINT('',(44.657337414431,-9.184263543425,
    7.112548928125));
#12832 = CARTESIAN_POINT('',(44.058497995629,-9.14696273259,
    7.112548928125));
#12833 = PCURVE('',#11564,#12834);
#12834 = DEFINITIONAL_REPRESENTATION('',(#12835),#12839);
#12835 = B_SPLINE_CURVE_WITH_KNOTS('',2,(#12836,#12837,#12838),
  .UNSPECIFIED.,.F.,.F.,(3,3),(0.,0.6),.PIECEWISE_BEZIER_KNOTS.);
#12836 = CARTESIAN_POINT('',(1.,0.));
#12837 = CARTESIAN_POINT('',(1.,-0.3));
#12838 = CARTESIAN_POINT('',(1.,-0.6));
#12839 = ( GEOMETRIC_REPRESENTATION_CONTEXT(2) 
PARAMETRIC_REPRESENTATION_CONTEXT() REPRESENTATION_CONTEXT('2D SPACE',''
  ) );
#12840 = PCURVE('',#11594,#12841);
#12841 = DEFINITIONAL_REPRESENTATION('',(#12842),#12846);
#12842 = B_SPLINE_CURVE_WITH_KNOTS('',2,(#12843,#12844,#12845),
  .UNSPECIFIED.,.F.,.F.,(3,3),(0.,0.6),.PIECEWISE_BEZIER_KNOTS.);
#12843 = CARTESIAN_POINT('',(0.,0.));
#12844 = CARTESIAN_POINT('',(0.,-0.3));
#12845 = CARTESIAN_POINT('',(0.,-0.6));
#12846 = ( GEOMETRIC_REPRESENTATION_CONTEXT(2) 
PARAMETRIC_REPRESENTATION_CONTEXT() REPRESENTATION_CONTEXT('2D SPACE',''
  ) );
#12847 = ADVANCED_FACE('',(#12848),#11594,.F.);
#12848 = FACE_BOUND('',#12849,.F.);
#12849 = EDGE_LOOP('',(#12850,#12851,#12852,#12962));
#12850 = ORIENTED_EDGE('',*,*,#11578,.F.);
#12851 = ORIENTED_EDGE('',*,*,#12828,.T.);
#12852 = ORIENTED_EDGE('',*,*,#12853,.F.);
#12853 = EDGE_CURVE('',#12854,#12719,#12856,.T.);
#12854 = VERTEX_POINT('',#12855);
#12855 = CARTESIAN_POINT('',(44.413771716913,-8.268913483294,
    7.605712990625));
#12856 = SURFACE_CURVE('',#12857,(#12890,#12926),.PCURVE_S1.);
#12857 = B_SPLINE_CURVE_WITH_KNOTS('',6,(#12858,#12859,#12860,#12861,
    #12862,#12863,#12864,#12865,#12866,#12867,#12868,#12869,#12870,
    #12871,#12872,#12873,#12874,#12875,#12876,#12877,#12878,#12879,
    #12880,#12881,#12882,#12883,#12884,#12885,#12886,#12887,#12888,
    #12889),.UNSPECIFIED.,.F.,.F.,(7,5,5,5,5,5,7),(0.,0.314398301773,
    0.434062546457,0.641709408277,0.791715589589,0.864720081294,1.),
  .UNSPECIFIED.);
#12858 = CARTESIAN_POINT('',(44.413771716913,-8.268913483294,
    7.605712990625));
#12859 = CARTESIAN_POINT('',(44.409090209357,-8.34400553985,
    7.605712990625));
#12860 = CARTESIAN_POINT('',(44.404313843005,-8.418165771275,
    7.603637987639));
#12861 = CARTESIAN_POINT('',(44.399463001147,-8.491180957298,
    7.599191910534));
#12862 = CARTESIAN_POINT('',(44.394573990144,-8.562623404098,
    7.592003149734));
#12863 = CARTESIAN_POINT('',(44.38970503759,-8.631851105976,
    7.581625749755));
#12864 = CARTESIAN_POINT('',(44.383120066355,-8.723242352967,
    7.562260657611));
#12865 = CARTESIAN_POINT('',(44.381319472133,-8.747992955484,
    7.556394513903));
#12866 = CARTESIAN_POINT('',(44.379538294748,-8.772250389627,
    7.549976905082));
#12867 = CARTESIAN_POINT('',(44.377781843391,-8.795959524115,
    7.542984699972));
#12868 = CARTESIAN_POINT('',(44.376055948147,-8.819060787235,
    7.535397711506));
#12869 = CARTESIAN_POINT('',(44.371435738562,-8.880416271931,
    7.512977139492));
#12870 = CARTESIAN_POINT('',(44.368614296848,-8.917337489645,
    7.496911683453));
#12871 = CARTESIAN_POINT('',(44.365936845294,-8.951903950999,
    7.47893373639));
#12872 = CARTESIAN_POINT('',(44.363438870162,-8.983776153111,
    7.459017313211));
#12873 = CARTESIAN_POINT('',(44.36115180624,-9.012673861664,
    7.437214157544));
#12874 = CARTESIAN_POINT('',(44.357614068886,-9.057024364513,
    7.396690334877));
#12875 = CARTESIAN_POINT('',(44.356251506105,-9.07398782806,
    7.378789401787));
#12876 = CARTESIAN_POINT('',(44.355018462264,-9.08924879181,
    7.360042112215));
#12877 = CARTESIAN_POINT('',(44.353919282771,-9.10278797814,
    7.34052043367));
#12878 = CARTESIAN_POINT('',(44.352954932239,-9.114622103279,
    7.320305962681));
#12879 = CARTESIAN_POINT('',(44.351718948714,-9.129745303394,
    7.289353019437));
#12880 = CARTESIAN_POINT('',(44.351345819622,-9.13430265728,
    7.279076217262));
#12881 = CARTESIAN_POINT('',(44.35100392692,-9.138472069468,
    7.268664895112));
#12882 = CARTESIAN_POINT('',(44.350692900988,-9.14226011808,
    7.258128342033));
#12883 = CARTESIAN_POINT('',(44.350412247103,-9.145674543299,
    7.247475570253));
#12884 = CARTESIAN_POINT('',(44.349696415742,-9.154375457434,
    7.21677617997));
#12885 = CARTESIAN_POINT('',(44.34933368082,-9.158773915064,
    7.196468140364));
#12886 = CARTESIAN_POINT('',(44.349069274394,-9.161975420935,
    7.175845513146));
#12887 = CARTESIAN_POINT('',(44.348898329352,-9.164043937825,
    7.154957527754));
#12888 = CARTESIAN_POINT('',(44.348815503141,-9.165046175479,
    7.133846987055));
#12889 = CARTESIAN_POINT('',(44.348815503141,-9.165046175479,
    7.112548928125));
#12890 = PCURVE('',#11594,#12891);
#12891 = DEFINITIONAL_REPRESENTATION('',(#12892),#12925);
#12892 = B_SPLINE_CURVE_WITH_KNOTS('',6,(#12893,#12894,#12895,#12896,
    #12897,#12898,#12899,#12900,#12901,#12902,#12903,#12904,#12905,
    #12906,#12907,#12908,#12909,#12910,#12911,#12912,#12913,#12914,
    #12915,#12916,#12917,#12918,#12919,#12920,#12921,#12922,#12923,
    #12924),.UNSPECIFIED.,.F.,.F.,(7,5,5,5,5,5,7),(0.,0.314398301773,
    0.434062546457,0.641709408277,0.791715589589,0.864720081294,1.),
  .UNSPECIFIED.);
#12893 = CARTESIAN_POINT('',(1.,-0.300000066972));
#12894 = CARTESIAN_POINT('',(0.958128503158,-0.30000419475));
#12895 = CARTESIAN_POINT('',(0.914667536853,-0.30016092756));
#12896 = CARTESIAN_POINT('',(0.869436063401,-0.300463177022));
#12897 = CARTESIAN_POINT('',(0.822296138828,-0.300901295879));
#12898 = CARTESIAN_POINT('',(0.773154239661,-0.301457081387));
#12899 = CARTESIAN_POINT('',(0.702530059862,-0.302347702606));
#12900 = CARTESIAN_POINT('',(0.682772701775,-0.302606118031));
#12901 = CARTESIAN_POINT('',(0.662730834319,-0.302875813477));
#12902 = CARTESIAN_POINT('',(0.642411811785,-0.303154917425));
#12903 = CARTESIAN_POINT('',(0.621828457816,-0.303441314524));
#12904 = CARTESIAN_POINT('',(0.564857643234,-0.304238238348));
#12905 = CARTESIAN_POINT('',(0.527964166579,-0.304758903611));
#12906 = CARTESIAN_POINT('',(0.490444609127,-0.305282247772));
#12907 = CARTESIAN_POINT('',(0.452462428612,-0.305793959429));
#12908 = CARTESIAN_POINT('',(0.414226828299,-0.306280086212));
#12909 = CARTESIAN_POINT('',(0.348384614662,-0.307053797652));
#12910 = CARTESIAN_POINT('',(0.320766132691,-0.307359139917));
#12911 = CARTESIAN_POINT('',(0.293239689081,-0.307641054808));
#12912 = CARTESIAN_POINT('',(0.265889106917,-0.307896403776));
#12913 = CARTESIAN_POINT('',(0.23878786219,-0.308123184858));
#12914 = CARTESIAN_POINT('',(0.198962996081,-0.308416598239));
#12915 = CARTESIAN_POINT('',(0.185999473112,-0.308505683928));
#12916 = CARTESIAN_POINT('',(0.173116126623,-0.308587711214));
#12917 = CARTESIAN_POINT('',(0.160318707845,-0.308662640053));
#12918 = CARTESIAN_POINT('',(0.147612037563,-0.30873048302));
#12919 = CARTESIAN_POINT('',(0.111629463451,-0.308904011161));
#12920 = CARTESIAN_POINT('',(8.858427398439E-02,-0.30899260105));
#12921 = CARTESIAN_POINT('',(6.588837941801E-02,-0.309057464759));
#12922 = CARTESIAN_POINT('',(4.355599536515E-02,-0.309099483546));
#12923 = CARTESIAN_POINT('',(2.159327954898E-02,-0.309119842419));
#12924 = CARTESIAN_POINT('',(0.,-0.309119842419));
#12925 = ( GEOMETRIC_REPRESENTATION_CONTEXT(2) 
PARAMETRIC_REPRESENTATION_CONTEXT() REPRESENTATION_CONTEXT('2D SPACE',''
  ) );
#12926 = PCURVE('',#12579,#12927);
#12927 = DEFINITIONAL_REPRESENTATION('',(#12928),#12961);
#12928 = B_SPLINE_CURVE_WITH_KNOTS('',6,(#12929,#12930,#12931,#12932,
    #12933,#12934,#12935,#12936,#12937,#12938,#12939,#12940,#12941,
    #12942,#12943,#12944,#12945,#12946,#12947,#12948,#12949,#12950,
    #12951,#12952,#12953,#12954,#12955,#12956,#12957,#12958,#12959,
    #12960),.UNSPECIFIED.,.F.,.F.,(7,5,5,5,5,5,7),(0.,0.314398301773,
    0.434062546457,0.641709408277,0.791715589589,0.864720081294,1.),
  .UNSPECIFIED.);
#12929 = CARTESIAN_POINT('',(-4.774651976452,-8.394287109375));
#12930 = CARTESIAN_POINT('',(-4.776342714565,-8.394287109375));
#12931 = CARTESIAN_POINT('',(-4.778012686005,-8.396362112361));
#12932 = CARTESIAN_POINT('',(-4.779657088754,-8.400808189466));
#12933 = CARTESIAN_POINT('',(-4.781266287318,-8.407996950266));
#12934 = CARTESIAN_POINT('',(-4.782825806686,-8.418374350246));
#12935 = CARTESIAN_POINT('',(-4.784884866727,-8.437739442389));
#12936 = CARTESIAN_POINT('',(-4.78544252979,-8.443605586097));
#12937 = CARTESIAN_POINT('',(-4.785989108045,-8.450023194918));
#12938 = CARTESIAN_POINT('',(-4.786523357488,-8.457015400028));
#12939 = CARTESIAN_POINT('',(-4.787043933672,-8.464602388494));
#12940 = CARTESIAN_POINT('',(-4.788426612212,-8.487022960508));
#12941 = CARTESIAN_POINT('',(-4.789258721018,-8.503088416547));
#12942 = CARTESIAN_POINT('',(-4.790037821627,-8.52106636361));
#12943 = CARTESIAN_POINT('',(-4.790756246915,-8.540982786789));
#12944 = CARTESIAN_POINT('',(-4.791407664109,-8.562785942456));
#12945 = CARTESIAN_POINT('',(-4.792407470349,-8.603309765123));
#12946 = CARTESIAN_POINT('',(-4.792789899468,-8.621210698213));
#12947 = CARTESIAN_POINT('',(-4.793133960005,-8.639957987785));
#12948 = CARTESIAN_POINT('',(-4.793439212376,-8.65947966633));
#12949 = CARTESIAN_POINT('',(-4.793706029269,-8.679694137319));
#12950 = CARTESIAN_POINT('',(-4.794047009563,-8.710647080563));
#12951 = CARTESIAN_POINT('',(-4.79414976469,-8.720923882738));
#12952 = CARTESIAN_POINT('',(-4.79424377382,-8.731335204888));
#12953 = CARTESIAN_POINT('',(-4.794329184963,-8.741871757967));
#12954 = CARTESIAN_POINT('',(-4.794406172383,-8.752524529747));
#12955 = CARTESIAN_POINT('',(-4.794602359135,-8.78322392003));
#12956 = CARTESIAN_POINT('',(-4.794701536424,-8.803531959636));
#12957 = CARTESIAN_POINT('',(-4.794773725316,-8.824154586854));
#12958 = CARTESIAN_POINT('',(-4.794820367304,-8.845042572246));
#12959 = CARTESIAN_POINT('',(-4.794842966276,-8.866153112945));
#12960 = CARTESIAN_POINT('',(-4.794842966276,-8.887451171875));
#12961 = ( GEOMETRIC_REPRESENTATION_CONTEXT(2) 
PARAMETRIC_REPRESENTATION_CONTEXT() REPRESENTATION_CONTEXT('2D SPACE',''
  ) );
#12962 = ORIENTED_EDGE('',*,*,#12963,.F.);
#12963 = EDGE_CURVE('',#11579,#12854,#12964,.T.);
#12964 = SURFACE_CURVE('',#12965,(#12968,#12975),.PCURVE_S1.);
#12965 = B_SPLINE_CURVE_WITH_KNOTS('',1,(#12966,#12967),.UNSPECIFIED.,
  .F.,.F.,(2,2),(0.,0.6),.PIECEWISE_BEZIER_KNOTS.);
#12966 = CARTESIAN_POINT('',(44.713191493156,-8.287563892875,
    7.605712990625));
#12967 = CARTESIAN_POINT('',(44.114352074354,-8.25026308204,
    7.605712990625));
#12968 = PCURVE('',#11594,#12969);
#12969 = DEFINITIONAL_REPRESENTATION('',(#12970),#12974);
#12970 = B_SPLINE_CURVE_WITH_KNOTS('',2,(#12971,#12972,#12973),
  .UNSPECIFIED.,.F.,.F.,(3,3),(0.,0.6),.PIECEWISE_BEZIER_KNOTS.);
#12971 = CARTESIAN_POINT('',(1.,0.));
#12972 = CARTESIAN_POINT('',(1.,-0.3));
#12973 = CARTESIAN_POINT('',(1.,-0.6));
#12974 = ( GEOMETRIC_REPRESENTATION_CONTEXT(2) 
PARAMETRIC_REPRESENTATION_CONTEXT() REPRESENTATION_CONTEXT('2D SPACE',''
  ) );
#12975 = PCURVE('',#11624,#12976);
#12976 = DEFINITIONAL_REPRESENTATION('',(#12977),#12981);
#12977 = B_SPLINE_CURVE_WITH_KNOTS('',2,(#12978,#12979,#12980),
  .UNSPECIFIED.,.F.,.F.,(3,3),(0.,0.6),.PIECEWISE_BEZIER_KNOTS.);
#12978 = CARTESIAN_POINT('',(0.,0.));
#12979 = CARTESIAN_POINT('',(-1.014179712919E-15,-0.3));
#12980 = CARTESIAN_POINT('',(0.,-0.6));
#12981 = ( GEOMETRIC_REPRESENTATION_CONTEXT(2) 
PARAMETRIC_REPRESENTATION_CONTEXT() REPRESENTATION_CONTEXT('2D SPACE',''
  ) );
#12982 = ADVANCED_FACE('',(#12983),#11624,.F.);
#12983 = FACE_BOUND('',#12984,.F.);
#12984 = EDGE_LOOP('',(#12985,#12986,#12987,#13055));
#12985 = ORIENTED_EDGE('',*,*,#11608,.F.);
#12986 = ORIENTED_EDGE('',*,*,#12963,.T.);
#12987 = ORIENTED_EDGE('',*,*,#12988,.F.);
#12988 = EDGE_CURVE('',#12989,#12854,#12991,.T.);
#12989 = VERTEX_POINT('',#12990);
#12990 = CARTESIAN_POINT('',(44.450492054301,-7.598512837835,
    7.490966896875));
#12991 = SURFACE_CURVE('',#12992,(#13011,#13033),.PCURVE_S1.);
#12992 = B_SPLINE_CURVE_WITH_KNOTS('',5,(#12993,#12994,#12995,#12996,
    #12997,#12998,#12999,#13000,#13001,#13002,#13003,#13004,#13005,
    #13006,#13007,#13008,#13009,#13010),.UNSPECIFIED.,.F.,.F.,(6,4,4,4,6
    ),(0.,0.275034845202,0.50690540178,0.748553620752,1.),
  .UNSPECIFIED.);
#12993 = CARTESIAN_POINT('',(44.450492054301,-7.598512837835,
    7.490966896875));
#12994 = CARTESIAN_POINT('',(44.449255308423,-7.624709467099,
    7.504510563098));
#12995 = CARTESIAN_POINT('',(44.447912789935,-7.65273688444,
    7.516981172995));
#12996 = CARTESIAN_POINT('',(44.446463124145,-7.68250954328,
    7.528378853757));
#12997 = CARTESIAN_POINT('',(44.444905473668,-7.713925485046,
    7.538720414809));
#12998 = CARTESIAN_POINT('',(44.441835065757,-7.774658154602,
    7.55588278449));
#12999 = CARTESIAN_POINT('',(44.440353613777,-7.803530959993,
    7.563001344506));
#13000 = CARTESIAN_POINT('',(44.438794996603,-7.833431473647,
    7.569404568051));
#13001 = CARTESIAN_POINT('',(44.437159196443,-7.864295769065,
    7.575112649132));
#13002 = CARTESIAN_POINT('',(44.433661312625,-7.929164760077,
    7.585398538009));
#13003 = CARTESIAN_POINT('',(44.431792585879,-7.963247357069,
    7.589918254919));
#13004 = CARTESIAN_POINT('',(44.429840350661,-7.998237220412,
    7.593735437927));
#13005 = CARTESIAN_POINT('',(44.427804867765,-8.034067746511,
    7.596878252192));
#13006 = CARTESIAN_POINT('',(44.423482230619,-8.108770299873,
    7.60197530617));
#13007 = CARTESIAN_POINT('',(44.421188212945,-8.147706838549,
    7.603875966644));
#13008 = CARTESIAN_POINT('',(44.418804834335,-8.187416958743,
    7.605111123612));
#13009 = CARTESIAN_POINT('',(44.416332517536,-8.227837871869,
    7.605712990625));
#13010 = CARTESIAN_POINT('',(44.413771716913,-8.268913483294,
    7.605712990625));
#13011 = PCURVE('',#11624,#13012);
#13012 = DEFINITIONAL_REPRESENTATION('',(#13013),#13032);
#13013 = B_SPLINE_CURVE_WITH_KNOTS('',5,(#13014,#13015,#13016,#13017,
    #13018,#13019,#13020,#13021,#13022,#13023,#13024,#13025,#13026,
    #13027,#13028,#13029,#13030,#13031),.UNSPECIFIED.,.F.,.F.,(6,4,4,4,6
    ),(0.,0.275034845202,0.50690540178,0.748553620752,1.),
  .UNSPECIFIED.);
#13014 = CARTESIAN_POINT('',(1.,-0.305028237239));
#13015 = CARTESIAN_POINT('',(0.940984194842,-0.304633998356));
#13016 = CARTESIAN_POINT('',(0.882290570374,-0.30423151102));
#13017 = CARTESIAN_POINT('',(0.824013784227,-0.303827465527));
#13018 = CARTESIAN_POINT('',(0.766230022106,-0.303429036202));
#13019 = CARTESIAN_POINT('',(0.660751724542,-0.302717875318));
#13020 = CARTESIAN_POINT('',(0.612896735288,-0.302401496637));
#13021 = CARTESIAN_POINT('',(0.565470195923,-0.302098243301));
#13022 = CARTESIAN_POINT('',(0.518498645167,-0.301812107255));
#13023 = CARTESIAN_POINT('',(0.423540564775,-0.301270448504));
#13024 = CARTESIAN_POINT('',(0.375594975209,-0.301016713063));
#13025 = CARTESIAN_POINT('',(0.328182997936,-0.300789921612));
#13026 = CARTESIAN_POINT('',(0.281316609213,-0.300593954476));
#13027 = CARTESIAN_POINT('',(0.186805365138,-0.30026412065));
#13028 = CARTESIAN_POINT('',(0.139206372947,-0.300133093561));
#13029 = CARTESIAN_POINT('',(9.220754136008E-02,-0.300043162529));
#13030 = CARTESIAN_POINT('',(4.580770358283E-02,-0.299997809063));
#13031 = CARTESIAN_POINT('',(0.,-0.300000066972));
#13032 = ( GEOMETRIC_REPRESENTATION_CONTEXT(2) 
PARAMETRIC_REPRESENTATION_CONTEXT() REPRESENTATION_CONTEXT('2D SPACE',''
  ) );
#13033 = PCURVE('',#12579,#13034);
#13034 = DEFINITIONAL_REPRESENTATION('',(#13035),#13054);
#13035 = B_SPLINE_CURVE_WITH_KNOTS('',5,(#13036,#13037,#13038,#13039,
    #13040,#13041,#13042,#13043,#13044,#13045,#13046,#13047,#13048,
    #13049,#13050,#13051,#13052,#13053),.UNSPECIFIED.,.F.,.F.,(6,4,4,4,6
    ),(0.,0.275034845202,0.50690540178,0.748553620752,1.),
  .UNSPECIFIED.);
#13036 = CARTESIAN_POINT('',(-4.759564068238,-8.509033203125));
#13037 = CARTESIAN_POINT('',(-4.760153412204,-8.495489536902));
#13038 = CARTESIAN_POINT('',(-4.760783963794,-8.483018927005));
#13039 = CARTESIAN_POINT('',(-4.76145380463,-8.471621246243));
#13040 = CARTESIAN_POINT('',(-4.762160647743,-8.461279685191));
#13041 = CARTESIAN_POINT('',(-4.763527169855,-8.44411731551));
#13042 = CARTESIAN_POINT('',(-4.764176850273,-8.436998755494));
#13043 = CARTESIAN_POINT('',(-4.764849683864,-8.430595531949));
#13044 = CARTESIAN_POINT('',(-4.765544236684,-8.424887450868));
#13045 = CARTESIAN_POINT('',(-4.767004084537,-8.414601561991));
#13046 = CARTESIAN_POINT('',(-4.767771135662,-8.410081845081));
#13047 = CARTESIAN_POINT('',(-4.768558647129,-8.406264662073));
#13048 = CARTESIAN_POINT('',(-4.769365125242,-8.403121847808));
#13049 = CARTESIAN_POINT('',(-4.771046642384,-8.39802479383));
#13050 = CARTESIAN_POINT('',(-4.77192313759,-8.396124133356));
#13051 = CARTESIAN_POINT('',(-4.772817104948,-8.394888976388));
#13052 = CARTESIAN_POINT('',(-4.77372713693,-8.394287109375));
#13053 = CARTESIAN_POINT('',(-4.774651976452,-8.394287109375));
#13054 = ( GEOMETRIC_REPRESENTATION_CONTEXT(2) 
PARAMETRIC_REPRESENTATION_CONTEXT() REPRESENTATION_CONTEXT('2D SPACE',''
  ) );
#13055 = ORIENTED_EDGE('',*,*,#13056,.F.);
#13056 = EDGE_CURVE('',#11609,#12989,#13057,.T.);
#13057 = SURFACE_CURVE('',#13058,(#13061,#13068),.PCURVE_S1.);
#13058 = B_SPLINE_CURVE_WITH_KNOTS('',1,(#13059,#13060),.UNSPECIFIED.,
  .F.,.F.,(2,2),(0.,0.6),.PIECEWISE_BEZIER_KNOTS.);
#13059 = CARTESIAN_POINT('',(44.754930274811,-7.617475838796,
    7.490966896875));
#13060 = CARTESIAN_POINT('',(44.156090856009,-7.58017502796,
    7.490966896875));
#13061 = PCURVE('',#11624,#13062);
#13062 = DEFINITIONAL_REPRESENTATION('',(#13063),#13067);
#13063 = B_SPLINE_CURVE_WITH_KNOTS('',2,(#13064,#13065,#13066),
  .UNSPECIFIED.,.F.,.F.,(3,3),(0.,0.6),.PIECEWISE_BEZIER_KNOTS.);
#13064 = CARTESIAN_POINT('',(1.,0.));
#13065 = CARTESIAN_POINT('',(1.,-0.3));
#13066 = CARTESIAN_POINT('',(1.,-0.6));
#13067 = ( GEOMETRIC_REPRESENTATION_CONTEXT(2) 
PARAMETRIC_REPRESENTATION_CONTEXT() REPRESENTATION_CONTEXT('2D SPACE',''
  ) );
#13068 = PCURVE('',#11652,#13069);
#13069 = DEFINITIONAL_REPRESENTATION('',(#13070),#13074);
#13070 = B_SPLINE_CURVE_WITH_KNOTS('',2,(#13071,#13072,#13073),
  .UNSPECIFIED.,.F.,.F.,(3,3),(0.,0.6),.PIECEWISE_BEZIER_KNOTS.);
#13071 = CARTESIAN_POINT('',(0.,0.));
#13072 = CARTESIAN_POINT('',(-1.837044583139E-15,-0.3));
#13073 = CARTESIAN_POINT('',(0.,-0.6));
#13074 = ( GEOMETRIC_REPRESENTATION_CONTEXT(2) 
PARAMETRIC_REPRESENTATION_CONTEXT() REPRESENTATION_CONTEXT('2D SPACE',''
  ) );
#13075 = ADVANCED_FACE('',(#13076),#11652,.F.);
#13076 = FACE_BOUND('',#13077,.F.);
#13077 = EDGE_LOOP('',(#13078,#13079,#13080,#13128));
#13078 = ORIENTED_EDGE('',*,*,#11638,.F.);
#13079 = ORIENTED_EDGE('',*,*,#13056,.T.);
#13080 = ORIENTED_EDGE('',*,*,#13081,.F.);
#13081 = EDGE_CURVE('',#12524,#12989,#13082,.T.);
#13082 = SURFACE_CURVE('',#13083,(#13096,#13112),.PCURVE_S1.);
#13083 = B_SPLINE_CURVE_WITH_KNOTS('',6,(#13084,#13085,#13086,#13087,
    #13088,#13089,#13090,#13091,#13092,#13093,#13094,#13095),
  .UNSPECIFIED.,.F.,.F.,(7,5,7),(0.,0.840848646764,1.),.UNSPECIFIED.);
#13084 = CARTESIAN_POINT('',(44.460416393626,-7.376532468519,
    7.112548928125));
#13085 = CARTESIAN_POINT('',(44.460416393626,-7.376532468519,
    7.181762856683));
#13086 = CARTESIAN_POINT('',(44.460029062207,-7.385711515206,
    7.247087668934));
#13087 = CARTESIAN_POINT('',(44.459206228186,-7.405196941503,
    7.307507919747));
#13088 = CARTESIAN_POINT('',(44.457895084618,-7.435949925041,
    7.361943279796));
#13089 = CARTESIAN_POINT('',(44.456031313399,-7.478420491233,
    7.409437713724));
#13090 = CARTESIAN_POINT('',(44.453123270987,-7.542041672512,
    7.457084032678));
#13091 = CARTESIAN_POINT('',(44.452639584749,-7.552562949188,
    7.46440144754));
#13092 = CARTESIAN_POINT('',(44.452134803752,-7.563476107689,
    7.471450331845));
#13093 = CARTESIAN_POINT('',(44.451608729667,-7.574776213009,
    7.478228435529));
#13094 = CARTESIAN_POINT('',(44.451061193242,-7.586457392893,
    7.484734227748));
#13095 = CARTESIAN_POINT('',(44.450492054301,-7.598512837835,
    7.490966896875));
#13096 = PCURVE('',#11652,#13097);
#13097 = DEFINITIONAL_REPRESENTATION('',(#13098),#13111);
#13098 = B_SPLINE_CURVE_WITH_KNOTS('',6,(#13099,#13100,#13101,#13102,
    #13103,#13104,#13105,#13106,#13107,#13108,#13109,#13110),
  .UNSPECIFIED.,.F.,.F.,(7,5,7),(0.,0.840848646764,1.),.UNSPECIFIED.);
#13099 = CARTESIAN_POINT('',(1.,-0.308923174192));
#13100 = CARTESIAN_POINT('',(0.868749883623,-0.308923174192));
#13101 = CARTESIAN_POINT('',(0.733198757545,-0.308739113254));
#13102 = CARTESIAN_POINT('',(0.59383816965,-0.308348985332));
#13103 = CARTESIAN_POINT('',(0.451493139858,-0.307745740717));
#13104 = CARTESIAN_POINT('',(0.30740057132,-0.306965595913));
#13105 = CARTESIAN_POINT('',(0.136103994892,-0.305912810546));
#13106 = CARTESIAN_POINT('',(0.108841600337,-0.30574147427));
#13107 = CARTESIAN_POINT('',(8.158957772841E-02,-0.305566829434));
#13108 = CARTESIAN_POINT('',(5.43584391479E-02,-0.305389380781));
#13109 = CARTESIAN_POINT('',(2.715852419736E-02,-0.305209662304));
#13110 = CARTESIAN_POINT('',(0.,-0.305028237239));
#13111 = ( GEOMETRIC_REPRESENTATION_CONTEXT(2) 
PARAMETRIC_REPRESENTATION_CONTEXT() REPRESENTATION_CONTEXT('2D SPACE',''
  ) );
#13112 = PCURVE('',#12579,#13113);
#13113 = DEFINITIONAL_REPRESENTATION('',(#13114),#13127);
#13114 = B_SPLINE_CURVE_WITH_KNOTS('',6,(#13115,#13116,#13117,#13118,
    #13119,#13120,#13121,#13122,#13123,#13124,#13125,#13126),
  .UNSPECIFIED.,.F.,.F.,(7,5,7),(0.,0.840848646764,1.),.UNSPECIFIED.);
#13115 = CARTESIAN_POINT('',(-4.754570757249,-8.887451171875));
#13116 = CARTESIAN_POINT('',(-4.754570757249,-8.818237243317));
#13117 = CARTESIAN_POINT('',(-4.754777211519,-8.752912431066));
#13118 = CARTESIAN_POINT('',(-4.755215476522,-8.692492180253));
#13119 = CARTESIAN_POINT('',(-4.755907182559,-8.638056820204));
#13120 = CARTESIAN_POINT('',(-4.756862494251,-8.590562386276));
#13121 = CARTESIAN_POINT('',(-4.758293676454,-8.542916067322));
#13122 = CARTESIAN_POINT('',(-4.758530359342,-8.53559865246));
#13123 = CARTESIAN_POINT('',(-4.758775861044,-8.528549768155));
#13124 = CARTESIAN_POINT('',(-4.75903007101,-8.521771664471));
#13125 = CARTESIAN_POINT('',(-4.759292857631,-8.515265872252));
#13126 = CARTESIAN_POINT('',(-4.759564068238,-8.509033203125));
#13127 = ( GEOMETRIC_REPRESENTATION_CONTEXT(2) 
PARAMETRIC_REPRESENTATION_CONTEXT() REPRESENTATION_CONTEXT('2D SPACE',''
  ) );
#13128 = ORIENTED_EDGE('',*,*,#12523,.F.);
#13129 = ADVANCED_FACE('',(#13130),#11686,.F.);
#13130 = FACE_BOUND('',#13131,.F.);
#13131 = EDGE_LOOP('',(#13132,#13133,#13155,#13270));
#13132 = ORIENTED_EDGE('',*,*,#11668,.F.);
#13133 = ORIENTED_EDGE('',*,*,#13134,.T.);
#13134 = EDGE_CURVE('',#11669,#13135,#13137,.T.);
#13135 = VERTEX_POINT('',#13136);
#13136 = CARTESIAN_POINT('',(44.46692124839,-7.215492550112,
    8.626220803125));
#13137 = SURFACE_CURVE('',#13138,(#13141,#13148),.PCURVE_S1.);
#13138 = B_SPLINE_CURVE_WITH_KNOTS('',1,(#13139,#13140),.UNSPECIFIED.,
  .F.,.F.,(2,2),(0.,0.6),.PIECEWISE_BEZIER_KNOTS.);
#13139 = CARTESIAN_POINT('',(44.778759324702,-7.234916477012,
    8.626220803125));
#13140 = CARTESIAN_POINT('',(44.1799199059,-7.197615666177,
    8.626220803125));
#13141 = PCURVE('',#11686,#13142);
#13142 = DEFINITIONAL_REPRESENTATION('',(#13143),#13147);
#13143 = B_SPLINE_CURVE_WITH_KNOTS('',2,(#13144,#13145,#13146),
  .UNSPECIFIED.,.F.,.F.,(3,3),(0.,0.6),.PIECEWISE_BEZIER_KNOTS.);
#13144 = CARTESIAN_POINT('',(0.,0.));
#13145 = CARTESIAN_POINT('',(0.,-0.3));
#13146 = CARTESIAN_POINT('',(0.,-0.6));
#13147 = ( GEOMETRIC_REPRESENTATION_CONTEXT(2) 
PARAMETRIC_REPRESENTATION_CONTEXT() REPRESENTATION_CONTEXT('2D SPACE',''
  ) );
#13148 = PCURVE('',#11864,#13149);
#13149 = DEFINITIONAL_REPRESENTATION('',(#13150),#13154);
#13150 = B_SPLINE_CURVE_WITH_KNOTS('',2,(#13151,#13152,#13153),
  .UNSPECIFIED.,.F.,.F.,(3,3),(0.,0.6),.PIECEWISE_BEZIER_KNOTS.);
#13151 = CARTESIAN_POINT('',(1.,7.091683315275E-15));
#13152 = CARTESIAN_POINT('',(1.,-0.3));
#13153 = CARTESIAN_POINT('',(1.,-0.6));
#13154 = ( GEOMETRIC_REPRESENTATION_CONTEXT(2) 
PARAMETRIC_REPRESENTATION_CONTEXT() REPRESENTATION_CONTEXT('2D SPACE',''
  ) );
#13155 = ORIENTED_EDGE('',*,*,#13156,.F.);
#13156 = EDGE_CURVE('',#13157,#13135,#13159,.T.);
#13157 = VERTEX_POINT('',#13158);
#13158 = CARTESIAN_POINT('',(44.412552150452,-8.288406620879,
    8.086670021875));
#13159 = SURFACE_CURVE('',#13160,(#13193,#13229),.PCURVE_S1.);
#13160 = B_SPLINE_CURVE_WITH_KNOTS('',6,(#13161,#13162,#13163,#13164,
    #13165,#13166,#13167,#13168,#13169,#13170,#13171,#13172,#13173,
    #13174,#13175,#13176,#13177,#13178,#13179,#13180,#13181,#13182,
    #13183,#13184,#13185,#13186,#13187,#13188,#13189,#13190,#13191,
    #13192),.UNSPECIFIED.,.F.,.F.,(7,5,5,5,5,5,7),(0.,0.366971512335,
    0.48813070838,0.554704176219,0.689399956267,0.884056431662,1.),
  .UNSPECIFIED.);
#13161 = CARTESIAN_POINT('',(44.412552150452,-8.288406620879,
    8.086670021875));
#13162 = CARTESIAN_POINT('',(44.418832740778,-8.188372055156,
    8.086670021875));
#13163 = CARTESIAN_POINT('',(44.42477451547,-8.089410206312,
    8.089488341918));
#13164 = CARTESIAN_POINT('',(44.430375986574,-7.991723452729,
    8.09560226134));
#13165 = CARTESIAN_POINT('',(44.435609447861,-7.895977603577,
    8.105661967508));
#13166 = CARTESIAN_POINT('',(44.44043799195,-7.803309580956,
    8.120499993986));
#13167 = CARTESIAN_POINT('',(44.446272692289,-7.686250231423,
    8.147897302838));
#13168 = CARTESIAN_POINT('',(44.447672157329,-7.657714905493,
    8.155322663709));
#13169 = CARTESIAN_POINT('',(44.449021185497,-7.629763731979,
    8.163405391643));
#13170 = CARTESIAN_POINT('',(44.450317876987,-7.602471830838,
    8.172177132159));
#13171 = CARTESIAN_POINT('',(44.451560266192,-7.57592216062,
    8.181665675291));
#13172 = CARTESIAN_POINT('',(44.453398282556,-7.536070057475,
    8.197510700552));
#13173 = CARTESIAN_POINT('',(44.454033116326,-7.522188345186,
    8.203352221132));
#13174 = CARTESIAN_POINT('',(44.454650666208,-7.508572070873,
    8.209419797561));
#13175 = CARTESIAN_POINT('',(44.455250628808,-7.495236164463,
    8.215715972944));
#13176 = CARTESIAN_POINT('',(44.455832720466,-7.482195626921,
    8.222242359791));
#13177 = CARTESIAN_POINT('',(44.457537711386,-7.443709168787,
    8.242671409871));
#13178 = CARTESIAN_POINT('',(44.458604648157,-7.419220408456,
    8.257289749315));
#13179 = CARTESIAN_POINT('',(44.459595071661,-7.396128501038,
    8.272856608479));
#13180 = CARTESIAN_POINT('',(44.460507540643,-7.374548368799,
    8.2893574948));
#13181 = CARTESIAN_POINT('',(44.461341596298,-7.354572529514,
    8.306756514842));
#13182 = CARTESIAN_POINT('',(44.463190559492,-7.309802917879,
    8.351343701326));
#13183 = CARTESIAN_POINT('',(44.464121079988,-7.286812198156,
    8.379452716192));
#13184 = CARTESIAN_POINT('',(44.46489064756,-7.267491163208,
    8.409124180809));
#13185 = CARTESIAN_POINT('',(44.465507380622,-7.251828366973,
    8.440120191301));
#13186 = CARTESIAN_POINT('',(44.465982753514,-7.239671413049,
    8.472185775052));
#13187 = CARTESIAN_POINT('',(44.466533879109,-7.225512317026,
    8.5246655767));
#13188 = CARTESIAN_POINT('',(44.466693566068,-7.221390358137,
    8.544552845412));
#13189 = CARTESIAN_POINT('',(44.46680970344,-7.218383884459,
    8.564690988954));
#13190 = CARTESIAN_POINT('',(44.466884796292,-7.21643741457,
    8.585038213388));
#13191 = CARTESIAN_POINT('',(44.46692124839,-7.215492550112,
    8.605558148632));
#13192 = CARTESIAN_POINT('',(44.46692124839,-7.215492550112,
    8.626220803125));
#13193 = PCURVE('',#11686,#13194);
#13194 = DEFINITIONAL_REPRESENTATION('',(#13195),#13228);
#13195 = B_SPLINE_CURVE_WITH_KNOTS('',6,(#13196,#13197,#13198,#13199,
    #13200,#13201,#13202,#13203,#13204,#13205,#13206,#13207,#13208,
    #13209,#13210,#13211,#13212,#13213,#13214,#13215,#13216,#13217,
    #13218,#13219,#13220,#13221,#13222,#13223,#13224,#13225,#13226,
    #13227),.UNSPECIFIED.,.F.,.F.,(7,5,5,5,5,5,7),(0.,0.366971512335,
    0.48813070838,0.554704176219,0.689399956267,0.884056431662,1.),
  .UNSPECIFIED.);
#13196 = CARTESIAN_POINT('',(1.,-0.300005424693));
#13197 = CARTESIAN_POINT('',(0.953346783178,-0.299955933614));
#13198 = CARTESIAN_POINT('',(0.904589977348,-0.300177914115));
#13199 = CARTESIAN_POINT('',(0.853381348047,-0.300660269808));
#13200 = CARTESIAN_POINT('',(0.799428474877,-0.301389261295));
#13201 = CARTESIAN_POINT('',(0.742489081541,-0.302331044372));
#13202 = CARTESIAN_POINT('',(0.662550832738,-0.303784977861));
#13203 = CARTESIAN_POINT('',(0.642373072917,-0.304162204467));
#13204 = CARTESIAN_POINT('',(0.621858963049,-0.304553454787));
#13205 = CARTESIAN_POINT('',(0.601014129598,-0.304955954893));
#13206 = CARTESIAN_POINT('',(0.57985141525,-0.305366509221));
#13207 = CARTESIAN_POINT('',(0.546601232452,-0.306009574404));
#13208 = CARTESIAN_POINT('',(0.534720736071,-0.306238967135));
#13209 = CARTESIAN_POINT('',(0.522754564915,-0.306469108568));
#13210 = CARTESIAN_POINT('',(0.510707306836,-0.306699373347));
#13211 = CARTESIAN_POINT('',(0.498584444497,-0.306929112004));
#13212 = CARTESIAN_POINT('',(0.461724525841,-0.307620045876));
#13213 = CARTESIAN_POINT('',(0.436770526834,-0.308077590577));
#13214 = CARTESIAN_POINT('',(0.411588665535,-0.308524660968));
#13215 = CARTESIAN_POINT('',(0.386245801482,-0.308955551028));
#13216 = CARTESIAN_POINT('',(0.360818189808,-0.309364967026));
#13217 = CARTESIAN_POINT('',(0.298647971181,-0.310302818309));
#13218 = CARTESIAN_POINT('',(0.261892074466,-0.3108033852));
#13219 = CARTESIAN_POINT('',(0.225397685444,-0.311236456654));
#13220 = CARTESIAN_POINT('',(0.18937971665,-0.311594641538));
#13221 = CARTESIAN_POINT('',(0.154003321982,-0.311875961893));
#13222 = CARTESIAN_POINT('',(9.877684068846E-02,-0.312206145278));
#13223 = CARTESIAN_POINT('',(7.84278776216E-02,-0.312303021216));
#13224 = CARTESIAN_POINT('',(5.836589316971E-02,-0.312374014999));
#13225 = CARTESIAN_POINT('',(3.860377102594E-02,-0.312420075575));
#13226 = CARTESIAN_POINT('',(1.914801647127E-02,-0.312442434337));
#13227 = CARTESIAN_POINT('',(0.,-0.312442434337));
#13228 = ( GEOMETRIC_REPRESENTATION_CONTEXT(2) 
PARAMETRIC_REPRESENTATION_CONTEXT() REPRESENTATION_CONTEXT('2D SPACE',''
  ) );
#13229 = PCURVE('',#13230,#13235);
#13230 = CYLINDRICAL_SURFACE('',#13231,44.5);
#13231 = AXIS2_PLACEMENT_3D('',#13232,#13233,#13234);
#13232 = CARTESIAN_POINT('',(6.106226635438E-16,-5.5,16.0000001));
#13233 = DIRECTION('',(0.,1.224646799147E-16,1.));
#13234 = DIRECTION('',(1.110223024625E-16,-1.,1.224646799147E-16));
#13235 = DEFINITIONAL_REPRESENTATION('',(#13236),#13269);
#13236 = B_SPLINE_CURVE_WITH_KNOTS('',6,(#13237,#13238,#13239,#13240,
    #13241,#13242,#13243,#13244,#13245,#13246,#13247,#13248,#13249,
    #13250,#13251,#13252,#13253,#13254,#13255,#13256,#13257,#13258,
    #13259,#13260,#13261,#13262,#13263,#13264,#13265,#13266,#13267,
    #13268),.UNSPECIFIED.,.F.,.F.,(7,5,5,5,5,5,7),(0.,0.366971512335,
    0.48813070838,0.554704176219,0.689399956267,0.884056431662,1.),
  .UNSPECIFIED.);
#13237 = CARTESIAN_POINT('',(-4.775090880967,-7.913330078125));
#13238 = CARTESIAN_POINT('',(-4.772838486973,-7.913330078125));
#13239 = CARTESIAN_POINT('',(-4.770610628676,-7.910511758082));
#13240 = CARTESIAN_POINT('',(-4.768411826614,-7.90439783866));
#13241 = CARTESIAN_POINT('',(-4.76625703369,-7.894338132492));
#13242 = CARTESIAN_POINT('',(-4.764171786509,-7.879500106014));
#13243 = CARTESIAN_POINT('',(-4.761537973665,-7.852102797162));
#13244 = CARTESIAN_POINT('',(-4.760895959882,-7.844677436291));
#13245 = CARTESIAN_POINT('',(-4.760267112763,-7.836594708357));
#13246 = CARTESIAN_POINT('',(-4.759653120018,-7.827822967841));
#13247 = CARTESIAN_POINT('',(-4.759055845478,-7.818334424709));
#13248 = CARTESIAN_POINT('',(-4.758159340621,-7.802489399448));
#13249 = CARTESIAN_POINT('',(-4.757847066022,-7.796647878868));
#13250 = CARTESIAN_POINT('',(-4.757540767823,-7.790580302439));
#13251 = CARTESIAN_POINT('',(-4.75724078144,-7.784284127056));
#13252 = CARTESIAN_POINT('',(-4.756947443872,-7.777757740209));
#13253 = CARTESIAN_POINT('',(-4.756081731376,-7.757328690129));
#13254 = CARTESIAN_POINT('',(-4.755530900251,-7.742710350685));
#13255 = CARTESIAN_POINT('',(-4.755011504063,-7.727143491521));
#13256 = CARTESIAN_POINT('',(-4.754526124073,-7.710642605201));
#13257 = CARTESIAN_POINT('',(-4.754076837736,-7.693243585158));
#13258 = CARTESIAN_POINT('',(-4.753069921422,-7.648656398674));
#13259 = CARTESIAN_POINT('',(-4.752552853215,-7.620547383808));
#13260 = CARTESIAN_POINT('',(-4.752118328479,-7.590875919191));
#13261 = CARTESIAN_POINT('',(-4.751766082791,-7.559879908699));
#13262 = CARTESIAN_POINT('',(-4.751492684043,-7.527814324948));
#13263 = CARTESIAN_POINT('',(-4.751174261168,-7.4753345233));
#13264 = CARTESIAN_POINT('',(-4.751081563396,-7.455447254588));
#13265 = CARTESIAN_POINT('',(-4.751013951802,-7.435309111046));
#13266 = CARTESIAN_POINT('',(-4.750970178366,-7.414961886612));
#13267 = CARTESIAN_POINT('',(-4.750948929662,-7.394441951368));
#13268 = CARTESIAN_POINT('',(-4.750948929662,-7.373779296875));
#13269 = ( GEOMETRIC_REPRESENTATION_CONTEXT(2) 
PARAMETRIC_REPRESENTATION_CONTEXT() REPRESENTATION_CONTEXT('2D SPACE',''
  ) );
#13270 = ORIENTED_EDGE('',*,*,#13271,.F.);
#13271 = EDGE_CURVE('',#11671,#13157,#13272,.T.);
#13272 = SURFACE_CURVE('',#13273,(#13276,#13283),.PCURVE_S1.);
#13273 = B_SPLINE_CURVE_WITH_KNOTS('',1,(#13274,#13275),.UNSPECIFIED.,
  .F.,.F.,(2,2),(0.,0.6),.PIECEWISE_BEZIER_KNOTS.);
#13274 = CARTESIAN_POINT('',(44.711977274053,-8.307057363539,
    8.086670021875));
#13275 = CARTESIAN_POINT('',(44.113137855251,-8.269756552704,
    8.086670021875));
#13276 = PCURVE('',#11686,#13277);
#13277 = DEFINITIONAL_REPRESENTATION('',(#13278),#13282);
#13278 = B_SPLINE_CURVE_WITH_KNOTS('',2,(#13279,#13280,#13281),
  .UNSPECIFIED.,.F.,.F.,(3,3),(0.,0.6),.PIECEWISE_BEZIER_KNOTS.);
#13279 = CARTESIAN_POINT('',(1.,0.));
#13280 = CARTESIAN_POINT('',(1.,-0.3));
#13281 = CARTESIAN_POINT('',(1.,-0.6));
#13282 = ( GEOMETRIC_REPRESENTATION_CONTEXT(2) 
PARAMETRIC_REPRESENTATION_CONTEXT() REPRESENTATION_CONTEXT('2D SPACE',''
  ) );
#13283 = PCURVE('',#11716,#13284);
#13284 = DEFINITIONAL_REPRESENTATION('',(#13285),#13289);
#13285 = B_SPLINE_CURVE_WITH_KNOTS('',2,(#13286,#13287,#13288),
  .UNSPECIFIED.,.F.,.F.,(3,3),(0.,0.6),.PIECEWISE_BEZIER_KNOTS.);
#13286 = CARTESIAN_POINT('',(0.,0.));
#13287 = CARTESIAN_POINT('',(9.14750329299E-16,-0.3));
#13288 = CARTESIAN_POINT('',(0.,-0.6));
#13289 = ( GEOMETRIC_REPRESENTATION_CONTEXT(2) 
PARAMETRIC_REPRESENTATION_CONTEXT() REPRESENTATION_CONTEXT('2D SPACE',''
  ) );
#13290 = ADVANCED_FACE('',(#13291),#11716,.F.);
#13291 = FACE_BOUND('',#13292,.F.);
#13292 = EDGE_LOOP('',(#13293,#13294,#13295,#13363));
#13293 = ORIENTED_EDGE('',*,*,#11700,.F.);
#13294 = ORIENTED_EDGE('',*,*,#13271,.T.);
#13295 = ORIENTED_EDGE('',*,*,#13296,.F.);
#13296 = EDGE_CURVE('',#13297,#13157,#13299,.T.);
#13297 = VERTEX_POINT('',#13298);
#13298 = CARTESIAN_POINT('',(44.358120258858,-9.050657277276,
    8.228271584375));
#13299 = SURFACE_CURVE('',#13300,(#13319,#13341),.PCURVE_S1.);
#13300 = B_SPLINE_CURVE_WITH_KNOTS('',5,(#13301,#13302,#13303,#13304,
    #13305,#13306,#13307,#13308,#13309,#13310,#13311,#13312,#13313,
    #13314,#13315,#13316,#13317,#13318),.UNSPECIFIED.,.F.,.F.,(6,4,4,4,6
    ),(0.,0.238974879896,0.481308979601,0.734018540486,1.),
  .UNSPECIFIED.);
#13301 = CARTESIAN_POINT('',(44.358120258858,-9.050657277276,
    8.228271584375));
#13302 = CARTESIAN_POINT('',(44.360291499722,-9.023532112606,
    8.213794104258));
#13303 = CARTESIAN_POINT('',(44.362554627791,-8.994998531179,
    8.200297375589));
#13304 = CARTESIAN_POINT('',(44.364900379932,-8.965117336835,
    8.187786045336));
#13305 = CARTESIAN_POINT('',(44.367318937252,-8.933957446703,
    8.176254120488));
#13306 = CARTESIAN_POINT('',(44.372315787665,-8.868779436085,
    8.154967247265));
#13307 = CARTESIAN_POINT('',(44.374895918892,-8.834726614569,
    8.145239644419));
#13308 = CARTESIAN_POINT('',(44.377529699104,-8.799516015279,
    8.136485488167));
#13309 = CARTESIAN_POINT('',(44.380206541999,-8.763229192126,
    8.128678488048));
#13310 = CARTESIAN_POINT('',(44.385742557188,-8.687064063397,
    8.114602037902));
#13311 = CARTESIAN_POINT('',(44.388604647155,-8.647098276817,
    8.108412956727));
#13312 = CARTESIAN_POINT('',(44.391491517015,-8.606137055335,
    8.103184426937));
#13313 = CARTESIAN_POINT('',(44.394392873758,-8.56426398013,
    8.098877315197));
#13314 = CARTESIAN_POINT('',(44.400358613491,-8.476606269413,
    8.091841577826));
#13315 = CARTESIAN_POINT('',(44.403423564082,-8.430731525798,
    8.089208155828));
#13316 = CARTESIAN_POINT('',(44.406483520747,-8.384021843461,
    8.087500321589));
#13317 = CARTESIAN_POINT('',(44.409529072899,-8.336556911616,
    8.086670021875));
#13318 = CARTESIAN_POINT('',(44.412552150452,-8.288406620879,
    8.086670021875));
#13319 = PCURVE('',#11716,#13320);
#13320 = DEFINITIONAL_REPRESENTATION('',(#13321),#13340);
#13321 = B_SPLINE_CURVE_WITH_KNOTS('',5,(#13322,#13323,#13324,#13325,
    #13326,#13327,#13328,#13329,#13330,#13331,#13332,#13333,#13334,
    #13335,#13336,#13337,#13338,#13339),.UNSPECIFIED.,.F.,.F.,(6,4,4,4,6
    ),(0.,0.238974879896,0.481308979601,0.734018540486,1.),
  .UNSPECIFIED.);
#13322 = CARTESIAN_POINT('',(1.,-0.306944415998));
#13323 = CARTESIAN_POINT('',(0.948879518482,-0.306463692697));
#13324 = CARTESIAN_POINT('',(0.8979548,-0.305978818406));
#13325 = CARTESIAN_POINT('',(0.847294988155,-0.305495258288));
#13326 = CARTESIAN_POINT('',(0.796959894689,-0.305018527801));
#13327 = CARTESIAN_POINT('',(0.696337828516,-0.304083330546));
#13328 = CARTESIAN_POINT('',(0.646060937097,-0.303625186495));
#13329 = CARTESIAN_POINT('',(0.596221318628,-0.303185473982));
#13330 = CARTESIAN_POINT('',(0.54685811835,-0.302769688787));
#13331 = CARTESIAN_POINT('',(0.447050022968,-0.301979417022));
#13332 = CARTESIAN_POINT('',(0.396649446444,-0.301607456943));
#13333 = CARTESIAN_POINT('',(0.346829404611,-0.301272649118));
#13334 = CARTESIAN_POINT('',(0.297609937449,-0.30098007057));
#13335 = CARTESIAN_POINT('',(0.197837114823,-0.300475376523));
#13336 = CARTESIAN_POINT('',(0.147349985947,-0.300268296361));
#13337 = CARTESIAN_POINT('',(9.754857132374E-02,-0.300118106951));
#13338 = CARTESIAN_POINT('',(4.843428871384E-02,-0.300029246557));
#13339 = CARTESIAN_POINT('',(0.,-0.300005424693));
#13340 = ( GEOMETRIC_REPRESENTATION_CONTEXT(2) 
PARAMETRIC_REPRESENTATION_CONTEXT() REPRESENTATION_CONTEXT('2D SPACE',''
  ) );
#13341 = PCURVE('',#13230,#13342);
#13342 = DEFINITIONAL_REPRESENTATION('',(#13343),#13362);
#13343 = B_SPLINE_CURVE_WITH_KNOTS('',5,(#13344,#13345,#13346,#13347,
    #13348,#13349,#13350,#13351,#13352,#13353,#13354,#13355,#13356,
    #13357,#13358,#13359,#13360,#13361),.UNSPECIFIED.,.F.,.F.,(6,4,4,4,6
    ),(0.,0.238974879896,0.481308979601,0.734018540486,1.),
  .UNSPECIFIED.);
#13344 = CARTESIAN_POINT('',(-4.792263938293,-7.771728515625));
#13345 = CARTESIAN_POINT('',(-4.791652434368,-7.786205995742));
#13346 = CARTESIAN_POINT('',(-4.791009216777,-7.799702724411));
#13347 = CARTESIAN_POINT('',(-4.790335663688,-7.812214054664));
#13348 = CARTESIAN_POINT('',(-4.789633335673,-7.823745979513));
#13349 = CARTESIAN_POINT('',(-4.788164363292,-7.845032852735));
#13350 = CARTESIAN_POINT('',(-4.787396938249,-7.854760455581));
#13351 = CARTESIAN_POINT('',(-4.786603478853,-7.863514611833));
#13352 = CARTESIAN_POINT('',(-4.78578582937,-7.871321611952));
#13353 = CARTESIAN_POINT('',(-4.784069738255,-7.885398062098));
#13354 = CARTESIAN_POINT('',(-4.783169331182,-7.891587143273));
#13355 = CARTESIAN_POINT('',(-4.78224657186,-7.896815673063));
#13356 = CARTESIAN_POINT('',(-4.781303348499,-7.901122784803));
#13357 = CARTESIAN_POINT('',(-4.779328955645,-7.908158522174));
#13358 = CARTESIAN_POINT('',(-4.77829576507,-7.910791944172));
#13359 = CARTESIAN_POINT('',(-4.777243860565,-7.912499778411));
#13360 = CARTESIAN_POINT('',(-4.776175040476,-7.913330078125));
#13361 = CARTESIAN_POINT('',(-4.775090880967,-7.913330078125));
#13362 = ( GEOMETRIC_REPRESENTATION_CONTEXT(2) 
PARAMETRIC_REPRESENTATION_CONTEXT() REPRESENTATION_CONTEXT('2D SPACE',''
  ) );
#13363 = ORIENTED_EDGE('',*,*,#13364,.F.);
#13364 = EDGE_CURVE('',#11701,#13297,#13365,.T.);
#13365 = SURFACE_CURVE('',#13366,(#13369,#13376),.PCURVE_S1.);
#13366 = B_SPLINE_CURVE_WITH_KNOTS('',1,(#13367,#13368),.UNSPECIFIED.,
  .F.,.F.,(2,2),(0.,0.6),.PIECEWISE_BEZIER_KNOTS.);
#13367 = CARTESIAN_POINT('',(44.664470951659,-9.069739403273,
    8.228271584375));
#13368 = CARTESIAN_POINT('',(44.065631532857,-9.032438592438,
    8.228271584375));
#13369 = PCURVE('',#11716,#13370);
#13370 = DEFINITIONAL_REPRESENTATION('',(#13371),#13375);
#13371 = B_SPLINE_CURVE_WITH_KNOTS('',2,(#13372,#13373,#13374),
  .UNSPECIFIED.,.F.,.F.,(3,3),(0.,0.6),.PIECEWISE_BEZIER_KNOTS.);
#13372 = CARTESIAN_POINT('',(1.,0.));
#13373 = CARTESIAN_POINT('',(1.,-0.3));
#13374 = CARTESIAN_POINT('',(1.,-0.6));
#13375 = ( GEOMETRIC_REPRESENTATION_CONTEXT(2) 
PARAMETRIC_REPRESENTATION_CONTEXT() REPRESENTATION_CONTEXT('2D SPACE',''
  ) );
#13376 = PCURVE('',#11746,#13377);
#13377 = DEFINITIONAL_REPRESENTATION('',(#13378),#13382);
#13378 = B_SPLINE_CURVE_WITH_KNOTS('',2,(#13379,#13380,#13381),
  .UNSPECIFIED.,.F.,.F.,(3,3),(0.,0.6),.PIECEWISE_BEZIER_KNOTS.);
#13379 = CARTESIAN_POINT('',(0.,0.));
#13380 = CARTESIAN_POINT('',(-3.032184473565E-15,-0.3));
#13381 = CARTESIAN_POINT('',(3.124068851552E-15,-0.6));
#13382 = ( GEOMETRIC_REPRESENTATION_CONTEXT(2) 
PARAMETRIC_REPRESENTATION_CONTEXT() REPRESENTATION_CONTEXT('2D SPACE',''
  ) );
#13383 = ADVANCED_FACE('',(#13384),#11746,.F.);
#13384 = FACE_BOUND('',#13385,.F.);
#13385 = EDGE_LOOP('',(#13386,#13387,#13388,#13438));
#13386 = ORIENTED_EDGE('',*,*,#11730,.F.);
#13387 = ORIENTED_EDGE('',*,*,#13364,.T.);
#13388 = ORIENTED_EDGE('',*,*,#13389,.F.);
#13389 = EDGE_CURVE('',#13390,#13297,#13392,.T.);
#13390 = VERTEX_POINT('',#13391);
#13391 = CARTESIAN_POINT('',(44.336089140072,-9.315914014172,
    8.635986428125));
#13392 = SURFACE_CURVE('',#13393,(#13406,#13422),.PCURVE_S1.);
#13393 = B_SPLINE_CURVE_WITH_KNOTS('',6,(#13394,#13395,#13396,#13397,
    #13398,#13399,#13400,#13401,#13402,#13403,#13404,#13405),
  .UNSPECIFIED.,.F.,.F.,(7,5,7),(0.,0.652840739461,1.),.UNSPECIFIED.);
#13394 = CARTESIAN_POINT('',(44.336089140072,-9.315914014172,
    8.635986428125));
#13395 = CARTESIAN_POINT('',(44.336089140072,-9.315914014172,
    8.580530003729));
#13396 = CARTESIAN_POINT('',(44.336683931562,-9.309003501227,
    8.527121738127));
#13397 = CARTESIAN_POINT('',(44.337921473671,-9.294623801493,
    8.476219201861));
#13398 = CARTESIAN_POINT('',(44.339830071577,-9.272356507707,
    8.428277574717));
#13399 = CARTESIAN_POINT('',(44.342401011842,-9.242049141063,
    8.383701194772));
#13400 = CARTESIAN_POINT('',(44.347271463338,-9.183738101941,
    8.321020929097));
#13401 = CARTESIAN_POINT('',(44.349134715692,-9.161296770657,
    8.300290867058));
#13402 = CARTESIAN_POINT('',(44.351162715136,-9.136695013311,
    8.280632268839));
#13403 = CARTESIAN_POINT('',(44.353344969176,-9.109995614329,
    8.262070569146));
#13404 = CARTESIAN_POINT('',(44.355668848355,-9.081282582228,
    8.244617189975));
#13405 = CARTESIAN_POINT('',(44.358120258858,-9.050657277276,
    8.228271584375));
#13406 = PCURVE('',#11746,#13407);
#13407 = DEFINITIONAL_REPRESENTATION('',(#13408),#13421);
#13408 = B_SPLINE_CURVE_WITH_KNOTS('',6,(#13409,#13410,#13411,#13412,
    #13413,#13414,#13415,#13416,#13417,#13418,#13419,#13420),
  .UNSPECIFIED.,.F.,.F.,(7,5,7),(0.,0.652840739461,1.),.UNSPECIFIED.);
#13409 = CARTESIAN_POINT('',(1.,-0.312442434337));
#13410 = CARTESIAN_POINT('',(0.89580297508,-0.312442434337));
#13411 = CARTESIAN_POINT('',(0.789358322113,-0.312278406247));
#13412 = CARTESIAN_POINT('',(0.681032958683,-0.311937215352));
#13413 = CARTESIAN_POINT('',(0.571313456884,-0.311416622773));
#13414 = CARTESIAN_POINT('',(0.460826215806,-0.310734804399));
#13415 = CARTESIAN_POINT('',(0.291627014598,-0.30949885556));
#13416 = CARTESIAN_POINT('',(0.232885072244,-0.309034340387));
#13417 = CARTESIAN_POINT('',(0.174251702849,-0.308539706202));
#13418 = CARTESIAN_POINT('',(0.115830357254,-0.308021522018));
#13419 = CARTESIAN_POINT('',(5.77168970138E-02,-0.307487170221));
#13420 = CARTESIAN_POINT('',(0.,-0.306944415998));
#13421 = ( GEOMETRIC_REPRESENTATION_CONTEXT(2) 
PARAMETRIC_REPRESENTATION_CONTEXT() REPRESENTATION_CONTEXT('2D SPACE',''
  ) );
#13422 = PCURVE('',#13230,#13423);
#13423 = DEFINITIONAL_REPRESENTATION('',(#13424),#13437);
#13424 = B_SPLINE_CURVE_WITH_KNOTS('',6,(#13425,#13426,#13427,#13428,
    #13429,#13430,#13431,#13432,#13433,#13434,#13435,#13436),
  .UNSPECIFIED.,.F.,.F.,(7,5,7),(0.,0.652840739461,1.),.UNSPECIFIED.);
#13425 = CARTESIAN_POINT('',(-4.798245297118,-7.364013671875));
#13426 = CARTESIAN_POINT('',(-4.798245297118,-7.419470096271));
#13427 = CARTESIAN_POINT('',(-4.798089430542,-7.472878361873));
#13428 = CARTESIAN_POINT('',(-4.79776509674,-7.523780898139));
#13429 = CARTESIAN_POINT('',(-4.797262873399,-7.571722525283));
#13430 = CARTESIAN_POINT('',(-4.796579363498,-7.616298905228));
#13431 = CARTESIAN_POINT('',(-4.795264440156,-7.678979170903));
#13432 = CARTESIAN_POINT('',(-4.794758405403,-7.699709232942));
#13433 = CARTESIAN_POINT('',(-4.794203681898,-7.719367831161));
#13434 = CARTESIAN_POINT('',(-4.793601694893,-7.737929530854));
#13435 = CARTESIAN_POINT('',(-4.792954348635,-7.755382910025));
#13436 = CARTESIAN_POINT('',(-4.792263938293,-7.771728515625));
#13437 = ( GEOMETRIC_REPRESENTATION_CONTEXT(2) 
PARAMETRIC_REPRESENTATION_CONTEXT() REPRESENTATION_CONTEXT('2D SPACE',''
  ) );
#13438 = ORIENTED_EDGE('',*,*,#13439,.F.);
#13439 = EDGE_CURVE('',#11731,#13390,#13440,.T.);
#13440 = SURFACE_CURVE('',#13441,(#13444,#13451),.PCURVE_S1.);
#13441 = B_SPLINE_CURVE_WITH_KNOTS('',1,(#13442,#13443),.UNSPECIFIED.,
  .F.,.F.,(2,2),(0.,0.6),.PIECEWISE_BEZIER_KNOTS.);
#13442 = CARTESIAN_POINT('',(44.647927216385,-9.335337941072,
    8.635986428125));
#13443 = CARTESIAN_POINT('',(44.049087797583,-9.298037130237,
    8.635986428125));
#13444 = PCURVE('',#11746,#13445);
#13445 = DEFINITIONAL_REPRESENTATION('',(#13446),#13450);
#13446 = B_SPLINE_CURVE_WITH_KNOTS('',2,(#13447,#13448,#13449),
  .UNSPECIFIED.,.F.,.F.,(3,3),(0.,0.6),.PIECEWISE_BEZIER_KNOTS.);
#13447 = CARTESIAN_POINT('',(1.,0.));
#13448 = CARTESIAN_POINT('',(1.,-0.3));
#13449 = CARTESIAN_POINT('',(1.,-0.6));
#13450 = ( GEOMETRIC_REPRESENTATION_CONTEXT(2) 
PARAMETRIC_REPRESENTATION_CONTEXT() REPRESENTATION_CONTEXT('2D SPACE',''
  ) );
#13451 = PCURVE('',#11776,#13452);
#13452 = DEFINITIONAL_REPRESENTATION('',(#13453),#13457);
#13453 = B_SPLINE_CURVE_WITH_KNOTS('',2,(#13454,#13455,#13456),
  .UNSPECIFIED.,.F.,.F.,(3,3),(0.,0.6),.PIECEWISE_BEZIER_KNOTS.);
#13454 = CARTESIAN_POINT('',(0.,0.));
#13455 = CARTESIAN_POINT('',(0.,-0.3));
#13456 = CARTESIAN_POINT('',(0.,-0.6));
#13457 = ( GEOMETRIC_REPRESENTATION_CONTEXT(2) 
PARAMETRIC_REPRESENTATION_CONTEXT() REPRESENTATION_CONTEXT('2D SPACE',''
  ) );
#13458 = ADVANCED_FACE('',(#13459),#11776,.F.);
#13459 = FACE_BOUND('',#13460,.F.);
#13460 = EDGE_LOOP('',(#13461,#13462,#13463,#13513));
#13461 = ORIENTED_EDGE('',*,*,#11760,.F.);
#13462 = ORIENTED_EDGE('',*,*,#13439,.T.);
#13463 = ORIENTED_EDGE('',*,*,#13464,.F.);
#13464 = EDGE_CURVE('',#13465,#13390,#13467,.T.);
#13465 = VERTEX_POINT('',#13466);
#13466 = CARTESIAN_POINT('',(44.357925361651,-9.05309127524,
    9.077880959375));
#13467 = SURFACE_CURVE('',#13468,(#13481,#13497),.PCURVE_S1.);
#13468 = B_SPLINE_CURVE_WITH_KNOTS('',6,(#13469,#13470,#13471,#13472,
    #13473,#13474,#13475,#13476,#13477,#13478,#13479,#13480),
  .UNSPECIFIED.,.F.,.F.,(7,5,7),(0.,0.189797572933,1.),.UNSPECIFIED.);
#13469 = CARTESIAN_POINT('',(44.357925361651,-9.05309127524,
    9.077880959375));
#13470 = CARTESIAN_POINT('',(44.35656270929,-9.070103062168,
    9.068875173446));
#13471 = CARTESIAN_POINT('',(44.355241562031,-9.086498261311,
    9.059434858805));
#13472 = CARTESIAN_POINT('',(44.353964375989,-9.10225974399,
    9.049561544904));
#13473 = CARTESIAN_POINT('',(44.352733363982,-9.117372967372,
    9.03925874021));
#13474 = CARTESIAN_POINT('',(44.35155049553,-9.131825974464,
    9.028531932197));
#13475 = CARTESIAN_POINT('',(44.34558098467,-9.20444765997,
    8.969820196973));
#13476 = CARTESIAN_POINT('',(44.341650481815,-9.251115080511,
    8.914637951005));
#13477 = CARTESIAN_POINT('',(44.338769907907,-9.284761334025,
    8.852497361711));
#13478 = CARTESIAN_POINT('',(44.336944949976,-9.305972058645,
    8.784544341333));
#13479 = CARTESIAN_POINT('',(44.336089140072,-9.315914014172,
    8.712006635412));
#13480 = CARTESIAN_POINT('',(44.336089140072,-9.315914014172,
    8.635986428125));
#13481 = PCURVE('',#11776,#13482);
#13482 = DEFINITIONAL_REPRESENTATION('',(#13483),#13496);
#13483 = B_SPLINE_CURVE_WITH_KNOTS('',6,(#13484,#13485,#13486,#13487,
    #13488,#13489,#13490,#13491,#13492,#13493,#13494,#13495),
  .UNSPECIFIED.,.F.,.F.,(7,5,7),(0.,0.189797572933,1.),.UNSPECIFIED.);
#13484 = CARTESIAN_POINT('',(1.,-0.306987619385));
#13485 = CARTESIAN_POINT('',(0.967642369155,-0.307290046888));
#13486 = CARTESIAN_POINT('',(0.935200249919,-0.307589381613));
#13487 = CARTESIAN_POINT('',(0.902693841106,-0.307884237052));
#13488 = CARTESIAN_POINT('',(0.870143950228,-0.308173308766));
#13489 = CARTESIAN_POINT('',(0.837571993503,-0.308455374387));
#13490 = CARTESIAN_POINT('',(0.665957587935,-0.309898592154));
#13491 = CARTESIAN_POINT('',(0.52684401805,-0.310920271186));
#13492 = CARTESIAN_POINT('',(0.38962067043,-0.311703552299));
#13493 = CARTESIAN_POINT('',(0.255581619769,-0.312206351499));
#13494 = CARTESIAN_POINT('',(0.125555955262,-0.312442434337));
#13495 = CARTESIAN_POINT('',(0.,-0.312442434337));
#13496 = ( GEOMETRIC_REPRESENTATION_CONTEXT(2) 
PARAMETRIC_REPRESENTATION_CONTEXT() REPRESENTATION_CONTEXT('2D SPACE',''
  ) );
#13497 = PCURVE('',#13230,#13498);
#13498 = DEFINITIONAL_REPRESENTATION('',(#13499),#13512);
#13499 = B_SPLINE_CURVE_WITH_KNOTS('',6,(#13500,#13501,#13502,#13503,
    #13504,#13505,#13506,#13507,#13508,#13509,#13510,#13511),
  .UNSPECIFIED.,.F.,.F.,(7,5,7),(0.,0.189797572933,1.),.UNSPECIFIED.);
#13500 = CARTESIAN_POINT('',(-4.792318809945,-6.922119140625));
#13501 = CARTESIAN_POINT('',(-4.792702321725,-6.931124926554));
#13502 = CARTESIAN_POINT('',(-4.793071947368,-6.940565241195));
#13503 = CARTESIAN_POINT('',(-4.793427298879,-6.950438555096));
#13504 = CARTESIAN_POINT('',(-4.793768046593,-6.96074135979));
#13505 = CARTESIAN_POINT('',(-4.794093919173,-6.971468167803));
#13506 = CARTESIAN_POINT('',(-4.795731371301,-7.030179903028));
#13507 = CARTESIAN_POINT('',(-4.796783788235,-7.085362148995));
#13508 = CARTESIAN_POINT('',(-4.797542649668,-7.147502738289));
#13509 = CARTESIAN_POINT('',(-4.798021056186,-7.215455758667));
#13510 = CARTESIAN_POINT('',(-4.798245297118,-7.287993464588));
#13511 = CARTESIAN_POINT('',(-4.798245297118,-7.364013671875));
#13512 = ( GEOMETRIC_REPRESENTATION_CONTEXT(2) 
PARAMETRIC_REPRESENTATION_CONTEXT() REPRESENTATION_CONTEXT('2D SPACE',''
  ) );
#13513 = ORIENTED_EDGE('',*,*,#13514,.F.);
#13514 = EDGE_CURVE('',#11761,#13465,#13515,.T.);
#13515 = SURFACE_CURVE('',#13516,(#13519,#13526),.PCURVE_S1.);
#13516 = B_SPLINE_CURVE_WITH_KNOTS('',1,(#13517,#13518),.UNSPECIFIED.,
  .F.,.F.,(2,2),(0.,0.6),.PIECEWISE_BEZIER_KNOTS.);
#13517 = CARTESIAN_POINT('',(44.664319174271,-9.072176087106,
    9.077880959375));
#13518 = CARTESIAN_POINT('',(44.065479755469,-9.034875276271,
    9.077880959375));
#13519 = PCURVE('',#11776,#13520);
#13520 = DEFINITIONAL_REPRESENTATION('',(#13521),#13525);
#13521 = B_SPLINE_CURVE_WITH_KNOTS('',2,(#13522,#13523,#13524),
  .UNSPECIFIED.,.F.,.F.,(3,3),(0.,0.6),.PIECEWISE_BEZIER_KNOTS.);
#13522 = CARTESIAN_POINT('',(1.,0.));
#13523 = CARTESIAN_POINT('',(1.,-0.3));
#13524 = CARTESIAN_POINT('',(1.,-0.6));
#13525 = ( GEOMETRIC_REPRESENTATION_CONTEXT(2) 
PARAMETRIC_REPRESENTATION_CONTEXT() REPRESENTATION_CONTEXT('2D SPACE',''
  ) );
#13526 = PCURVE('',#11806,#13527);
#13527 = DEFINITIONAL_REPRESENTATION('',(#13528),#13532);
#13528 = B_SPLINE_CURVE_WITH_KNOTS('',2,(#13529,#13530,#13531),
  .UNSPECIFIED.,.F.,.F.,(3,3),(0.,0.6),.PIECEWISE_BEZIER_KNOTS.);
#13529 = CARTESIAN_POINT('',(0.,0.));
#13530 = CARTESIAN_POINT('',(0.,-0.3));
#13531 = CARTESIAN_POINT('',(0.,-0.6));
#13532 = ( GEOMETRIC_REPRESENTATION_CONTEXT(2) 
PARAMETRIC_REPRESENTATION_CONTEXT() REPRESENTATION_CONTEXT('2D SPACE',''
  ) );
#13533 = ADVANCED_FACE('',(#13534),#11806,.F.);
#13534 = FACE_BOUND('',#13535,.F.);
#13535 = EDGE_LOOP('',(#13536,#13537,#13538,#13606));
#13536 = ORIENTED_EDGE('',*,*,#11790,.F.);
#13537 = ORIENTED_EDGE('',*,*,#13514,.T.);
#13538 = ORIENTED_EDGE('',*,*,#13539,.F.);
#13539 = EDGE_CURVE('',#13540,#13465,#13542,.T.);
#13540 = VERTEX_POINT('',#13541);
#13541 = CARTESIAN_POINT('',(44.414982727601,-8.249419812783,
    9.217041115625));
#13542 = SURFACE_CURVE('',#13543,(#13562,#13584),.PCURVE_S1.);
#13543 = B_SPLINE_CURVE_WITH_KNOTS('',5,(#13544,#13545,#13546,#13547,
    #13548,#13549,#13550,#13551,#13552,#13553,#13554,#13555,#13556,
    #13557,#13558,#13559,#13560,#13561),.UNSPECIFIED.,.F.,.F.,(6,4,4,4,6
    ),(0.,0.271666731123,0.526703229395,0.768176015006,1.),
  .UNSPECIFIED.);
#13544 = CARTESIAN_POINT('',(44.414982727601,-8.249419812783,
    9.217041115625));
#13545 = CARTESIAN_POINT('',(44.411746916191,-8.30169211664,
    9.217041115625));
#13546 = CARTESIAN_POINT('',(44.408480359082,-8.353214303924,
    9.216229132674));
#13547 = CARTESIAN_POINT('',(44.405192598829,-8.403902414397,
    9.214550268479));
#13548 = CARTESIAN_POINT('',(44.401895211114,-8.453656115701,
    9.211945844657));
#13549 = CARTESIAN_POINT('',(44.395510006114,-8.548079934528,
    9.204980874191));
#13550 = CARTESIAN_POINT('',(44.392421763678,-8.592874288774,
    9.200737743797));
#13551 = CARTESIAN_POINT('',(44.389348351563,-8.636645508798,
    9.195572930661));
#13552 = CARTESIAN_POINT('',(44.386302961137,-8.679281470368,
    9.189433633812));
#13553 = CARTESIAN_POINT('',(44.380457364337,-8.759838515187,
    9.175488665989));
#13554 = CARTESIAN_POINT('',(44.377652747624,-8.797889545105,
    9.167789018316));
#13555 = CARTESIAN_POINT('',(44.374898980531,-8.834709574512,
    9.159130244227));
#13556 = CARTESIAN_POINT('',(44.372209932584,-8.870185423622,
    9.149474112542));
#13557 = CARTESIAN_POINT('',(44.367094122738,-8.936863690039,
    9.128538542373));
#13558 = CARTESIAN_POINT('',(44.364661152458,-8.968180496125,
    9.117339305882));
#13559 = CARTESIAN_POINT('',(44.36231364257,-8.998054080032,
    9.105171029326));
#13560 = CARTESIAN_POINT('',(44.360064452239,-9.026386185704,
    9.092018234935));
#13561 = CARTESIAN_POINT('',(44.357925361651,-9.05309127524,
    9.077880959375));
#13562 = PCURVE('',#11806,#13563);
#13563 = DEFINITIONAL_REPRESENTATION('',(#13564),#13583);
#13564 = B_SPLINE_CURVE_WITH_KNOTS('',5,(#13565,#13566,#13567,#13568,
    #13569,#13570,#13571,#13572,#13573,#13574,#13575,#13576,#13577,
    #13578,#13579,#13580,#13581,#13582),.UNSPECIFIED.,.F.,.F.,(6,4,4,4,6
    ),(0.,0.271666731123,0.526703229395,0.768176015006,1.),
  .UNSPECIFIED.);
#13565 = CARTESIAN_POINT('',(1.,-0.300003281604));
#13566 = CARTESIAN_POINT('',(0.951685320725,-0.299983168448));
#13567 = CARTESIAN_POINT('',(0.902561393918,-0.300040374779));
#13568 = CARTESIAN_POINT('',(0.852604782422,-0.300170596143));
#13569 = CARTESIAN_POINT('',(0.801800265684,-0.300368516714));
#13570 = CARTESIAN_POINT('',(0.701643774851,-0.300871229125));
#13571 = CARTESIAN_POINT('',(0.652394025162,-0.301168721744));
#13572 = CARTESIAN_POINT('',(0.60238661848,-0.301515018954));
#13573 = CARTESIAN_POINT('',(0.551628128231,-0.301903925447));
#13574 = CARTESIAN_POINT('',(0.451391842093,-0.302730143281));
#13575 = CARTESIAN_POINT('',(0.401989764186,-0.303163777902));
#13576 = CARTESIAN_POINT('',(0.351954400189,-0.303623190125));
#13577 = CARTESIAN_POINT('',(0.301320216228,-0.304101573413));
#13578 = CARTESIAN_POINT('',(0.201006528025,-0.305062232067));
#13579 = CARTESIAN_POINT('',(0.15136932191,-0.305543592482));
#13580 = CARTESIAN_POINT('',(0.101277924123,-0.306029380073));
#13581 = CARTESIAN_POINT('',(5.079498306534E-02,-0.306512868933));
#13582 = CARTESIAN_POINT('',(0.,-0.306987619385));
#13583 = ( GEOMETRIC_REPRESENTATION_CONTEXT(2) 
PARAMETRIC_REPRESENTATION_CONTEXT() REPRESENTATION_CONTEXT('2D SPACE',''
  ) );
#13584 = PCURVE('',#13230,#13585);
#13585 = DEFINITIONAL_REPRESENTATION('',(#13586),#13605);
#13586 = B_SPLINE_CURVE_WITH_KNOTS('',5,(#13587,#13588,#13589,#13590,
    #13591,#13592,#13593,#13594,#13595,#13596,#13597,#13598,#13599,
    #13600,#13601,#13602,#13603,#13604),.UNSPECIFIED.,.F.,.F.,(6,4,4,4,6
    ),(0.,0.271666731123,0.526703229395,0.768176015006,1.),
  .UNSPECIFIED.);
#13587 = CARTESIAN_POINT('',(-4.774213071948,-6.782958984375));
#13588 = CARTESIAN_POINT('',(-4.775389978943,-6.782958984375));
#13589 = CARTESIAN_POINT('',(-4.776550104265,-6.783770967326));
#13590 = CARTESIAN_POINT('',(-4.777691554972,-6.785449831521));
#13591 = CARTESIAN_POINT('',(-4.778812067377,-6.788054255343));
#13592 = CARTESIAN_POINT('',(-4.780938796935,-6.795019225809));
#13593 = CARTESIAN_POINT('',(-4.781947800197,-6.799262356203));
#13594 = CARTESIAN_POINT('',(-4.782933843859,-6.804427169339));
#13595 = CARTESIAN_POINT('',(-4.783894395736,-6.810566466188));
#13596 = CARTESIAN_POINT('',(-4.78570942626,-6.824511434011));
#13597 = CARTESIAN_POINT('',(-4.786566824571,-6.832211081684));
#13598 = CARTESIAN_POINT('',(-4.787396551228,-6.840869855773));
#13599 = CARTESIAN_POINT('',(-4.788196047907,-6.850525987458));
#13600 = CARTESIAN_POINT('',(-4.789698839607,-6.871461557627));
#13601 = CARTESIAN_POINT('',(-4.790404708302,-6.882660794118));
#13602 = CARTESIAN_POINT('',(-4.791078093994,-6.894829070674));
#13603 = CARTESIAN_POINT('',(-4.791716773458,-6.907981865065));
#13604 = CARTESIAN_POINT('',(-4.792318809945,-6.922119140625));
#13605 = ( GEOMETRIC_REPRESENTATION_CONTEXT(2) 
PARAMETRIC_REPRESENTATION_CONTEXT() REPRESENTATION_CONTEXT('2D SPACE',''
  ) );
#13606 = ORIENTED_EDGE('',*,*,#13607,.F.);
#13607 = EDGE_CURVE('',#11791,#13540,#13608,.T.);
#13608 = SURFACE_CURVE('',#13609,(#13612,#13619),.PCURVE_S1.);
#13609 = B_SPLINE_CURVE_WITH_KNOTS('',1,(#13610,#13611),.UNSPECIFIED.,
  .F.,.F.,(2,2),(0.,0.6),.PIECEWISE_BEZIER_KNOTS.);
#13610 = CARTESIAN_POINT('',(44.714405712258,-8.268070422211,
    9.217041115625));
#13611 = CARTESIAN_POINT('',(44.115566293456,-8.230769611376,
    9.217041115625));
#13612 = PCURVE('',#11806,#13613);
#13613 = DEFINITIONAL_REPRESENTATION('',(#13614),#13618);
#13614 = B_SPLINE_CURVE_WITH_KNOTS('',2,(#13615,#13616,#13617),
  .UNSPECIFIED.,.F.,.F.,(3,3),(0.,0.6),.PIECEWISE_BEZIER_KNOTS.);
#13615 = CARTESIAN_POINT('',(1.,0.));
#13616 = CARTESIAN_POINT('',(1.,-0.3));
#13617 = CARTESIAN_POINT('',(1.,-0.6));
#13618 = ( GEOMETRIC_REPRESENTATION_CONTEXT(2) 
PARAMETRIC_REPRESENTATION_CONTEXT() REPRESENTATION_CONTEXT('2D SPACE',''
  ) );
#13619 = PCURVE('',#11836,#13620);
#13620 = DEFINITIONAL_REPRESENTATION('',(#13621),#13625);
#13621 = B_SPLINE_CURVE_WITH_KNOTS('',2,(#13622,#13623,#13624),
  .UNSPECIFIED.,.F.,.F.,(3,3),(0.,0.6),.PIECEWISE_BEZIER_KNOTS.);
#13622 = CARTESIAN_POINT('',(0.,0.));
#13623 = CARTESIAN_POINT('',(-2.731672814701E-15,-0.3));
#13624 = CARTESIAN_POINT('',(-2.501172595148E-15,-0.6));
#13625 = ( GEOMETRIC_REPRESENTATION_CONTEXT(2) 
PARAMETRIC_REPRESENTATION_CONTEXT() REPRESENTATION_CONTEXT('2D SPACE',''
  ) );
#13626 = ADVANCED_FACE('',(#13627),#11836,.F.);
#13627 = FACE_BOUND('',#13628,.F.);
#13628 = EDGE_LOOP('',(#13629,#13630,#13631,#13699));
#13629 = ORIENTED_EDGE('',*,*,#11820,.F.);
#13630 = ORIENTED_EDGE('',*,*,#13607,.T.);
#13631 = ORIENTED_EDGE('',*,*,#13632,.F.);
#13632 = EDGE_CURVE('',#13633,#13540,#13635,.T.);
#13633 = VERTEX_POINT('',#13634);
#13634 = CARTESIAN_POINT('',(44.456514835827,-7.466796545638,
    9.077880959375));
#13635 = SURFACE_CURVE('',#13636,(#13655,#13677),.PCURVE_S1.);
#13636 = B_SPLINE_CURVE_WITH_KNOTS('',5,(#13637,#13638,#13639,#13640,
    #13641,#13642,#13643,#13644,#13645,#13646,#13647,#13648,#13649,
    #13650,#13651,#13652,#13653,#13654),.UNSPECIFIED.,.F.,.F.,(6,4,4,4,6
    ),(0.,0.232766224854,0.474225739889,0.729227887985,1.),
  .UNSPECIFIED.);
#13637 = CARTESIAN_POINT('',(44.456514835827,-7.466796545638,
    9.077880959375));
#13638 = CARTESIAN_POINT('',(44.455382352308,-7.492394653606,
    9.092058462986));
#13639 = CARTESIAN_POINT('',(44.454157478437,-7.519663854228,
    9.105251463059));
#13640 = CARTESIAN_POINT('',(44.452839135346,-7.548519431229,
    9.117457343655));
#13641 = CARTESIAN_POINT('',(44.451426768802,-7.578861960312,
    9.128689851893));
#13642 = CARTESIAN_POINT('',(44.448357618615,-7.643499615637,
    9.149638424533));
#13643 = CARTESIAN_POINT('',(44.446693660492,-7.67790039018,
    9.159282291808));
#13644 = CARTESIAN_POINT('',(44.44492833572,-7.713676385414,
    9.167929936835));
#13645 = CARTESIAN_POINT('',(44.443061979653,-7.75071190715,
    9.175618829908));
#13646 = CARTESIAN_POINT('',(44.439017952661,-7.829230396589,
    9.189541143076));
#13647 = CARTESIAN_POINT('',(44.436828702655,-7.870846096142,
    9.195668708495));
#13648 = CARTESIAN_POINT('',(44.43452795174,-7.913622153243,
    9.20082155516));
#13649 = CARTESIAN_POINT('',(44.432116592179,-7.957442874281,
    9.20505256486));
#13650 = CARTESIAN_POINT('',(44.426918381093,-8.049743092651,
    9.211981351055));
#13651 = CARTESIAN_POINT('',(44.424117548873,-8.09834253805,
    9.214567942515));
#13652 = CARTESIAN_POINT('',(44.421193988964,-8.147887596235,
    9.216235018004));
#13653 = CARTESIAN_POINT('',(44.418148718062,-8.198275418241,
    9.217041115625));
#13654 = CARTESIAN_POINT('',(44.414982727601,-8.249419812783,
    9.217041115625));
#13655 = PCURVE('',#11836,#13656);
#13656 = DEFINITIONAL_REPRESENTATION('',(#13657),#13676);
#13657 = B_SPLINE_CURVE_WITH_KNOTS('',5,(#13658,#13659,#13660,#13661,
    #13662,#13663,#13664,#13665,#13666,#13667,#13668,#13669,#13670,
    #13671,#13672,#13673,#13674,#13675),.UNSPECIFIED.,.F.,.F.,(6,4,4,4,6
    ),(0.,0.232766224854,0.474225739889,0.729227887985,1.),
  .UNSPECIFIED.);
#13658 = CARTESIAN_POINT('',(1.,-0.307205646423));
#13659 = CARTESIAN_POINT('',(0.949060478255,-0.306744555738));
#13660 = CARTESIAN_POINT('',(0.898414698976,-0.306271788176));
#13661 = CARTESIAN_POINT('',(0.848146990076,-0.305793687162));
#13662 = CARTESIAN_POINT('',(0.798324486598,-0.305316986867));
#13663 = CARTESIAN_POINT('',(0.697833360075,-0.304361805467));
#13664 = CARTESIAN_POINT('',(0.647202099785,-0.303883917019));
#13665 = CARTESIAN_POINT('',(0.597163688257,-0.303421704403));
#13666 = CARTESIAN_POINT('',(0.547755603222,-0.302982025389));
#13667 = CARTESIAN_POINT('',(0.447509857259,-0.302136891142));
#13668 = CARTESIAN_POINT('',(0.396747701302,-0.301734740915));
#13669 = CARTESIAN_POINT('',(0.346738507555,-0.301371738794));
#13670 = CARTESIAN_POINT('',(0.297490575087,-0.30105418668));
#13671 = CARTESIAN_POINT('',(0.19751062116,-0.300504221214));
#13672 = CARTESIAN_POINT('',(0.14687605395,-0.300278304579));
#13673 = CARTESIAN_POINT('',(9.709051461703E-02,-0.300116091368));
#13674 = CARTESIAN_POINT('',(4.813954507279E-02,-0.300022960768));
#13675 = CARTESIAN_POINT('',(0.,-0.300003281604));
#13676 = ( GEOMETRIC_REPRESENTATION_CONTEXT(2) 
PARAMETRIC_REPRESENTATION_CONTEXT() REPRESENTATION_CONTEXT('2D SPACE',''
  ) );
#13677 = PCURVE('',#13230,#13678);
#13678 = DEFINITIONAL_REPRESENTATION('',(#13679),#13698);
#13679 = B_SPLINE_CURVE_WITH_KNOTS('',5,(#13680,#13681,#13682,#13683,
    #13684,#13685,#13686,#13687,#13688,#13689,#13690,#13691,#13692,
    #13693,#13694,#13695,#13696,#13697),.UNSPECIFIED.,.F.,.F.,(6,4,4,4,6
    ),(0.,0.232766224854,0.474225739889,0.729227887985,1.),
  .UNSPECIFIED.);
#13680 = CARTESIAN_POINT('',(-4.756601057775,-6.922119140625));
#13681 = CARTESIAN_POINT('',(-4.757176858826,-6.907941637014));
#13682 = CARTESIAN_POINT('',(-4.757790267588,-6.894748636941));
#13683 = CARTESIAN_POINT('',(-4.758439383651,-6.882542756345));
#13684 = CARTESIAN_POINT('',(-4.759121976214,-6.871310248107));
#13685 = CARTESIAN_POINT('',(-4.760576144295,-6.850361675467));
#13686 = CARTESIAN_POINT('',(-4.761350098906,-6.840717808192));
#13687 = CARTESIAN_POINT('',(-4.762155031456,-6.832070163165));
#13688 = CARTESIAN_POINT('',(-4.76298834596,-6.824381270092));
#13689 = CARTESIAN_POINT('',(-4.764755145118,-6.810458956924));
#13690 = CARTESIAN_POINT('',(-4.765691621945,-6.804331391505));
#13691 = CARTESIAN_POINT('',(-4.766654270143,-6.79917854484));
#13692 = CARTESIAN_POINT('',(-4.767640494424,-6.79494753514));
#13693 = CARTESIAN_POINT('',(-4.769717943418,-6.788018748945));
#13694 = CARTESIAN_POINT('',(-4.770811876983,-6.785432157485));
#13695 = CARTESIAN_POINT('',(-4.771927184316,-6.783765081996));
#13696 = CARTESIAN_POINT('',(-4.773061559747,-6.782958984375));
#13697 = CARTESIAN_POINT('',(-4.774213071948,-6.782958984375));
#13698 = ( GEOMETRIC_REPRESENTATION_CONTEXT(2) 
PARAMETRIC_REPRESENTATION_CONTEXT() REPRESENTATION_CONTEXT('2D SPACE',''
  ) );
#13699 = ORIENTED_EDGE('',*,*,#13700,.F.);
#13700 = EDGE_CURVE('',#11821,#13633,#13701,.T.);
#13701 = SURFACE_CURVE('',#13702,(#13705,#13712),.PCURVE_S1.);
#13702 = B_SPLINE_CURVE_WITH_KNOTS('',1,(#13703,#13704),.UNSPECIFIED.,
  .F.,.F.,(2,2),(0.,0.6),.PIECEWISE_BEZIER_KNOTS.);
#13703 = CARTESIAN_POINT('',(44.763126253755,-7.485894911813,
    9.077880959375));
#13704 = CARTESIAN_POINT('',(44.164286834953,-7.448594100978,
    9.077880959375));
#13705 = PCURVE('',#11836,#13706);
#13706 = DEFINITIONAL_REPRESENTATION('',(#13707),#13711);
#13707 = B_SPLINE_CURVE_WITH_KNOTS('',2,(#13708,#13709,#13710),
  .UNSPECIFIED.,.F.,.F.,(3,3),(0.,0.6),.PIECEWISE_BEZIER_KNOTS.);
#13708 = CARTESIAN_POINT('',(1.,0.));
#13709 = CARTESIAN_POINT('',(1.,-0.3));
#13710 = CARTESIAN_POINT('',(1.,-0.6));
#13711 = ( GEOMETRIC_REPRESENTATION_CONTEXT(2) 
PARAMETRIC_REPRESENTATION_CONTEXT() REPRESENTATION_CONTEXT('2D SPACE',''
  ) );
#13712 = PCURVE('',#11864,#13713);
#13713 = DEFINITIONAL_REPRESENTATION('',(#13714),#13718);
#13714 = B_SPLINE_CURVE_WITH_KNOTS('',2,(#13715,#13716,#13717),
  .UNSPECIFIED.,.F.,.F.,(3,3),(0.,0.6),.PIECEWISE_BEZIER_KNOTS.);
#13715 = CARTESIAN_POINT('',(1.5789936718E-15,1.418336663055E-14));
#13716 = CARTESIAN_POINT('',(2.470009625516E-15,-0.3));
#13717 = CARTESIAN_POINT('',(-1.779628374497E-16,-0.6));
#13718 = ( GEOMETRIC_REPRESENTATION_CONTEXT(2) 
PARAMETRIC_REPRESENTATION_CONTEXT() REPRESENTATION_CONTEXT('2D SPACE',''
  ) );
#13719 = ADVANCED_FACE('',(#13720),#11864,.F.);
#13720 = FACE_BOUND('',#13721,.F.);
#13721 = EDGE_LOOP('',(#13722,#13723,#13724,#13772));
#13722 = ORIENTED_EDGE('',*,*,#11850,.F.);
#13723 = ORIENTED_EDGE('',*,*,#13700,.T.);
#13724 = ORIENTED_EDGE('',*,*,#13725,.F.);
#13725 = EDGE_CURVE('',#13135,#13633,#13726,.T.);
#13726 = SURFACE_CURVE('',#13727,(#13740,#13756),.PCURVE_S1.);
#13727 = B_SPLINE_CURVE_WITH_KNOTS('',6,(#13728,#13729,#13730,#13731,
    #13732,#13733,#13734,#13735,#13736,#13737,#13738,#13739),
  .UNSPECIFIED.,.F.,.F.,(7,5,7),(0.,0.882060575015,1.),.UNSPECIFIED.);
#13728 = CARTESIAN_POINT('',(44.46692124839,-7.215492550112,
    8.626220803125));
#13729 = CARTESIAN_POINT('',(44.46692124839,-7.215492550112,
    8.71077434508));
#13730 = CARTESIAN_POINT('',(44.466495541178,-7.226533046487,
    8.791183682785));
#13731 = CARTESIAN_POINT('',(44.46557704531,-7.25031359798,
    8.866013669785));
#13732 = CARTESIAN_POINT('',(44.464089204103,-7.288415715527,
    8.933581980026));
#13733 = CARTESIAN_POINT('',(44.46192264218,-7.341732079801,
    8.992263858833));
#13734 = CARTESIAN_POINT('',(44.458644782785,-7.418068111967,
    9.047775506468));
#13735 = CARTESIAN_POINT('',(44.458245217074,-7.427322316452,
    9.054149211217));
#13736 = CARTESIAN_POINT('',(44.457832547379,-7.43682528658,
    9.060347869043));
#13737 = CARTESIAN_POINT('',(44.457406659418,-7.446574202306,
    9.066370059884));
#13738 = CARTESIAN_POINT('',(44.456967451762,-7.456565834638,
    9.07221468348));
#13739 = CARTESIAN_POINT('',(44.456514835827,-7.466796545638,
    9.077880959375));
#13740 = PCURVE('',#11864,#13741);
#13741 = DEFINITIONAL_REPRESENTATION('',(#13742),#13755);
#13742 = B_SPLINE_CURVE_WITH_KNOTS('',6,(#13743,#13744,#13745,#13746,
    #13747,#13748,#13749,#13750,#13751,#13752,#13753,#13754),
  .UNSPECIFIED.,.F.,.F.,(7,5,7),(0.,0.882060575015,1.),.UNSPECIFIED.);
#13743 = CARTESIAN_POINT('',(1.,-0.312442434337));
#13744 = CARTESIAN_POINT('',(0.864714332872,-0.312442434337));
#13745 = CARTESIAN_POINT('',(0.723877054172,-0.312180952325));
#13746 = CARTESIAN_POINT('',(0.577908959722,-0.31161928179));
#13747 = CARTESIAN_POINT('',(0.427755627599,-0.310735511931));
#13748 = CARTESIAN_POINT('',(0.275026521498,-0.309583310372));
#13749 = CARTESIAN_POINT('',(0.10195401529,-0.308109169571));
#13750 = CARTESIAN_POINT('',(8.154185479359E-02,-0.307932646849));
#13751 = CARTESIAN_POINT('',(6.113503482488E-02,-0.307753737498));
#13752 = CARTESIAN_POINT('',(4.073892389865E-02,-0.307572730893));
#13753 = CARTESIAN_POINT('',(2.035882988312E-02,-0.30738992901));
#13754 = CARTESIAN_POINT('',(0.,-0.307205646423));
#13755 = ( GEOMETRIC_REPRESENTATION_CONTEXT(2) 
PARAMETRIC_REPRESENTATION_CONTEXT() REPRESENTATION_CONTEXT('2D SPACE',''
  ) );
#13756 = PCURVE('',#13230,#13757);
#13757 = DEFINITIONAL_REPRESENTATION('',(#13758),#13771);
#13758 = B_SPLINE_CURVE_WITH_KNOTS('',6,(#13759,#13760,#13761,#13762,
    #13763,#13764,#13765,#13766,#13767,#13768,#13769,#13770),
  .UNSPECIFIED.,.F.,.F.,(7,5,7),(0.,0.882060575015,1.),.UNSPECIFIED.);
#13759 = CARTESIAN_POINT('',(-4.750948929662,-7.373779296875));
#13760 = CARTESIAN_POINT('',(-4.750948929662,-7.28922575492));
#13761 = CARTESIAN_POINT('',(-4.751197215057,-7.208816417215));
#13762 = CARTESIAN_POINT('',(-4.751732007965,-7.133986430215));
#13763 = CARTESIAN_POINT('',(-4.752588887816,-7.066418119974));
#13764 = CARTESIAN_POINT('',(-4.753787993977,-7.007736241167));
#13765 = CARTESIAN_POINT('',(-4.755504991172,-6.952224593532));
#13766 = CARTESIAN_POINT('',(-4.755713144569,-6.945850888783));
#13767 = CARTESIAN_POINT('',(-4.755926895706,-6.939652230957));
#13768 = CARTESIAN_POINT('',(-4.7561461814,-6.933630040116));
#13769 = CARTESIAN_POINT('',(-4.756370929277,-6.92778541652));
#13770 = CARTESIAN_POINT('',(-4.756601057775,-6.922119140625));
#13771 = ( GEOMETRIC_REPRESENTATION_CONTEXT(2) 
PARAMETRIC_REPRESENTATION_CONTEXT() REPRESENTATION_CONTEXT('2D SPACE',''
  ) );
#13772 = ORIENTED_EDGE('',*,*,#13134,.F.);
#13773 = ADVANCED_FACE('',(#13774),#11938,.F.);
#13774 = FACE_BOUND('',#13775,.T.);
#13775 = EDGE_LOOP('',(#13776,#13777,#13778,#13779,#13780,#13781,#13782,
    #13783));
#13776 = ORIENTED_EDGE('',*,*,#11904,.F.);
#13777 = ORIENTED_EDGE('',*,*,#11984,.F.);
#13778 = ORIENTED_EDGE('',*,*,#12065,.F.);
#13779 = ORIENTED_EDGE('',*,*,#12155,.F.);
#13780 = ORIENTED_EDGE('',*,*,#12230,.F.);
#13781 = ORIENTED_EDGE('',*,*,#12305,.F.);
#13782 = ORIENTED_EDGE('',*,*,#12395,.F.);
#13783 = ORIENTED_EDGE('',*,*,#12476,.F.);
#13784 = ADVANCED_FACE('',(#13785),#12579,.F.);
#13785 = FACE_BOUND('',#13786,.T.);
#13786 = EDGE_LOOP('',(#13787,#13788,#13789,#13790,#13791,#13792));
#13787 = ORIENTED_EDGE('',*,*,#12545,.F.);
#13788 = ORIENTED_EDGE('',*,*,#12625,.F.);
#13789 = ORIENTED_EDGE('',*,*,#12718,.F.);
#13790 = ORIENTED_EDGE('',*,*,#12853,.F.);
#13791 = ORIENTED_EDGE('',*,*,#12988,.F.);
#13792 = ORIENTED_EDGE('',*,*,#13081,.F.);
#13793 = ADVANCED_FACE('',(#13794),#13230,.F.);
#13794 = FACE_BOUND('',#13795,.T.);
#13795 = EDGE_LOOP('',(#13796,#13797,#13798,#13799,#13800,#13801,#13802)
  );
#13796 = ORIENTED_EDGE('',*,*,#13156,.F.);
#13797 = ORIENTED_EDGE('',*,*,#13296,.F.);
#13798 = ORIENTED_EDGE('',*,*,#13389,.F.);
#13799 = ORIENTED_EDGE('',*,*,#13464,.F.);
#13800 = ORIENTED_EDGE('',*,*,#13539,.F.);
#13801 = ORIENTED_EDGE('',*,*,#13632,.F.);
#13802 = ORIENTED_EDGE('',*,*,#13725,.F.);
#13803 = ( GEOMETRIC_REPRESENTATION_CONTEXT(3) 
GLOBAL_UNCERTAINTY_ASSIGNED_CONTEXT((#13807)) 
GLOBAL_UNIT_ASSIGNED_CONTEXT((#13804,#13805,#13806)) 
REPRESENTATION_CONTEXT('Context #1',
  '3D Context with UNIT and UNCERTAINTY') );
#13804 = ( LENGTH_UNIT() NAMED_UNIT(*) SI_UNIT(.MILLI.,.METRE.) );
#13805 = ( NAMED_UNIT(*) PLANE_ANGLE_UNIT() SI_UNIT($,.RADIAN.) );
#13806 = ( NAMED_UNIT(*) SI_UNIT($,.STERADIAN.) SOLID_ANGLE_UNIT() );
#13807 = UNCERTAINTY_MEASURE_WITH_UNIT(LENGTH_MEASURE(5.E-06),#13804,
  'distance_accuracy_value','confusion accuracy');
#13808 = PRODUCT_RELATED_PRODUCT_CATEGORY('part',$,(#7));
ENDSEC;
END-ISO-10303-21;
